"id","date","type","seller","description","price","quantity","currency","created_at","updated_at","company_expense","tax","expense_category_id","paid_by_others"
"1","2022-03-28","Market","Coop","Market alışverişi.","19.99","1.00","£",NULL,NULL,NULL,NULL,"1",NULL
"2","2022-03-28","Fuel","BP","6750.7 miles.","1.68","23.17","£",NULL,NULL,NULL,NULL,"2",NULL
"3","2022-05-03","Meal","Ford","Öğle yemeği.","4.75","1.00","£","2022-05-03 12:53:16","2022-05-03 12:53:16",NULL,NULL,"3",NULL
"4","2022-05-02","Meal","BP","Magnum dondurma.","2.50","1.00","£","2022-05-03 12:55:18","2022-05-03 12:55:18",NULL,NULL,"3",NULL
"5","2022-05-02","Fuel","BP","10204.4 miles","1.64","40.71","£","2022-05-03 13:02:00","2022-05-03 13:02:00",NULL,NULL,"2",NULL
"6","2022-05-02","Collection","Sainsbury's","Pokemon TCG V-Deck","15.00","2.00","£","2022-05-03 13:05:35","2022-05-03 13:05:35",NULL,NULL,"4",NULL
"7","2022-05-02","Collection","Sainsbury's","Pokemon TCG Sleeved Booster","4.00","2.00","£","2022-05-03 13:06:30","2022-05-03 13:06:30",NULL,NULL,"4",NULL
"8","2022-05-03","Meal","Kervan","Akşam yemeği.","32.12","1.00","£","2022-05-03 20:12:58","2022-05-03 20:12:58",NULL,NULL,"3",NULL
"9","2022-05-04","Parking","Stratford Centre Carpark","Otel otopark ücreti","7.00","1.00","£","2022-05-04 09:37:04","2022-05-04 09:37:04",NULL,NULL,"5",NULL
"10","2022-05-01","Parking","Stratford Centre Carpark","Otel otopark ücreti","34.60","1.00","£","2022-05-04 09:37:39","2022-05-04 09:37:39",NULL,NULL,"5",NULL
"11","2022-05-04","Meal","Ford","Öğle yemeği.","4.80","1.00","£","2022-05-04 13:02:52","2022-05-04 13:02:52",NULL,NULL,"3",NULL
"12","2022-05-04","Meal","Wagamama","Ayşe ile akşam yemeği","31.95","1.00","£","2022-05-04 20:04:02","2022-05-04 20:04:02",NULL,NULL,"3",NULL
"13","2022-05-04","Meal","Desert","Ayşe ile dondurmalı profiterol","6.87","1.00","£","2022-05-04 20:34:15","2022-05-04 20:34:15",NULL,NULL,"3",NULL
"14","2022-05-05","Transportation","AnyVAN","Kalan eşyaların nakliyesi.","128.00","1.00","£","2022-05-05 09:25:59","2022-05-05 09:25:59",NULL,NULL,"6",NULL
"15","2022-05-05","Meal","Ford","Kahve","1.45","1.00","£","2022-05-05 09:26:34","2022-05-05 09:26:34",NULL,NULL,"3",NULL
"16","2022-05-05","Benefaction","Sena Öztürk","Burs","500.00","1.00","₺","2022-05-05 09:37:20","2022-05-05 09:37:20",NULL,NULL,"7",NULL
"17","2022-05-05","Meal","Ford","Öğle yemeği","5.09","1.00","£","2022-05-05 10:08:48","2022-05-05 10:08:48",NULL,NULL,"3",NULL
"18","2022-05-05","Savings","Mahir Endüstri","Kendi şirketim için altın birikim.","749.97","1.00","₺","2022-05-05 11:10:59","2022-05-05 11:10:59",NULL,NULL,"8",NULL
"19","2022-05-05","Savings","Birikim","Birikim için altın alışı.","2505.97","1.00","₺","2022-05-05 11:11:31","2022-05-05 11:11:31",NULL,NULL,"8",NULL
"20","2022-05-05","Parking","Stratford Centre Carpark","Otel otopark ücreti","7.00","1.00","£","2022-05-05 15:49:39","2022-05-05 15:49:39",NULL,NULL,"5",NULL
"21","2022-05-05","Meal","Pizzeria","Ekiple akşam yemeği.","29.50","1.00","£","2022-05-05 18:02:09","2022-05-05 18:02:09",NULL,NULL,"3",NULL
"22","2022-05-05","Meal","Tavuk Döner","Ayşe street food","6.50","1.00","£","2022-05-05 19:36:19","2022-05-05 19:36:19",NULL,NULL,"3",NULL
"23","2022-05-05","Meal","Milroy's","Viski ve elma prosekosu","17.00","1.00","£","2022-05-05 19:37:14","2022-05-05 19:37:14",NULL,NULL,"3",NULL
"24","2022-05-05","Collection","Amazon","Sweet November filmi satın aldım.","7.99","1.00","£","2022-05-06 05:37:41","2022-05-06 05:37:41",NULL,NULL,"4",NULL
"25","2022-05-05","Market","Tesco","Market alışverişi.","7.05","1.00","£","2022-05-06 05:39:03","2022-05-06 05:39:03",NULL,NULL,"1",NULL
"26","2022-05-09","Collection","Panini","Doctor Who dergisi yıllık üyelik.","96.00","1.00","£","2022-05-09 06:52:14","2022-05-09 06:52:14",NULL,NULL,"4",NULL
"27","2022-05-09","Market","Salı Pazarı","Tıraş Makinesi","12.50","1.00","₺","2022-05-09 14:32:00","2022-05-09 14:32:00",NULL,NULL,"1",NULL
"28","2022-05-09","Market","Şok","Market alışverişi.","26.85","1.00","₺","2022-05-09 14:35:00","2022-05-09 14:35:00",NULL,NULL,"1",NULL
"29","2022-05-09","Meal","Yakamoz Tantuni","Akşam yemeği yoğurtlu tantuni ve ayran.","36.00","1.00","₺","2022-05-09 15:49:18","2022-05-09 15:49:18",NULL,NULL,"3",NULL
"30","2022-05-10","Meal","Ramada","Yeşim ile akşam yemeği.","244.00","1.00","₺","2022-05-11 17:40:58","2022-05-11 17:40:58",NULL,NULL,"3",NULL
"31","2022-05-11","Health","Eczane","Grip ilaçları.","44.00","1.00","₺","2022-05-11 17:41:22","2022-05-11 17:41:22",NULL,NULL,"9",NULL
"32","2022-05-11","Meal","Köfteci Yusuf","Melike ile akşam yemeği.","83.00","1.00","₺","2022-05-11 18:33:40","2022-05-11 18:33:40",NULL,NULL,"3",NULL
"33","2022-05-10","Alcohol","262 Live","Yeşim ve Kerem ile eğlence.","37.00","3.00","₺","2022-05-11 18:34:10","2022-05-11 18:34:10",NULL,NULL,"10",NULL
"34","2022-05-13","Health","Bünyamin İrak","Mahir seans ücreti.","402.44","1.00","₺","2022-05-13 13:13:01","2022-05-13 13:13:01",NULL,NULL,"9",NULL
"35","2022-05-13","Coffee","Starbucks","Amerikano","20.50","1.00","₺","2022-05-13 13:14:38","2022-05-13 13:14:38",NULL,NULL,"11",NULL
"36","2022-05-13","Market","Migros","Market alışverişi.","38.90","1.00","₺","2022-05-13 13:15:04","2022-05-13 13:15:04",NULL,NULL,"1",NULL
"37","2022-05-13","Meal","Burger King","Emre ile yemek.","120.00","1.00","₺","2022-05-13 15:43:18","2022-05-13 15:43:18",NULL,NULL,"3",NULL
"38","2022-05-12","Market","Şok","Market alışverişi.","33.65","1.00","₺","2022-05-14 07:07:23","2022-05-14 07:07:23",NULL,NULL,"1",NULL
"39","2022-05-15","Fuel","Lukoil","Kiralık araç yakıtı.","21.12","37.41","₺","2022-05-15 08:39:52","2022-05-15 08:39:52",NULL,NULL,"2",NULL
"40","2022-05-17","Meal","Popeyes","Akşam yemeği.","34.99","1.00","₺","2022-05-17 19:21:47","2022-05-17 19:21:47",NULL,NULL,"3",NULL
"41","2022-05-17","Collection","D&R","Beyhan Budak - Mutluluğu Kaybettiğin Yerde Arama","35.00","1.00","₺","2022-05-17 19:23:00","2022-05-17 19:23:00",NULL,NULL,"4",NULL
"42","2022-05-17","Barber","Murat Söyük","Saç tıraşı.","80.00","1.00","₺","2022-05-17 19:34:23","2022-05-17 19:34:23",NULL,NULL,"12",NULL
"43","2022-05-14","Coffee","Ramada","Amerikano","27.00","1.00","₺","2022-05-17 19:36:08","2022-05-17 19:36:08",NULL,NULL,"11",NULL
"44","2022-05-16","Meal","Asrın Kardeşler","Tolga Karka, Şebnem ve Esra ile öğle yemeği.","290.00","1.00","₺","2022-05-17 19:37:37","2022-05-17 19:37:37",NULL,NULL,"3",NULL
"45","2022-05-15","Meal","Maçka İşkembe","Kelle paça çorbası.","30.00","1.00","₺","2022-05-17 19:39:32","2022-05-17 19:39:32",NULL,NULL,"3",NULL
"46","2022-05-15","Alcohol","262","Alkolsüz içecek ve çerez.","50.00","1.00","₺","2022-05-17 19:40:45","2022-05-17 19:40:45",NULL,NULL,"10",NULL
"47","2022-05-15","Meal","Pilavcı Baba","Pilav üstü tavuk.","25.00","1.00","₺","2022-05-17 19:41:53","2022-05-17 19:41:53",NULL,NULL,"3",NULL
"48","2022-05-15","Collection","İthaki Yayınları","Bilim kurgu kitapları. (7 kitap)","212.00","1.00","₺","2022-05-17 19:44:29","2022-05-17 19:44:29",NULL,NULL,"4",NULL
"49","2022-05-15","Collection","Hayy Kitap","Oğuzhan Uğur - Mevzular","17.00","1.00","₺","2022-05-17 19:45:58","2022-05-17 19:45:58",NULL,NULL,"4",NULL
"50","2022-05-14","Market","A101","Market alışverişi.","388.25","1.00","₺","2022-05-17 19:46:55","2022-05-17 19:46:55",NULL,NULL,"1",NULL
"51","2022-05-14","Market","A101","Market alışverişi.","62.57","1.00","₺","2022-05-17 19:47:29","2022-05-17 19:47:29",NULL,NULL,"1",NULL
"52","2022-05-14","Collection","Türk Tarih Kurumu","Tarih kitapları.","97.00","1.00","₺","2022-05-17 19:48:29","2022-05-17 19:48:29",NULL,NULL,"4",NULL
"53","2022-05-14","Collection","Kronik Kitap","Doğan Cüceloğlu kitapları (5 kitap)","150.00","1.00","₺","2022-05-17 19:49:29","2022-05-17 19:49:29",NULL,NULL,"4",NULL
"54","2022-05-18","Market","Bim","Market alışverişi.","144.50","1.00","₺","2022-05-18 08:18:00","2022-05-18 08:18:00",NULL,NULL,"1",NULL
"55","2022-05-20","Meal","Burger Amca","Burger Zero","67.90","1.00","₺","2022-05-20 10:41:58","2022-05-20 10:41:58",NULL,NULL,"3",NULL
"56","2022-05-20","Health","Zeynep Eczanesi","Burun sprey ve kremi.","111.15","1.00","₺","2022-05-20 10:42:36","2022-05-20 10:42:36",NULL,NULL,"9",NULL
"57","2022-05-20","Fuel","Yılmaz Petrol","Kiralık araç yakıtı.","23.87","35.62","₺","2022-05-20 13:24:54","2022-05-20 13:24:54",NULL,NULL,"2",NULL
"58","2022-05-20","Fuel","Saral Nakliyat","Mustafa'nın aracına yakıt.","22.73","45.56","₺","2022-05-21 09:25:03","2022-05-21 09:25:03",NULL,NULL,"2",NULL
"59","2022-05-20","Tax-Penalty Charge","İzmit Belediyesi","Ev vergileri Myra ve İzmit.","550.00","1.00","₺","2022-05-21 09:26:13","2022-05-21 09:26:13",NULL,NULL,"13",NULL
"60","2022-05-21","Benefaction","Pilavcı","Melike düğün için pilav parası.","550.00","1.00","₺","2022-05-21 09:26:55","2022-05-21 09:26:55",NULL,NULL,"7",NULL
"61","2022-05-21","Meal","Ramada","Sezar Salata","75.00","1.00","₺","2022-05-22 21:25:19","2022-05-22 21:25:19",NULL,NULL,"3",NULL
"62","2022-05-21","Alcohol","Ramada","Bomonti Filtresiz","57.00","2.00","₺","2022-05-22 21:25:51","2022-05-22 21:25:51",NULL,NULL,"10",NULL
"63","2022-05-23","Transportation","Tramvay","Tramvay","4.00","2.00","₺","2022-05-23 11:20:40","2022-05-23 11:20:40",NULL,NULL,"6",NULL
"64","2022-05-23","Meal","İzmit Simit Fırını","Çay sandiviç limonata.","40.00","1.00","₺","2022-05-23 12:14:51","2022-05-23 12:14:51",NULL,NULL,"3",NULL
"65","2022-05-24","Hobby","Ivır Zıvır","Gitar, amfi ve ekipmanları.","5150.00","1.00","₺","2022-05-24 11:03:06","2022-05-24 11:03:06",NULL,NULL,"14",NULL
"66","2022-05-24","Meal","Burger King","Akşam yemeği.","64.00","1.00","₺","2022-05-24 17:37:44","2022-05-24 17:37:44",NULL,NULL,"3",NULL
"67","2022-05-24","Collection","Oyuncak Makinesi","Eğlence","1.00","2.00","₺","2022-05-24 17:38:42","2022-05-24 17:38:42",NULL,NULL,"4",NULL
"68","2022-05-24","Transportation","Tramvay","Şehiriçi gezmek.","4.00","2.00","₺","2022-05-24 17:39:17","2022-05-24 17:39:17",NULL,NULL,"6",NULL
"69","2022-05-24","Collection","Arasta Kitapçı","5 adet kitap.","55.00","1.00","₺","2022-05-24 17:40:35","2022-05-24 17:40:35",NULL,NULL,"4",NULL
"70","2022-05-27","Hobby","Ivır Zıvır","Gitar dersi 1 aylık.","125.00","4.00","₺","2022-05-28 12:43:41","2022-05-28 12:43:41",NULL,NULL,"14",NULL
"71","2022-05-29","Market","A101","Market alışverişi.","43.75","1.00","₺","2022-05-29 07:29:00","2022-05-29 07:29:00",NULL,NULL,"1",NULL
"72","2022-05-30","Health","Sena Çilingir","Ayşe seans ücreti.","400.00","1.00","₺","2022-05-30 04:41:49","2022-05-30 04:41:49",NULL,NULL,"9",NULL
"73","2022-05-29","Market","Kaptan Mini Market","Çikolata cips.","24.00","1.00","₺","2022-05-30 04:42:58","2022-05-30 04:42:58",NULL,NULL,"1",NULL
"74","2022-05-29","Coffee","Monster Shake","Limonta çay.","17.00","1.00","₺","2022-05-30 04:43:53","2022-05-30 04:43:53",NULL,NULL,"11",NULL
"75","2022-05-29","Coffee","Kahve Dükkanı","Çay kahve.","20.00","1.00","₺","2022-05-30 04:50:46","2022-05-30 04:50:46",NULL,NULL,"11",NULL
"76","2022-05-30","Meal","Keyfi İkram","Melike ile akşam yemeği.","150.00","1.00","₺","2022-05-30 04:51:29","2022-05-30 04:51:29",NULL,NULL,"3",NULL
"77","2022-06-01","Alcohol","262 Live","2 Bira","107.00","1.00","₺","2022-06-02 10:06:14","2022-06-02 10:06:14",NULL,NULL,"10",NULL
"78","2022-06-01","Meal","Serbestler","dondurma.","12.00","1.00","₺","2022-06-02 10:06:56","2022-06-02 10:06:56",NULL,NULL,"3",NULL
"79","2022-05-31","Meal","North Shield","Nurpelin ile akşam yemeği.","339.00","1.00","₺","2022-06-02 10:07:45","2022-06-02 10:07:45",NULL,NULL,"3",NULL
"80","2022-06-01","Fuel","Opet","Mustafa'nın aracına akaryakıt.","25.04","28.75","₺","2022-06-02 10:08:59","2022-06-02 10:08:59",NULL,NULL,"2",NULL
"81","2022-06-02","Market","Pideci","Teknisyen ekip ile öğle yemeği.","470.00","1.00","₺","2022-06-02 10:09:49","2022-06-02 10:09:49",NULL,NULL,"1",NULL
"82","2022-06-03","Coffee","VKV","Ekiptekilerle Türk kahvesi.","54.40","1.00","₺","2022-06-03 13:28:45","2022-06-03 13:28:45",NULL,NULL,"11",NULL
"83","2022-06-06","Health","Sena Çilingir","Ayşe seans.","400.00","1.00","₺","2022-06-06 07:28:29","2022-06-06 07:28:29",NULL,NULL,"9",NULL
"84","2022-06-05","Meal","Packet Burger","Burger akşam yemeği.","59.00","1.00","₺","2022-06-06 09:32:30","2022-06-06 09:32:30",NULL,NULL,"3",NULL
"85","2022-06-06","Market","Galeri 10","Ali'den 2011 Ford Fiesta alındı.","227000.00","1.00","₺","2022-06-06 10:10:29","2022-06-06 10:10:29",NULL,NULL,"1",NULL
"86","2022-06-06","Tax-Penalty Charge","Devlet","Yeni aracım için 41 Plaka parası","140.00","1.00","₺","2022-06-06 13:45:06","2022-06-06 13:45:06",NULL,NULL,"13",NULL
"87","2022-06-06","Tax-Penalty Charge","Noter","Araç satış noter masrafları.","393.95","1.00","₺","2022-06-06 13:45:56","2022-06-06 13:45:56",NULL,NULL,"13",NULL
"88","2022-06-06","Fuel","Aytemiz","121250. km akaryakıt.","26.27","40.30","₺","2022-06-06 15:14:11","2022-06-06 15:14:11",NULL,NULL,"2",NULL
"89","2022-06-04","Clothes","Koton","2 adet T-shirt.","209.98","1.00","₺","2022-06-07 18:05:59","2022-06-07 18:05:59",NULL,NULL,"15",NULL
"90","2022-06-07","Meal","Köfteci Yusuf","Akşam yemeği.","54.00","1.00","₺","2022-06-07 19:24:31","2022-06-07 19:24:31",NULL,NULL,"3",NULL
"91","2022-06-07","Fuel","Opet","121327. km akaryakıt.","26.27","4.57","₺","2022-06-07 19:45:55","2022-06-07 19:45:55",NULL,NULL,"2",NULL
"92","2022-06-09","Meal","Tuzla Balıkçısı","Ayşe ile akşam yemeği.","338.00","1.00","₺","2022-06-10 06:04:51","2022-06-10 06:04:51",NULL,NULL,"3",NULL
"93","2022-06-10","Meal","Profiterol Atölyesi","Ayşe ile tatlı.","67.00","1.00","₺","2022-06-10 06:05:37","2022-06-10 06:05:37",NULL,NULL,"3",NULL
"94","2022-06-10","Fuel","Opet","121643. km akaryakıt.","28.48","20.37","₺","2022-06-10 20:59:49","2022-06-10 20:59:49",NULL,NULL,"2",NULL
"95","2022-06-12","Meal","Çıtır Kokoreç","Ayşe ve Mustafa ile akşam yemeği.","174.00","1.00","₺","2022-06-12 16:25:41","2022-06-12 16:25:41",NULL,NULL,"3",NULL
"96","2022-06-12","Market","A101","Soda Kitap","58.30","1.00","₺","2022-06-12 16:27:04","2022-06-12 16:27:04",NULL,NULL,"1",NULL
"97","2022-06-12","Market","Yunus Market","Market alışverişi.","90.71","1.00","₺","2022-06-12 16:27:41","2022-06-12 16:27:41",NULL,NULL,"1",NULL
"98","2022-06-13","Meal","Antakya Dürümcüsü","Ayşe ile akşam yemeği","66.00","1.00","₺","2022-06-13 16:29:55","2022-06-13 16:29:55",NULL,NULL,"3",NULL
"99","2022-06-13","Market","Çakmak Market","Rebull kolonya","66.00","1.00","₺","2022-06-13 16:33:36","2022-06-13 16:33:36",NULL,NULL,"1",NULL
"100","2022-06-13","Fuel","Opet","121xxx. km akaryakıt.","28.48","20.37","₺","2022-06-13 21:01:55","2022-06-13 21:01:55",NULL,NULL,"2",NULL
"101","2022-06-13","Coffee","Yemekhane","100 TL şirket kartıma çay kahve için yüklendi.","100.00","1.00","₺","2022-06-14 06:08:47","2022-06-14 06:08:47",NULL,NULL,"11",NULL
"102","2022-06-17","Meal","Crespo Burger","Ayşe ile akşam yemeği","162.00","1.00","₺","2022-06-17 13:11:11","2022-06-17 13:11:11",NULL,NULL,"3",NULL
"103","2022-06-17","Health","Sena Çilingir","Ayşe seans.","400.00","1.00","₺","2022-06-17 13:14:56","2022-06-17 13:14:56",NULL,NULL,"9",NULL
"104","2022-06-17","Meal","Maçka Çorba","Ayşe ile çorbacıda 2 kellepaça.","105.00","1.00","₺","2022-06-17 22:21:33","2022-06-17 22:21:33",NULL,NULL,"3",NULL
"105","2022-06-20","Meal","Profiterol Atölyesi","Ayşe ile profiterol.","67.00","1.00","₺","2022-06-20 05:06:16","2022-06-20 05:06:16",NULL,NULL,"3",NULL
"106","2022-06-20","Meal","Zenka","Ayşe ile akşam yemeği.","132.00","1.00","₺","2022-06-22 04:37:15","2022-06-22 04:37:15",NULL,NULL,"3",NULL
"107","2022-06-23","Hobby","The Intro","Milonga girişi.","40.00","2.00","₺","2022-06-24 06:19:11","2022-06-24 06:19:11",NULL,NULL,"14",NULL
"108","2022-06-23","Meal","Zenka","Lahmacun","25.00","2.00","₺","2022-06-24 06:27:08","2022-06-24 06:27:08",NULL,NULL,"3",NULL
"109","2022-06-03","Coffee","Doğa Restorant","Ekiple Türk Kahvesi.","54.40","1.00","₺","2022-06-24 06:29:47","2022-06-24 06:29:47",NULL,NULL,"11",NULL
"110","2022-05-22","Meal","Ciğerci Bahattin","Akşam yemeği","213.00","1.00","₺","2022-06-24 06:44:42","2022-06-24 06:44:42",NULL,NULL,"3",NULL
"111","2022-06-23","Tax-Penalty Charge","UK Gov","Gecikmiş Dartford cezası.","107.50","1.00","₺","2022-06-24 07:01:16","2022-06-24 07:01:16",NULL,NULL,"13",NULL
"112","2022-06-23","Health","Sena Çilingir","Ayşe seans.","700.00","1.00","₺","2022-06-24 15:02:19","2022-06-24 15:02:19",NULL,NULL,"9",NULL
"113","2022-06-24","Meal","Tavuk Dünyası","Akşam yemeği.","66.95","1.00","₺","2022-06-24 17:32:45","2022-06-24 17:32:45",NULL,NULL,"3",NULL
"114","2022-06-24","Coffee","Starbucks","Amerikano","18.00","1.00","₺","2022-06-25 05:13:56","2022-06-25 05:13:56",NULL,NULL,"11",NULL
"115","2022-06-24","Collection","Opet","2 kitap.","45.50","1.00","₺","2022-06-25 05:15:44","2022-06-25 05:15:44",NULL,NULL,"4",NULL
"116","2022-06-24","Market","Opet","Market alışverişi.","49.75","1.00","₺","2022-06-25 05:16:14","2022-06-25 05:16:14",NULL,NULL,"1",NULL
"117","2022-06-25","Hobby","Ivır Zıvır","Müzik kitabı","150.00","1.00","₺","2022-06-25 16:31:49","2022-06-25 16:31:49",NULL,NULL,"14",NULL
"118","2022-06-25","Benefaction","Kızılay","Bağış","10.00","1.00","₺","2022-06-25 16:32:50","2022-06-25 16:32:50",NULL,NULL,"7",NULL
"119","2022-06-25","Fuel","Opet","122778. km akaryakıt.","27.30","35.53","₺","2022-06-25 16:42:25","2022-06-25 16:42:25",NULL,NULL,"2",NULL
"120","2022-06-26","Hobby","A101","Drone için Micro SD kart.","79.95","1.00","₺","2022-06-26 14:24:18","2022-06-26 14:24:18",NULL,NULL,"14",NULL
"121","2022-06-28","Meal","İnci Balık","Ayşe ile akşam yemeği.","300.00","1.00","₺","2022-06-28 15:33:07","2022-06-28 15:33:07",NULL,NULL,"3",NULL
"122","2022-06-28","Market","Rimal","Sakız","7.50","2.00","₺","2022-06-28 15:45:13","2022-06-28 15:45:13",NULL,NULL,"1",NULL
"123","2022-06-28","Alcohol","262","Bira","45.00","2.00","₺","2022-06-28 19:34:40","2022-06-28 19:34:40",NULL,NULL,"10",NULL
"124","2022-06-29","Meal","Konakoğlu","Ayşe ile yemek.","116.00","1.00","₺","2022-06-29 09:52:00","2022-06-29 09:52:00",NULL,NULL,"3",NULL
"125","2022-06-29","Benefaction","Boğaziçi Pişmaniye","Hediye","150.00","1.00","₺","2022-06-29 10:25:31","2022-06-29 10:25:31",NULL,NULL,"7",NULL
"126","2022-06-29","Collection","Oyuncakçı","Pokemon kartı.","79.99","1.00","₺","2022-06-29 10:26:09","2022-06-29 10:26:09",NULL,NULL,"4",NULL
"127","2022-06-29","Coffee","Kahve Dünyası","Ayşe ile kahve.","56.00","1.00","₺","2022-06-29 10:26:36","2022-06-29 10:26:36",NULL,NULL,"11",NULL
"128","2022-06-29","Market","Konakoğlu","Susurluk Tostu","34.00","1.00","₺","2022-06-29 10:27:30","2022-06-29 10:27:30",NULL,NULL,"1",NULL
"129","2022-06-29","Fuel","Opet","123269. km akaryakıt.","27.49","30.19","₺","2022-06-29 12:14:51","2022-06-29 12:14:51",NULL,NULL,"2",NULL
"130","2022-07-02","Fuel","Opet","123856. km akaryakıt.","25.24","39.22","₺","2022-07-02 13:30:59","2022-07-02 13:30:59",NULL,NULL,"2",NULL
"131","2022-07-05","Collection","BJK Store","Atkı 2 adet.","159.98","1.00","₺","2022-07-06 06:07:28","2022-07-06 06:07:28",NULL,NULL,"4",NULL
"132","2022-07-05","Fuel","Shell","124489. km akaryakıt.","25.38","36.77","₺","2022-07-06 06:08:45","2022-07-06 06:08:45",NULL,NULL,"2",NULL
"133","2022-07-05","Collection","Toyzz Shop","Pokemon Booster kart.","49.99","2.00","₺","2022-07-06 06:09:48","2022-07-06 06:09:48",NULL,NULL,"4",NULL
"134","2022-06-30","Transportation","Gestaş","Bozcaada vapur ücreti.","30.00","2.00","₺","2022-07-06 06:10:43","2022-07-06 06:10:43",NULL,NULL,"6",NULL
"135","2022-06-22","Hobby","Koçtaş","Mangal ve kamp sandalyesi.","380.00","1.00","₺","2022-07-06 06:11:50","2022-07-06 06:11:50",NULL,NULL,"14",NULL
"136","2022-07-07","Meal","Pişkin Simit","Tek kahvaltı","40.00","1.00","₺","2022-07-07 04:39:57","2022-07-07 04:39:57",NULL,NULL,"3",NULL
"137","2022-07-07","Coffee","Starbucks","Amerikano","24.50","1.00","₺","2022-07-07 05:20:29","2022-07-07 05:20:29",NULL,NULL,"11",NULL
"138","2022-07-07","Collection","Şok","Kitap","9.99","1.00","₺","2022-07-07 17:52:19","2022-07-07 17:52:19",NULL,NULL,"4",NULL
"139","2022-07-07","Market","Sebil AVM","Çöp poşeti fırça vs.","86.70","1.00","₺","2022-07-07 17:53:13","2022-07-07 17:53:13",NULL,NULL,"1",NULL
"140","2022-07-14","Fuel","Opet","125093. km akaryakıt.","23.70","37.55","₺","2022-07-14 17:41:49","2022-07-14 17:41:49",NULL,NULL,"2",NULL
"141","2022-07-26","Fuel","Total","125681. km akaryakıt.","22.24","39.82","₺","2022-07-26 21:19:51","2022-07-26 21:19:51",NULL,NULL,"2",NULL
"142","2022-07-29","Health","Bünyamin İrak","Seans ücreti","400.00","2.00","₺","2022-07-29 15:58:59","2022-07-29 15:58:59",NULL,NULL,"9",NULL
"143","2022-07-18","Health","Bünyamin İrak","Seans.","400.00","1.00","₺","2022-08-05 07:16:53","2022-08-05 07:16:53",NULL,NULL,"9",NULL
"144","2022-06-21","Accommodation","Orçun Sakarya","Asos Tango Kamp 2022","3450.00","2.00","₺","2022-08-05 09:45:03","2022-08-05 09:45:03",NULL,NULL,"16",NULL
"145","2022-08-01","Accommodation","Orçun Sakarya","Asos Tango Kamp 2023","4450.00","2.00","₺","2022-08-05 09:46:03","2022-08-05 09:46:03",NULL,NULL,"16",NULL
"146","2022-07-30","Hobby","Ayakkabıcı","Tango Ayakkabısı","330.00","1.00","₺","2022-08-05 09:46:47","2022-08-05 09:46:47",NULL,NULL,"14",NULL
"147","2022-08-05","Savings","Hasan Adil Yaman","Myra Peşinat Ödemesi","5000.00","1.00","₺","2022-08-05 09:47:37","2022-08-05 09:47:37",NULL,NULL,"8",NULL
"148","2022-07-06","Savings","Hasan Adil Yaman","Myra Peşinat Ödemesi","5000.00","1.00","₺","2022-08-05 09:48:22","2022-08-05 09:48:22",NULL,NULL,"8",NULL
"149","2022-08-04","Benefaction","Mahmut Kozluca","Mahmut'un kanser olan akrabasına destek.","300.00","1.00","₺","2022-08-05 09:50:17","2022-08-05 09:50:17",NULL,NULL,"7",NULL
"150","2022-08-03","Barber","Murat Söyük","Saç kesimi.","100.00","1.00","₺","2022-08-05 09:51:21","2022-08-05 09:51:21",NULL,NULL,"12",NULL
"151","2022-08-14","Alcohol","Hayal Kahvesi","Bomonti Filtresiz","70.00","1.00","₺","2022-08-15 14:18:33","2022-08-15 14:18:33",NULL,NULL,"10",NULL
"152","2022-08-13","Alcohol","262 Live","Tuborg şişe.","50.00","3.00","₺","2022-08-15 14:19:12","2022-08-15 14:19:12",NULL,NULL,"10",NULL
"153","2022-08-26","Collection","Migros","4 adet kitap.","128.90","1.00","₺","2022-08-26 13:36:56","2022-08-26 13:36:56",NULL,NULL,"4",NULL
"154","2022-08-28","Alcohol","262 Live","2 bira.","95.00","1.00","₺","2022-08-28 19:34:47","2022-08-28 19:34:47",NULL,NULL,"10",NULL
"155","2022-07-14","Health","Medikal Park","Check-up ücreti.","2970.00","1.00","₺","2022-08-31 09:14:41","2022-08-31 09:14:41",NULL,NULL,"9",NULL
"156","2022-08-31","Meal","McDonald's","Akşam yemeği.","65.00","1.00","₺","2022-08-31 12:40:49","2022-08-31 12:40:49",NULL,NULL,"3",NULL
"157","2022-09-02","Meal","Shell","Kahvaltı kahve ve sandiviç.","53.40","1.00","₺","2022-09-02 04:41:09","2022-09-02 04:41:09",NULL,NULL,"3",NULL
"158","2022-09-02","Meal","Köşem","Öğle yemeği.","62.00","1.00","₺","2022-09-02 08:59:08","2022-09-02 08:59:08",NULL,NULL,"3",NULL
"159","2022-09-02","Alcohol","262 Live","4 adet bira.","172.00","1.00","₺","2022-09-02 21:56:49","2022-09-02 21:56:49",NULL,NULL,"10",NULL
"160","2022-09-02","Meal","Maçka Çorba","1 kelle paça","48.00","1.00","₺","2022-09-02 21:57:08","2022-09-02 21:57:08",NULL,NULL,"3",NULL
"161","2022-09-03","Fuel","Opet","128685. km akaryakıt.","18.74","36.83","₺","2022-09-03 16:59:46","2022-09-03 16:59:46",NULL,NULL,"2",NULL
"162","2022-09-04","Market","Bim","Market alışverişi.","119.25","1.00","₺","2022-09-04 07:54:50","2022-09-04 07:54:50",NULL,NULL,"1",NULL
"163","2022-09-03","Hobby","ido","Büyükada gidiş geliş.","35.00","2.00","₺","2022-09-04 07:56:53","2022-09-04 07:56:53",NULL,NULL,"14",NULL
"164","2022-09-03","Alcohol","Yücetepe Kır Gazinosu","FOKK gezisi bira.","55.00","2.00","₺","2022-09-04 07:58:10","2022-09-04 07:58:10",NULL,NULL,"10",NULL
"165","2022-09-03","Alcohol","Yiğit Tekel","Bira ve volim.","178.00","1.00","₺","2022-09-04 07:59:26","2022-09-04 07:59:26",NULL,NULL,"10",NULL
"166","2022-09-04","Coffee","Starbucks","Yeşimto ile kahve.","67.50","1.00","₺","2022-09-04 13:11:25","2022-09-04 13:11:25",NULL,NULL,"11",NULL
"167","2022-09-04","Meal","Doğa Restorant","Yeşim ve İsa ile akşam yemeği.","381.60","1.00","₺","2022-09-04 17:33:59","2022-09-04 17:33:59",NULL,NULL,"3",NULL
"168","2022-09-04","Collection","D&R","Kafkaokur ve Metal Simyacı","60.00","1.00","₺","2022-09-04 17:34:52","2022-09-04 17:34:52",NULL,NULL,"4",NULL
"169","2022-09-04","Coffee","Starbucks","Decaf kahve.","21.50","1.00","₺","2022-09-04 17:35:19","2022-09-04 17:35:19",NULL,NULL,"11",NULL
"170","2022-09-05","Meal","Köfteci Yusuf","Akşam yemeği.","55.00","1.00","₺","2022-09-05 15:26:42","2022-09-05 15:26:42",NULL,NULL,"3",NULL
"171","2022-09-05","Coffee","Starbucks","Decaf kahve.","21.50","1.00","₺","2022-09-05 16:54:31","2022-09-05 16:54:31",NULL,NULL,"11",NULL
"172","2022-09-05","Hobby","Decathlon","Açılır masa.","290.00","1.00","₺","2022-09-05 16:55:33","2022-09-05 16:55:33",NULL,NULL,"14",NULL
"173","2022-09-06","Alcohol","262 Live","İki bira.","50.00","2.00","₺","2022-09-06 05:33:52","2022-09-06 05:33:52",NULL,NULL,"10",NULL
"174","2022-09-08","Alcohol","262 Live","Bira ve çerez","110.00","1.00","₺","2022-09-09 13:51:11","2022-09-09 13:51:11",NULL,NULL,"10",NULL
"175","2022-09-06","Alcohol","262 Live","4 bira.","180.00","1.00","₺","2022-09-09 13:51:48","2022-09-09 13:51:48",NULL,NULL,"10",NULL
"176","2022-09-09","Coffee","Starbucks","Decaf kahve.","29.00","1.00","₺","2022-09-09 14:33:37","2022-09-09 14:33:37",NULL,NULL,"11",NULL
"177","2022-09-10","Coffee","Starbucks","kahve.","26.00","1.00","₺","2022-09-10 11:17:13","2022-09-10 11:17:13",NULL,NULL,"11",NULL
"178","2022-09-10","Savings","Hasan Adil Yaman","Myra Peşinat.","5900.00","1.00","₺","2022-09-10 11:18:33","2022-09-10 11:18:33",NULL,NULL,"8",NULL
"179","2022-09-21","Fuel","Opet","129759. km yakıt.","19.32","33.64","₺","2022-09-21 21:28:37","2022-09-21 21:28:37",NULL,NULL,"2",NULL
"180","2022-09-21","Market","Opet","Abur cubur.","69.00","1.00","₺","2022-09-21 21:29:14","2022-09-21 21:29:14",NULL,NULL,"1",NULL
"181","2022-09-24","Alcohol","262 Live","4 bira.","172.00","1.00","₺","2022-09-25 12:40:59","2022-09-25 12:40:59",NULL,NULL,"10",NULL
"182","2022-09-25","Coffee","Starbucks","Decaf kahve.","26.00","1.00","₺","2022-09-25 12:50:46","2022-09-25 12:50:46",NULL,NULL,"11",NULL
"183","2022-09-25","Meal","Burger King","Steak burger.","70.00","1.00","₺","2022-09-25 15:08:28","2022-09-25 15:08:28",NULL,NULL,"3",NULL
"184","2022-09-25","Coffee","Starbucks","Kahve ve mozaik pasta.","63.00","1.00","₺","2022-09-25 15:09:28","2022-09-25 15:09:28",NULL,NULL,"11",NULL
"185","2022-09-25","Market","A101","Resim defteri kalem.","31.40","1.00","₺","2022-09-25 15:10:14","2022-09-25 15:10:14",NULL,NULL,"1",NULL
"186","2022-09-25","Collection","Kitapçı","Eskişehir'den kitaplar aldım.","329.85","1.00","₺","2022-09-25 18:18:16","2022-09-25 18:18:16",NULL,NULL,"4",NULL
"187","2022-09-25","Accommodation","Seda Termal Otel","Eskişehir'de 1 gecelik konaklama.","200.00","1.00","₺","2022-09-26 09:39:08","2022-09-26 09:39:08",NULL,NULL,"16",NULL
"188","2022-09-25","Alcohol","Varil Bar","2 bira ve çerez.","175.00","1.00","₺","2022-09-26 09:40:17","2022-09-26 09:40:17",NULL,NULL,"10",NULL
"189","2022-09-26","Meal","Adımlar Kitap Kafe","Kahvaltı.","144.00","1.00","₺","2022-09-26 11:14:55","2022-09-26 11:14:55",NULL,NULL,"3",NULL
"190","2022-09-26","Fuel","Opet","130300km akaryakıt.","19.33","37.77","₺","2022-09-27 06:02:42","2022-09-27 06:02:42",NULL,NULL,"2",NULL
"191","2022-09-29","Alcohol","262 Live","Bira","40.00","2.00","₺","2022-09-29 20:32:31","2022-09-29 20:32:31",NULL,NULL,"10",NULL
"192","2022-09-29","Benefaction","Mustafa Yıldızhan","Mustafa'ya düğün için 10k borç.","10000.00","1.00","₺","2022-09-30 16:19:40","2022-09-30 16:19:40",NULL,NULL,"7",NULL
"193","2022-10-02","Coffee","Starbucks","Decaf kahve.","26.00","1.00","₺","2022-10-02 14:37:41","2022-10-02 14:37:41",NULL,NULL,"11",NULL
"194","2022-10-02","Fuel","Opet","131070. km yakıt.","19.34","37.61","₺","2022-10-02 14:38:51","2022-10-02 14:38:51",NULL,NULL,"2",NULL
"195","2022-10-03","Alcohol","Bakkal","2 Efes özel seri.","30.00","2.00","₺","2022-10-04 05:39:18","2022-10-04 05:39:18",NULL,NULL,"10",NULL
"196","2022-10-04","Meal","Shell","Kahvaltı.","53.40","1.00","₺","2022-10-04 05:39:40","2022-10-04 05:39:40",NULL,NULL,"3",NULL
"197","2022-10-06","Coffee","Starbucks","kahve.","26.00","1.00","₺","2022-10-06 05:06:21","2022-10-06 05:06:21",NULL,NULL,"11",NULL
"198","2022-10-05","Alcohol","262 Live","Bi bira","40.00","1.00","₺","2022-10-06 05:13:22","2022-10-06 05:13:22",NULL,NULL,"10",NULL
"199","2022-10-06","Fuel","Petrol Ofisi","131500. km yakıt.","19.68","28.47","₺","2022-10-06 15:30:45","2022-10-06 15:30:45",NULL,NULL,"2",NULL
"200","2022-10-06","Transportation","Kral Oto","Araç yağ değişimi, baskı balata değişimi, buji ve filtre değişimleri.","2700.00","1.00","₺","2022-10-06 19:10:51","2022-10-06 19:10:51",NULL,NULL,"6",NULL
"201","2022-10-07","Meal","Altıntaş Börek","Soğuk sandiviç meyve suyu.","16.00","1.00","₺","2022-10-07 04:02:29","2022-10-07 04:02:29",NULL,NULL,"3",NULL
"202","2022-10-05","Meal","Altıntaş Börek","Soğuk sandiviç.","10.00","1.00","₺","2022-10-07 04:02:52","2022-10-07 04:02:52",NULL,NULL,"3",NULL
"203","2022-10-06","Alcohol","262 Live","2 bira","40.00","2.00","₺","2022-10-07 04:03:18","2022-10-07 04:03:18",NULL,NULL,"10",NULL
"204","2022-10-07","Meal","SAÜ","Çay çikolata.","9.50","1.00","₺","2022-10-07 13:50:42","2022-10-07 13:50:42",NULL,NULL,"3",NULL
"205","2022-09-25","Collection","İnsancıl Sahaf","Toplu kitap alımı.","329.85","1.00","₺","2022-10-09 09:37:39","2022-10-09 09:37:39",NULL,NULL,"4",NULL
"206","2022-10-09","Benefaction","LC Waikiki","Emre'ye doğum günü hediyesi gömlek.","299.99","1.00","₺","2022-10-09 09:50:36","2022-10-09 09:50:36",NULL,NULL,"7",NULL
"207","2022-10-09","Market","Total","cips","25.00","1.00","₺","2022-10-10 04:51:47","2022-10-10 04:51:47",NULL,NULL,"1",NULL
"208","2022-10-10","Meal","Altıntaş Börek","Soğuk sandiviç, meyve suyu.","16.00","1.00","₺","2022-10-10 04:52:45","2022-10-10 04:52:45",NULL,NULL,"3",NULL
"209","2022-10-09","Collection","Migros","Kitap","68.90","1.00","₺","2022-10-10 04:53:17","2022-10-10 04:53:17",NULL,NULL,"4",NULL
"210","2022-10-09","Meal","KFC","Akşam yemeği.","90.00","1.00","₺","2022-10-10 05:59:03","2022-10-10 05:59:03",NULL,NULL,"3",NULL
"211","2022-10-10","Market","Akademi Market","Yaren'e ev alışverişi.","63.75","1.00","₺","2022-10-10 15:25:12","2022-10-10 15:25:12",NULL,NULL,"1",NULL
"212","2022-10-11","Market","File","Market alışverişi.","357.10","1.00","₺","2022-10-11 10:51:21","2022-10-11 10:51:21",NULL,NULL,"1",NULL
"213","2022-10-11","Market","Migros","Market alışverişi.","51.25","1.00","₺","2022-10-11 10:52:06","2022-10-11 10:52:06",NULL,NULL,"1",NULL
"214","2022-10-11","Market","A101","Market alışverişi.","29.11","1.00","₺","2022-10-11 10:52:27","2022-10-11 10:52:27",NULL,NULL,"1",NULL
"215","2022-10-13","Alcohol","262 Live","2 bira","45.00","2.00","₺","2022-10-13 19:47:28","2022-10-13 19:47:28",NULL,NULL,"10",NULL
"216","2022-10-14","Alcohol","262 Live","2 bira","45.00","2.00","₺","2022-10-14 20:03:16","2022-10-14 20:03:16",NULL,NULL,"10",NULL
"217","2022-10-16","Meal","Burger King","Steak House.","83.00","1.00","₺","2022-10-16 15:48:32","2022-10-16 15:48:32",NULL,NULL,"3",NULL
"218","2022-10-16","Coffee","Starbucks","kahve.","29.00","1.00","₺","2022-10-16 15:48:48","2022-10-16 15:48:48",NULL,NULL,"11",NULL
"219","2022-10-16","Market","A101","5lt 2 adet su.","7.50","2.00","₺","2022-10-16 15:49:49","2022-10-16 15:49:49",NULL,NULL,"1",NULL
"220","2022-10-17","Meal","Shell","Kahvaltı.","54.00","1.00","₺","2022-10-17 07:07:43","2022-10-17 07:07:43",NULL,NULL,"3",NULL
"221","2022-10-17","Tax-Penalty Charge","SAÜ","Araç kapı kayıt parası yıllık.","200.00","1.00","₺","2022-10-17 16:16:38","2022-10-17 16:16:38",NULL,NULL,"13",NULL
"222","2022-10-17","Meal","Katık","Akşam yemeği.","41.00","1.00","₺","2022-10-17 16:17:23","2022-10-17 16:17:23",NULL,NULL,"3",NULL
"223","2022-10-17","Coffee","Starbucks","kahve.","26.00","1.00","₺","2022-10-17 17:00:44","2022-10-17 17:00:44",NULL,NULL,"11",NULL
"224","2022-10-19","Meal","Otosan","Karta para yükleme.","50.00","1.00","₺","2022-10-20 06:10:56","2022-10-20 06:10:56",NULL,NULL,"3",NULL
"225","2022-10-18","Coffee","Starbucks","decaf kahve.","26.00","1.00","₺","2022-10-20 06:11:21","2022-10-20 06:11:21",NULL,NULL,"11",NULL
"226","2022-10-20","Meal","Altıntaş Börek","Kahvaltı.","16.00","1.00","₺","2022-10-20 06:12:29","2022-10-20 06:12:29",NULL,NULL,"3",NULL
"227","2022-10-20","Clothes","LCW","T-shirt","79.99","1.00","₺","2022-10-20 15:57:27","2022-10-20 15:57:27",NULL,NULL,"15",NULL
"228","2022-10-20","Market","Watsons","Islak mendil.","12.95","1.00","₺","2022-10-20 15:58:54","2022-10-20 15:58:54",NULL,NULL,"1",NULL
"229","2022-10-13","Fuel","Opet","132115 km yakıt.","20.71","38.15","₺","2022-10-21 06:52:14","2022-10-21 06:52:14",NULL,NULL,"2",NULL
"230","2022-10-06","Meal
","Taka Sushi","Sushi.","209.00","1.00","₺","2022-10-21 06:56:31","2022-10-21 06:56:31",NULL,NULL,"17",NULL
"231","2022-10-12","Meal","Taka Sushi","Sushi.","175.00","1.00","₺","2022-10-21 06:57:42","2022-10-21 06:57:42",NULL,NULL,"3",NULL
"232","2022-10-22","Meal","Medical Park","Kahvaltı.","50.00","1.00","₺","2022-10-22 08:10:37","2022-10-22 08:10:37",NULL,NULL,"3",NULL
"233","2022-10-22","Health","Medical Park","Dermatoloji ve Göğüs cerrahisi muayne.","15.00","2.00","₺","2022-10-22 08:12:10","2022-10-22 08:12:10",NULL,NULL,"9",NULL
"234","2022-10-22","Health","Kartepe Diş Sağlığı Merkezi","Diş röntgeni.","100.00","1.00","₺","2022-10-22 09:47:18","2022-10-22 09:47:18",NULL,NULL,"9",NULL
"235","2022-10-22","Fuel","Opet","132672 km yakıt.","20.77","36.11","₺","2022-10-22 17:27:19","2022-10-22 17:27:19",NULL,NULL,"2",NULL
"236","2022-10-23","Meal","Popeyes","Akşam yemeği.","56.00","1.00","₺","2022-10-23 15:09:33","2022-10-23 15:09:33",NULL,NULL,"3",NULL
"237","2022-10-23","Collection","D&R","2 kitap.","68.00","1.00","₺","2022-10-23 15:32:01","2022-10-23 15:32:01",NULL,NULL,"4",NULL
"238","2022-10-26","Meal","Altıntaş Börek","Kahvaltı.","16.00","1.00","₺","2022-10-26 11:49:21","2022-10-26 11:49:21",NULL,NULL,"3",NULL
"239","2022-10-25","Benefaction","Bim","Yaren'lere market alışverişi.","387.04","1.00","₺","2022-10-26 11:52:13","2022-10-26 11:52:13",NULL,NULL,"7",NULL
"240","2022-10-27","Market","Migros","Cips ve mandal.","34.29","1.00","₺","2022-10-27 13:26:46","2022-10-27 13:26:46",NULL,NULL,"1",NULL
"241","2022-10-27","Collection","A101","2 kitap.","9.95","2.00","₺","2022-10-27 16:26:23","2022-10-27 16:26:23",NULL,NULL,"4",NULL
"242","2022-10-27","Market","A101","Cips.","10.00","1.00","₺","2022-10-27 16:26:54","2022-10-27 16:26:54",NULL,NULL,"1",NULL
"243","2022-10-28","Barber","Murat Söyük","Tıraş.","100.00","1.00","₺","2022-10-28 11:53:43","2022-10-28 11:53:43",NULL,NULL,"12",NULL
"244","2022-10-29","Meal","Yakamoz Tantuni","Akşam yemeği.","115.00","1.00","₺","2022-10-29 17:01:31","2022-10-29 17:01:31",NULL,NULL,"3",NULL
"245","2022-10-29","Hobby","Alver Tango","Milonga.","50.00","1.00","₺","2022-10-29 17:02:01","2022-10-29 17:02:01",NULL,NULL,"14",NULL
"246","2022-10-29","Coffee","Alver Tango","Çay.","10.00","1.00","₺","2022-10-29 17:02:20","2022-10-29 17:02:20",NULL,NULL,"11",NULL
"247","2022-10-30","Fuel","Opet","133262. Km","20.79","38.00","₺","2022-10-30 17:17:55","2022-10-30 17:17:55",NULL,NULL,"2",NULL
"248","2022-10-31","Meal","Yemekhane","Çay kahve parası.","150.00","1.00","₺","2022-10-31 11:09:14","2022-10-31 11:09:14",NULL,NULL,"3",NULL
"249","2022-10-31","Tax-Penalty Charge","TüvTürk","Araç egzoz ve muayene ücretleri.","731.89","1.00","₺","2022-10-31 13:21:09","2022-10-31 13:21:09",NULL,NULL,"13",NULL
"250","2022-10-31","Collection","Kitapçı","10 adet tasavvuf kitabı.","20.00","10.00","₺","2022-10-31 15:27:58","2022-10-31 15:27:58",NULL,NULL,"4",NULL
"251","2022-10-31","Meal","Katık","Akşam yemeği.","45.00","1.00","₺","2022-10-31 16:02:43","2022-10-31 16:02:43",NULL,NULL,"3",NULL
"252","2022-11-01","Alcohol","262 Live","2 bira","45.00","2.00","₺","2022-11-01 20:34:02","2022-11-01 20:34:02",NULL,NULL,"10",NULL
"253","2022-11-01","Coffee","Rapodi","Kahve ve çay.","40.00","1.00","₺","2022-11-01 20:34:35","2022-11-01 20:34:35",NULL,NULL,"11",NULL
"254","2022-11-01","Meal","SAÜ","Tost çay.","30.00","1.00","₺","2022-11-01 20:35:04","2022-11-01 20:35:04",NULL,NULL,"3",NULL
"255","2022-11-01","Meal","Pizza Piece","Pizza ve kola.","60.00","1.00","₺","2022-11-01 20:35:30","2022-11-01 20:35:30",NULL,NULL,"3",NULL
"256","2022-11-01","Meal","Pilavcı","Pilav ayran.","31.00","1.00","₺","2022-11-02 08:40:05","2022-11-02 08:40:05",NULL,NULL,"3",NULL
"257","2022-10-30","Hobby","Bim","Mangal malzemeleri.","106.00","1.00","₺","2022-11-02 12:11:00","2022-11-02 12:11:00",NULL,NULL,"14",NULL
"258","2022-10-16","Hobby","Migros","Çiçek ve kitap.","130.48","1.00","₺","2022-11-02 12:17:32","2022-11-02 12:17:32",NULL,NULL,"14",NULL
"259","2022-11-03","Bills","Vodafone","UK Telefon faturası.","18.49","1.00","£","2022-11-03 10:50:20","2022-11-03 10:50:20",NULL,NULL,"18",NULL
"260","2022-11-03","Meal","Tavuk Dünyası","Kekiklim soda.","99.00","1.00","₺","2022-11-03 17:18:26","2022-11-03 17:18:26",NULL,NULL,"3",NULL
"261","2022-11-03","Alcohol","262 Live","2 bira","45.00","2.00","₺","2022-11-03 20:34:38","2022-11-03 20:34:38",NULL,NULL,"10",NULL
"262","2022-11-03","Meal","McDonald's","Köfte burger.","35.00","1.00","₺","2022-11-03 20:35:27","2022-11-03 20:35:27",NULL,NULL,"3",NULL
"263","2022-11-05","Coffee","Starbucks","2 kahve.","55.00","1.00","₺","2022-11-05 12:24:29","2022-11-05 12:24:29",NULL,NULL,"11",NULL
"264","2022-11-05","Meal","Pişkin Simit","Kahvaltı.","72.00","1.00","₺","2022-11-05 12:24:47","2022-11-05 12:24:47",NULL,NULL,"3",NULL
"265","2022-11-05","Health","Kartepe Diş Sağlığı Merkezi","Kaplama diş bedeli.","2100.00","1.00","₺","2022-11-05 12:25:12","2022-11-05 12:25:12",NULL,NULL,"9",NULL
"266","2022-11-05","Benefaction","Gülce Mustafa","Düğün hediyesi.","200.00","1.00","₺","2022-11-05 17:38:37","2022-11-05 17:38:37",NULL,NULL,"7",NULL
"267","2022-11-05","Fuel","Opet","133680. Km","22.83","26.30","₺","2022-11-05 23:28:24","2022-11-05 23:28:24",NULL,NULL,"2",NULL
"268","2022-11-05","Alcohol","Babel","2 bira","65.00","2.00","₺","2022-11-06 16:38:47","2022-11-06 16:38:47",NULL,NULL,"10",NULL
"269","2022-11-06","Market","A101","Soda","34.60","1.00","₺","2022-11-06 19:09:47","2022-11-06 19:09:47",NULL,NULL,"1",NULL
"270","2022-10-22","Health","Özcan Eczanesi","İlaç parası.","126.00","1.00","₺","2022-11-07 07:19:01","2022-11-07 07:19:01",NULL,NULL,"9",NULL
"271","2022-10-22","Electronic","A101","Akım korumalı 3'lü priz.","129.95","1.00","₺","2022-11-07 07:20:28","2022-11-07 07:20:28",NULL,NULL,"19",NULL
"272","2022-11-07","Hobby","Fitlife Sembol AVM","1 yıllık spor salonu üyeliği.","3750.00","1.00","₺","2022-11-07 17:12:47","2022-11-07 17:12:47",NULL,NULL,"14",NULL
"273","2022-11-07","Meal","Popeyes","Akşam yemeği.","72.00","1.00","₺","2022-11-07 17:13:02","2022-11-07 17:13:02",NULL,NULL,"3",NULL
"274","2022-11-07","Coffee","Starbucks","Decaf kahve.","26.00","1.00","₺","2022-11-07 17:13:20","2022-11-07 17:13:20",NULL,NULL,"11",NULL
"275","2022-11-07","Collection","D&R","Popular Science dergisi ve GenZ'ye kitap ayraçı.","28.00","1.00","₺","2022-11-07 17:14:44","2022-11-07 17:14:44",NULL,NULL,"4",NULL
"276","2022-11-07","Alcohol","262 Live","3 bira çerez.","135.00","1.00","₺","2022-11-07 20:44:45","2022-11-07 20:44:45",NULL,NULL,"10",NULL
"277","2022-11-08","Coffee","Starbucks","kahve.","26.00","1.00","₺","2022-11-08 13:43:25","2022-11-08 13:43:25",NULL,NULL,"11",NULL
"278","2022-11-08","Accommodation","Aylin Coşgun","Myra Ev tadilat işleri için Aylin'e gönderildi.","282.00","1.00","₺","2022-11-08 13:56:53","2022-11-08 13:56:53",NULL,NULL,"16",NULL
"279","2022-11-08","Collection","Kitapçı","Kitap.","396.00","1.00","₺","2022-11-08 15:13:33","2022-11-08 15:13:33",NULL,NULL,"4",NULL
"280","2022-11-07","Meal","Pilavcı","Pilav ve çiğ köfte.","52.00","1.00","₺","2022-11-08 15:15:11","2022-11-08 15:15:11",NULL,NULL,"3",NULL
"281","2022-11-08","Meal","Yakamoz Tantuni","Çiğ köfte","17.00","1.00","₺","2022-11-08 20:48:14","2022-11-08 20:48:14",NULL,NULL,"3",NULL
"282","2022-11-08","Alcohol","262 Live","2 bira","45.00","2.00","₺","2022-11-08 20:48:46","2022-11-08 20:48:46",NULL,NULL,"10",NULL
"283","2022-11-10","Coffee","Starbucks","Decaf kahve.","26.00","1.00","₺","2022-11-11 07:12:31","2022-11-11 07:12:31",NULL,NULL,"11",NULL
"284","2022-11-13","Alcohol","262 Live","1 bira.","45.00","1.00","₺","2022-11-14 06:29:22","2022-11-14 06:29:22",NULL,NULL,"10",NULL
"285","2022-11-13","Alcohol","Crash Bar","3 bira.","50.00","3.00","₺","2022-11-14 06:30:31","2022-11-14 06:30:31",NULL,NULL,"10",NULL
"286","2022-11-14","Transportation","Yıkamacı","Araç yıkatma.","80.00","1.00","₺","2022-11-14 20:45:48","2022-11-14 20:45:48",NULL,NULL,"6",NULL
"287","2022-11-15","Meal","Katık","Dürüm.","40.00","1.00","₺","2022-11-15 17:53:57","2022-11-15 17:53:57",NULL,NULL,"3",NULL
"288","2022-11-16","Meal","Kebapçı","Beyran ve dürüm.","105.00","1.00","₺","2022-11-16 19:45:20","2022-11-16 19:45:20",NULL,NULL,"3",NULL
"289","2022-11-16","Meal","McDonald's","Köfte burger.","35.00","1.00","₺","2022-11-16 19:45:36","2022-11-16 19:45:36",NULL,NULL,"3",NULL
"290","2022-11-16","Alcohol","262 Live","2 bira","45.00","2.00","₺","2022-11-16 19:45:53","2022-11-16 19:45:53",NULL,NULL,"10",NULL
"291","2022-11-16","Fuel","Opet","134262. km yakıt.","22.83","37.62","₺","2022-11-16 20:23:28","2022-11-16 20:23:28",NULL,NULL,"2",NULL
"292","2022-11-16","Market","Opet","Dondurma ve çikolata.","25.00","1.00","₺","2022-11-16 20:23:55","2022-11-16 20:23:55",NULL,NULL,"1",NULL
"293","2022-11-17","Collection","Kitapçı","Malamander kitabı.","68.00","1.00","₺","2022-11-17 12:08:24","2022-11-17 12:08:24",NULL,NULL,"4",NULL
"294","2022-11-17","Market","Migros","Market alışverişi.","198.22","1.00","₺","2022-11-17 12:08:52","2022-11-17 12:08:52",NULL,NULL,"1",NULL
"295","2022-11-17","Market","Şok","Market alışverişi.","134.75","1.00","₺","2022-11-17 12:09:51","2022-11-17 12:09:51",NULL,NULL,"1",NULL
"296","2022-11-16","Bills","Amazon","Prime abonelik ücreti.","7.99","1.00","₺","2022-11-17 12:11:08","2022-11-17 12:11:08",NULL,NULL,"18",NULL
"297","2022-11-15","Coffee","Starbucks","Decaf kahve.","26.00","1.00","₺","2022-11-17 12:13:10","2022-11-17 12:13:10",NULL,NULL,"11",NULL
"298","2022-11-17","Coffee","Starbucks","kahve.","26.00","1.00","₺","2022-11-17 12:14:50","2022-11-17 12:14:50",NULL,NULL,"11",NULL
"299","2022-11-17","Collection","A101","5 kitap.","12.95","5.00","₺","2022-11-17 13:35:37","2022-11-17 13:35:37",NULL,NULL,"4",NULL
"300","2022-11-16","Accommodation","Şevket Durmuş","Çelikhalat 3. Kat mutfak dolapları.","8500.00","1.00","₺","2022-11-18 09:38:55","2022-11-18 09:38:55",NULL,NULL,"16",NULL
"301","2022-11-18","Meal","Lahmacuncu","Babamla öğle yemeği, 4 lahmacun 2 ayran.","80.00","1.00","₺","2022-11-19 08:19:34","2022-11-19 08:19:34",NULL,NULL,"3",NULL
"302","2022-11-20","Meal","Burger Amca","Chessburger","65.00","1.00","₺","2022-11-20 14:16:29","2022-11-20 14:16:29",NULL,NULL,"3",NULL
"303","2022-11-20","Coffee","Starbucks","kahve.","29.00","1.00","₺","2022-11-20 14:17:05","2022-11-20 14:17:05",NULL,NULL,"11",NULL
"304","2022-11-20","Clothes","Koton","Beyaz resmi gömlek.","165.24","1.00","₺","2022-11-20 14:30:04","2022-11-20 14:30:04",NULL,NULL,"15",NULL
"305","2022-11-20","Alcohol","262 Live","1 bira","45.00","1.00","₺","2022-11-20 19:52:42","2022-11-20 19:52:42",NULL,NULL,"10",NULL
"306","2022-11-20","Market","Migros","Market alışverişi.","36.25","1.00","₺","2022-11-20 19:53:29","2022-11-20 19:53:29",NULL,NULL,"1",NULL
"307","2022-11-19","Parking","İspark","Maltepe sahil","20.00","1.00","₺","2022-11-20 19:54:10","2022-11-20 19:54:10",NULL,NULL,"5",NULL
"308","2022-11-19","Clothes","Kuru Temizleme","Kaz tüyü mont kuru temizleme.","120.00","1.00","₺","2022-11-20 19:55:03","2022-11-20 19:55:03",NULL,NULL,"15",NULL
"309","2022-11-19","Coffee","Starbucks","kahve.","29.00","1.00","₺","2022-11-20 19:55:28","2022-11-20 19:55:28",NULL,NULL,"11",NULL
"310","2022-11-20","Market","Petrol Ofisi","Abur cubur.","27.00","1.00","₺","2022-11-20 20:23:14","2022-11-20 20:23:14",NULL,NULL,"1",NULL
"311","2022-11-21","Meal","Köfteci Yusuf","Öğle yemeği.","82.00","1.00","₺","2022-11-21 09:43:54","2022-11-21 09:43:54",NULL,NULL,"3",NULL
"312","2022-11-21","Bills","Netflix","Netflix aboneliği.","97.85","1.00","₺","2022-11-21 12:48:21","2022-11-21 12:48:21",NULL,NULL,"18",NULL
"313","2022-11-21","Coffee","SAÜ","Çay.","2.50","1.00","₺","2022-11-21 16:53:31","2022-11-21 16:53:31",NULL,NULL,"11",NULL
"314","2022-11-21","Meal","Katık","Tavuk ayran.","44.00","1.00","₺","2022-11-21 18:51:16","2022-11-21 18:51:16",NULL,NULL,"3",NULL
"315","2022-11-22","Alcohol","262 Live","Mahmut ile bira çerez.","240.00","1.00","₺","2022-11-22 23:42:54","2022-11-22 23:42:54",NULL,NULL,"10",NULL
"316","2022-11-23","Coffee","The Intro","3 çay 2 su.","54.00","1.00","₺","2022-11-24 17:09:38","2022-11-24 17:09:38",NULL,NULL,"11",NULL
"317","2022-11-23","Hobby","Milonga Mental","Milonga giriş.","50.00","1.00","₺","2022-11-24 17:10:35","2022-11-24 17:10:35",NULL,NULL,"14",NULL
"318","2022-11-23","Meal","Tantunici","Tantuni dürüm.","40.00","1.00","₺","2022-11-24 17:11:27","2022-11-24 17:11:27",NULL,NULL,"3",NULL
"319","2022-11-23","Market","Bim","Market alışverişi.","56.75","1.00","₺","2022-11-24 17:13:29","2022-11-24 17:13:29",NULL,NULL,"1",NULL
"320","2022-11-25","Meal","Yemekhane","Fabrika kartına yükleme.","150.00","1.00","₺","2022-11-25 07:37:10","2022-11-25 07:37:10",NULL,NULL,"3",NULL
"321","2022-11-25","Hobby","HBR Türkiye","2 yıllık HBR Türkiye aboneliği.","99.00","1.00","₺","2022-11-25 07:38:08","2022-11-25 07:38:08",NULL,NULL,"14",NULL
"322","2022-11-27","Fuel","Opet","10350. km akaryakıt.","20.31","28.41","₺","2022-11-27 21:33:33","2022-11-27 21:33:33",NULL,NULL,"2",NULL
"323","2022-11-27","Coffee","Kafe","Yeşimler ile Odunpazarı'nda 10 çay parası.","6.00","10.00","₺","2022-11-27 21:34:47","2022-11-27 21:34:47",NULL,NULL,"11",NULL
"324","2022-11-26","Hobby","Milonga","Eskişehir'de milonga giriş ücreti.","200.00","1.00","₺","2022-11-27 21:35:44","2022-11-27 21:35:44",NULL,NULL,"14",NULL
"325","2022-11-25","Accommodation","Büyük İnci Oteli","Eskişehir'de İsa ile 2 gece konaklama ücreti.","550.00","1.00","₺","2022-11-27 21:36:43","2022-11-27 21:36:43",NULL,NULL,"16",NULL
"326","2022-11-28","Meal","SAÜ","Tost çay.","22.00","1.00","₺","2022-11-28 07:17:58","2022-11-28 07:17:58",NULL,NULL,"3",NULL
"327","2022-11-28","Coffee","SAÜ","Kahve.","29.00","1.00","₺","2022-11-28 09:21:22","2022-11-28 09:21:22",NULL,NULL,"11",NULL
"328","2022-11-28","Tax-Penalty Charge","İzmit Belediyesi","Ev iskan arşiv kopyası.","25.00","1.00","₺","2022-11-28 14:03:19","2022-11-28 14:03:19",NULL,NULL,"13",NULL
"329","2022-11-28","Tax-Penalty Charge","Vergi Dairesi","Muayne geçiş cezası, erken ödemeli.","320.00","1.00","₺","2022-11-28 14:04:18","2022-11-28 14:04:18",NULL,NULL,"13",NULL
"330","2022-11-25","Transportation","3. Noter","Ford EcoSport satınalma bedeli.","393.95","1.00","₺","2022-11-29 15:04:51","2022-11-29 15:04:51",NULL,NULL,"6",NULL
"331","2022-11-29","Transportation","Taksici","Kandıra sapağından eve taksi bedeli.","93.95","1.00","₺","2022-11-29 15:12:07","2022-11-29 15:12:07",NULL,NULL,"6",NULL
"332","2022-11-28","Alcohol","262 Live","3 bira çerez.","165.00","1.00","₺","2022-11-29 15:13:02","2022-11-29 15:13:02",NULL,NULL,"10",NULL
"333","2022-11-29","Market","Tanta Market","1 adet Eti Karam.","7.00","1.00","₺","2022-11-29 19:48:36","2022-11-29 19:48:36",NULL,NULL,"1",NULL
"334","2022-11-29","Market","Total","1 adet Eti Karam.","8.00","1.00","₺","2022-11-29 19:48:50","2022-11-29 19:48:50",NULL,NULL,"1",NULL
"335","2022-11-30","Coffee","SAÜ","Kahve ve kroasan.","40.00","1.00","₺","2022-11-30 07:47:13","2022-11-30 07:47:13",NULL,NULL,"11",NULL
"336","2022-11-30","Meal","Altıntaş Börek","Beyaz peynirli soğuk sandiviç, meyve suyu.","16.00","1.00","₺","2022-11-30 07:47:58","2022-11-30 07:47:58",NULL,NULL,"3",NULL
"337","2022-11-30","Tax-Penalty Charge","Çekici","Alkollü araç yakalandığı için çekim ücreti.","600.00","1.00","₺","2022-11-30 07:48:47","2022-11-30 07:48:47",NULL,NULL,"13",NULL
"338","2022-11-28","Meal","Köfteci Yusuf","Melike ile akşam yemeği.","93.00","1.00","₺","2022-11-30 08:16:08","2022-11-30 08:16:08",NULL,NULL,"3",NULL
"339","2022-11-28","Transportation","Groupama Sigorta","4177 lira yeni araç sigortası ve 1497 lira ilade ile fiyatlandı.","2680.55","1.00","₺","2022-11-30 08:19:07","2022-11-30 08:19:07",NULL,NULL,"6",NULL
"340","2022-11-28","Transportation","Allianz Sigorta","Araç kasko 1/9. taksit.","1629.64","1.00","₺","2022-11-30 08:20:30","2022-11-30 08:20:30",NULL,NULL,"6",NULL
"341","2022-11-28","Bills","Sepaş","Elektrik faturası.","29.00","1.00","₺","2022-11-30 08:23:57","2022-11-30 08:23:57",NULL,NULL,"18",NULL
"342","2022-11-27","Market","BP","Market alışverişi.","66.75","1.00","₺","2022-11-30 08:25:03","2022-11-30 08:25:03",NULL,NULL,"1",NULL
"343","2022-11-27","Coffee","Starbucks","İsa ile kahve.","58.00","1.00","₺","2022-11-30 08:25:54","2022-11-30 08:25:54",NULL,NULL,"11",NULL
"344","2022-11-27","Market","Dükkan","4 adet leblebi kurabiyesi.","20.00","4.00","₺","2022-11-30 08:30:23","2022-11-30 08:30:23",NULL,NULL,"1",NULL
"345","2022-11-27","Meal","Aynalı","Akşam yemeği köfte tatlı vs.","174.00","1.00","₺","2022-11-30 08:31:30","2022-11-30 08:31:30",NULL,NULL,"3",NULL
"346","2022-11-27","Benefaction","Hediyelikçi","Tuğçe için hediye ay taşı kolye.","30.00","1.00","₺","2022-11-30 08:32:18","2022-11-30 08:32:18",NULL,NULL,"7",NULL
"347","2022-11-26","Alcohol","Gaga Restoran","1 bira","60.00","1.00","₺","2022-11-30 08:33:38","2022-11-30 08:33:38",NULL,NULL,"10",NULL
"348","2022-11-26","Meal","Sosisçi","sosisli","15.00","1.00","₺","2022-11-30 08:34:42","2022-11-30 08:34:42",NULL,NULL,"3",NULL
"349","2022-11-26","Alcohol","Cuba Bar","1 bira","42.00","1.00","₺","2022-11-30 08:35:14","2022-11-30 08:35:14",NULL,NULL,"10",NULL
"350","2022-11-26","Market","A101","Su","6.00","1.00","₺","2022-11-30 08:35:43","2022-11-30 08:35:43",NULL,NULL,"1",NULL
"351","2022-11-26","Alcohol","The Hangover","Viski kokteyl.","69.00","1.00","₺","2022-11-30 08:36:27","2022-11-30 08:36:27",NULL,NULL,"10",NULL
"352","2022-11-26","Market","Migros","Market alışverişi.","48.00","1.00","₺","2022-11-30 08:37:26","2022-11-30 08:37:26",NULL,NULL,"1",NULL
"353","2022-11-26","Meal","Bulvar Çiğbörek","Mantı ve çiğbörek.","81.00","1.00","₺","2022-11-30 08:38:03","2022-11-30 08:38:03",NULL,NULL,"3",NULL
"354","2022-11-26","Coffee","Starbucks","kave","29.00","1.00","₺","2022-11-30 08:38:32","2022-11-30 08:38:32",NULL,NULL,"11",NULL
"355","2022-11-26","Meal","Sosisçi","sosisli","12.00","1.00","₺","2022-11-30 08:38:54","2022-11-30 08:38:54",NULL,NULL,"3",NULL
"356","2022-11-30","Alcohol","Cuba Bar","4-5 Bira ve çerez.","280.50","1.00","₺","2022-11-30 08:39:36","2022-11-30 08:39:36",NULL,NULL,"10",NULL
"357","2022-11-25","Alcohol","262 Live","Bira ve çerez.","220.00","1.00","₺","2022-11-30 08:41:04","2022-11-30 08:41:04",NULL,NULL,"10",NULL
"358","2022-11-24","Meal","Maçka İşkembe","Gece çorbası.","75.00","1.00","₺","2022-11-30 08:41:51","2022-11-30 08:41:51",NULL,NULL,"3",NULL
"359","2022-11-27","Meal","Kervan Börek","Kahvaltı.","30.00","1.00","₺","2022-11-30 08:46:46","2022-11-30 08:46:46",NULL,NULL,"3",NULL
"360","2022-11-27","Hobby","Kent Hamamı","Hamam, kese ve atom içeceği.","95.00","1.00","₺","2022-11-30 08:48:01","2022-11-30 08:48:01",NULL,NULL,"14",NULL
"361","2022-11-25","Fuel","Opet","9800. km akaryakıt.","800.00","1.00","₺","2022-11-30 08:49:44","2022-11-30 08:49:44",NULL,NULL,"2",NULL
"362","2022-11-21","Alcohol","Crash Bar","İsalar ile 3 bira.","190.00","1.00","₺","2022-11-30 08:56:08","2022-11-30 08:56:08",NULL,NULL,"10",NULL
"363","2022-11-19","Meal","Alaçatı Muhallebicisi","Kahvaltı.","73.00","1.00","₺","2022-11-30 08:58:28","2022-11-30 08:58:28",NULL,NULL,"3",NULL
"364","2022-11-18","Meal","Burger King","yemek.","52.00","1.00","₺","2022-11-30 08:59:12","2022-11-30 08:59:12",NULL,NULL,"3",NULL
"365","2022-11-30","Accommodation","Kır Ticaret","Mutfak için alçı.","70.00","1.00","₺","2022-11-30 08:59:52","2022-11-30 08:59:52",NULL,NULL,"16",NULL
"366","2022-11-18","Accommodation","Koçtaş","Mutfak için duvar fayansı ve yapıştırıcı derz vs.","725.00","1.00","₺","2022-11-30 09:00:49","2022-11-30 09:00:49",NULL,NULL,"16",NULL
"367","2022-11-17","Meal","Packer Burger","Akşam yemeği.","78.50","1.00","₺","2022-11-30 09:02:29","2022-11-30 09:02:29",NULL,NULL,"3",NULL
"368","2022-11-16","Meal","Serbestler","Dondurma.","12.00","1.00","₺","2022-11-30 09:04:06","2022-11-30 09:04:06",NULL,NULL,"3",NULL
"369","2022-11-13","Coffee","Naile Cafe","Kapı ekibi ile çay semaveri.","100.00","1.00","₺","2022-11-30 09:06:27","2022-11-30 09:06:27",NULL,NULL,"11",NULL
"370","2022-11-13","Meal","Mangal","Ekiple mangal organizasyonu için malzeme parası.","105.00","1.00","₺","2022-11-30 09:07:09","2022-11-30 09:07:09",NULL,NULL,"3",NULL
"371","2022-11-13","Market","Migros","Market alışverişi.","327.00","1.00","₺","2022-11-30 09:07:41","2022-11-30 09:07:41",NULL,NULL,"1",NULL
"372","2022-11-13","Market","Total","Market alışverişi.","67.00","1.00","₺","2022-11-30 09:08:21","2022-11-30 09:08:21",NULL,NULL,"1",NULL
"373","2022-11-12","Transportation","Kocaeli Belediyesi","Tramvay ücreti.","5.00","1.00","₺","2022-11-30 09:09:21","2022-11-30 09:09:21",NULL,NULL,"6",NULL
"374","2022-11-12","Alcohol","262 Live","Bira çerez.","140.00","1.00","₺","2022-11-30 09:09:54","2022-11-30 09:09:54",NULL,NULL,"10",NULL
"375","2022-11-12","Coffee","Rodopi","kahve.","102.00","1.00","₺","2022-11-30 09:11:04","2022-11-30 09:11:04",NULL,NULL,"11",NULL
"376","2022-11-12","Meal","Anayurt","yemek.","98.00","1.00","₺","2022-11-30 09:12:18","2022-11-30 09:12:18",NULL,NULL,"3",NULL
"377","2022-11-30","Market","Migros","Market alışverişi.","21.24","1.00","₺","2022-11-30 09:12:59","2022-11-30 09:12:59",NULL,NULL,"1",NULL
"378","2022-11-09","Coffee","Starbucks","kahve.","24.00","1.00","₺","2022-11-30 09:18:06","2022-11-30 09:18:06",NULL,NULL,"11",NULL
"379","2022-11-09","Market","Migros","Market alışverişi.","35.93","1.00","₺","2022-11-30 09:18:31","2022-11-30 09:18:31",NULL,NULL,"1",NULL
"380","2022-11-08","Meal","Pizza Piece","Akşam yemeği.","75.00","1.00","₺","2022-11-30 09:20:33","2022-11-30 09:20:33",NULL,NULL,"3",NULL
"381","2022-11-07","Collection","Koçtaş","Kitaplık","1889.10","1.00","₺","2022-11-30 09:22:53","2022-11-30 09:22:53",NULL,NULL,"4",NULL
"382","2022-11-06","Meal","Çiğköfteci","Çiğ köfte.","42.00","1.00","₺","2022-11-30 09:24:34","2022-11-30 09:24:34",NULL,NULL,"3",NULL
"383","2022-11-06","Fuel","Opet","xxxx. km akaryakıt.","448.43","1.00","₺","2022-11-30 09:28:22","2022-11-30 09:28:22",NULL,NULL,"2",NULL
"384","2022-11-06","Meal","Serbestler","Dondurma.","12.00","1.00","₺","2022-11-30 09:29:05","2022-11-30 09:29:05",NULL,NULL,"3",NULL
"385","2022-11-06","Market","Opet","Market alışverişi.","38.50","1.00","₺","2022-11-30 09:29:25","2022-11-30 09:29:25",NULL,NULL,"1",NULL
"386","2022-11-06","Coffee","Starbucks","kave","29.00","1.00","₺","2022-11-30 09:29:48","2022-11-30 09:29:48",NULL,NULL,"11",NULL
"387","2022-11-03","Meal","Serbestler","Dondurma.","12.00","1.00","₺","2022-11-30 09:33:28","2022-11-30 09:33:28",NULL,NULL,"3",NULL
"388","2022-11-03","Market","Opet","Market alışverişi.","66.00","1.00","₺","2022-11-30 09:34:41","2022-11-30 09:34:41",NULL,NULL,"1",NULL
"389","2022-11-27","Collection","Haller Gençlik","Ay Savaşçısı Figürü","300.00","1.00","₺","2022-11-30 09:59:01","2022-11-30 09:59:01",NULL,NULL,"4",NULL
"390","2022-11-25","Transportation","Galeri 10 Gölcük","Ford Ecosport için nakit transfer edilen miktar.","70000.00","1.00","₺","2022-11-30 10:02:34","2022-11-30 10:02:34",NULL,NULL,"6",NULL
"391","2022-11-30","Meal","SAÜ","Çay çikolata su.","11.00","1.00","₺","2022-11-30 11:05:08","2022-11-30 11:05:08",NULL,NULL,"3",NULL
"392","2022-11-30","Transportation","Adapazarı Minibüsleri","İzmit'ten SAÜ'ye gidiş minibüs ücreti.","25.00","2.00","₺","2022-11-30 11:06:21","2022-11-30 11:06:21",NULL,NULL,"6",NULL
"393","2022-11-30","Meal","SAÜ","Tost kahve.","46.50","1.00","₺","2022-11-30 12:51:48","2022-11-30 12:51:48",NULL,NULL,"3",NULL
"394","2022-11-30","Meal","Katık","Yaren ile birer dürüm.","108.00","1.00","₺","2022-12-01 12:38:30","2022-12-01 12:38:30",NULL,NULL,"3",NULL
"395","2022-11-30","Coffee","Adıbahçe","Yaren ile birer çay.","16.00","1.00","₺","2022-12-01 12:39:07","2022-12-01 12:39:07",NULL,NULL,"11",NULL
"396","2022-12-01","Meal","SAÜ","Sandiviç kahve.","52.00","1.00","₺","2022-12-01 12:39:53","2022-12-01 12:39:53",NULL,NULL,"3",NULL
"397","2022-12-01","Coffee","SAÜ","Kahve.","25.00","1.00","₺","2022-12-01 12:40:40","2022-12-01 12:40:40",NULL,NULL,"11",NULL
"398","2022-12-01","Market","SAÜ","Çay çikolata.","10.00","1.00","₺","2022-12-01 12:43:22","2022-12-01 12:43:22",NULL,NULL,"1",NULL
"399","2022-12-01","Transportation","Adapazarı Minibüsleri","Sakarya okula gidiş geliş.","25.00","2.00","₺","2022-12-01 15:18:40","2022-12-01 15:18:40",NULL,NULL,"6",NULL
"400","2022-12-01","Meal","Tavuk Dünyası","Akşam yemeği.","101.00","1.00","₺","2022-12-01 15:19:23","2022-12-01 15:19:23",NULL,NULL,"3",NULL
"401","2022-12-01","Coffee","Starbucks","Decaf kahve.","26.00","1.00","₺","2022-12-01 15:32:48","2022-12-01 15:32:48",NULL,NULL,"11",NULL
"403","2022-12-01","Clothes","LCW","Kot pantolon ve şemsiye.","479.98","1.00","₺","2022-12-01 18:39:07","2022-12-01 18:39:07",NULL,NULL,"15",NULL
"404","2022-12-01","Alcohol","262 Live","2 bira","45.00","2.00","₺","2022-12-01 20:13:12","2022-12-01 20:13:12",NULL,NULL,"10",NULL
"405","2022-12-02","Coffee","SAÜ","Kahve","22.00","1.00","₺","2022-12-02 11:52:02","2022-12-02 11:52:02",NULL,NULL,"11",NULL
"406","2022-12-02","Transportation","Adapazarı Minibüsleri","Üniversiteye gidiş geliş.","25.00","2.00","₺","2022-12-02 11:53:16","2022-12-02 11:53:16",NULL,NULL,"6",NULL
"407","2022-12-02","Transportation","Kartepe Birlik","İzmite gidiş-dönüş.","7.90","2.00","₺","2022-12-02 18:37:07","2022-12-02 18:37:07",NULL,NULL,"6",NULL
"408","2022-12-02","Fuel","Total","10550. km akaryakıt.","20.24","16.81","₺","2022-12-02 20:25:30","2022-12-02 20:25:30",NULL,NULL,"2",NULL
"409","2022-12-02","Market","A101","5 litre su.","7.25","6.00","₺","2022-12-04 11:54:48","2022-12-04 11:54:57",NULL,NULL,"1",NULL
"410","2022-12-04","Market","Bowlingo","0.5 ml su","6.00","1.00","₺","2022-12-04 13:23:22","2022-12-04 13:23:22",NULL,NULL,"1",NULL
"411","2022-12-04","Meal","Burger Amca","Burger amcada chessburger.","110.00","1.00","₺","2022-12-04 16:34:05","2022-12-04 16:34:05",NULL,NULL,"3",NULL
"412","2022-12-10","Market","Bim","Market alışverişi.","45.50","1.00","₺","2022-12-13 07:51:02","2022-12-13 07:51:02",NULL,NULL,"1",NULL
"413","2022-12-04","Market","Migros","Market alışverişi.","185.13","1.00","₺","2022-12-13 07:51:45","2022-12-13 07:51:45",NULL,NULL,"1",NULL
"414","2022-12-15","Clothes","Koton","Spor için short ve t-shirt.","340.00","1.00","₺","2022-12-15 16:50:37","2022-12-15 16:50:37",NULL,NULL,"15",NULL
"415","2022-12-15","Coffee","Starbucks","Decaf kahve.","29.00","1.00","₺","2022-12-15 16:50:52","2022-12-15 16:50:52",NULL,NULL,"11",NULL
"416","2023-01-01","Collection","Özdilek","3 kitap.","182.00","1.00","₺","2023-01-01 21:44:40","2023-01-01 21:44:40",NULL,NULL,"4",NULL
"417","2023-01-01","Market","Özdilek","Market alışverişi.","100.00","1.00","₺","2023-01-01 21:45:01","2023-01-01 21:45:01",NULL,NULL,"1",NULL
"418","2023-01-02","Health","Beyza Eczanesi","Zone sinir ucu alerjisi için ilaç alındı.","141.26","1.00","₺","2023-01-02 10:49:27","2023-01-02 10:49:27",NULL,NULL,"9",NULL
"419","2023-01-02","Meal","Vakfıkebir Pide Salonu","Ekiple dışarıda öğle yemeği.","100.00","1.00","₺","2023-01-02 10:50:05","2023-01-02 10:50:05",NULL,NULL,"3",NULL
"420","2023-01-01","Bills","Storytel","1 yıllık storytel aboneliği.","273.99","1.00","₺","2023-01-02 10:50:50","2023-01-02 10:50:59",NULL,NULL,"18",NULL
"421","2022-12-30","Transportation","Esoto","EcoSport yıllık bakımı.","2390.03","1.00","₺","2023-01-02 11:01:10","2023-01-02 11:01:10",NULL,NULL,"6",NULL
"422","2023-01-03","Market","Total","Abur cubur.","26.00","1.00","₺","2023-01-02 21:57:23","2023-01-02 21:57:23",NULL,NULL,"1",NULL
"423","2023-01-03","Transportation","Otobüs","Okul gidiş-geliş yol ücreti.","25.00","2.00","₺","2023-01-04 05:14:47","2023-01-04 05:14:47",NULL,NULL,"6",NULL
"424","2023-01-03","Coffee","SAÜ","çay","5.00","1.00","₺","2023-01-04 05:15:57","2023-01-04 05:15:57",NULL,NULL,"11",NULL
"425","2023-01-03","Coffee","Starbucks","3 kahve.","81.00","1.00","₺","2023-01-04 05:16:38","2023-01-04 05:16:38",NULL,NULL,"11",NULL
"426","2023-01-03","Meal","Alaçatı Muhallebicisi","Yeşimle çay tatlı.","212.00","1.00","₺","2023-01-04 05:17:50","2023-01-04 05:17:50",NULL,NULL,"3",NULL
"427","2023-01-03","Collection","D&R","Popular Science Ocak 2023","29.90","1.00","₺","2023-01-04 05:18:28","2023-01-04 05:18:28",NULL,NULL,"4",NULL
"428","2023-01-02","Meal","Çiğköfteci","Çiğköfte dürüm.","18.00","1.00","₺","2023-01-04 05:19:47","2023-01-04 05:19:47",NULL,NULL,"3",NULL
"429","2023-01-03","Alcohol","Crash","Tuğçe ile 2'şer bira.","40.00","4.00","₺","2023-01-04 05:20:37","2023-01-04 05:20:37",NULL,NULL,"10",NULL
"430","2023-01-05","Coffee","Starbucks","Decaf kahve.","35.00","1.00","₺","2023-01-05 18:35:51","2023-01-05 18:35:51",NULL,NULL,"11",NULL
"431","2023-01-05","Market","Migros","Abur cubur ve muz.","13.50","3.00","₺","2023-01-05 18:37:12","2023-01-05 18:37:12",NULL,NULL,"1",NULL
"432","2023-01-05","Collection","Migros","Kafkaokur ve 4 kitap.","139.50","1.00","₺","2023-01-05 18:39:10","2023-01-05 18:39:10",NULL,NULL,"4",NULL
"433","2023-01-07","Market","A101","Babama şemsiye, su ve market alışverişi.","173.00","1.00","₺","2023-01-07 11:39:39","2023-01-07 11:39:39",NULL,NULL,"1",NULL
"434","2023-01-07","Market","Akyüz Büfe","Moşe için bisküvi.","15.00","1.00","₺","2023-01-07 11:41:22","2023-01-07 11:41:22",NULL,NULL,"1",NULL
"435","2023-01-07","Benefaction","Hasan İsen","Hasan İsen'den adaklık koyun bedeli. Kesim + et.","2850.00","1.00","₺","2023-01-07 11:43:55","2023-01-07 11:43:55",NULL,NULL,"7",NULL
"436","2023-01-07","Market","A101","Lt ayran.","19.25","1.00","₺","2023-01-07 11:59:43","2023-01-07 11:59:43",NULL,NULL,"1",NULL
"437","2023-01-06","Fuel","Opet","11510km akaryakıt.","19.69","39.12","₺","2023-01-07 12:00:58","2023-01-07 12:00:58",NULL,NULL,"2",NULL
"438","2023-01-07","Alcohol","262 Live","Alkol.","155.00","1.00","₺","2023-01-09 07:43:39","2023-01-09 07:43:39",NULL,NULL,"10",NULL
"439","2023-01-08","Meal","Şölen İşkembe","Ekiple öğle yemeği.","60.00","1.00","₺","2023-01-09 07:44:12","2023-01-09 07:44:12",NULL,NULL,"3",NULL
"440","2023-01-08","Meal","Trabzon Fırını","Kahvaltı için poğaça börek.","70.00","1.00","₺","2023-01-09 07:44:50","2023-01-09 07:44:50",NULL,NULL,"3",NULL
"441","2023-01-08","Alcohol","262 Live","İrem'le sohbet.","485.00","1.00","₺","2023-01-09 07:45:40","2023-01-09 07:45:40",NULL,NULL,"10",NULL
"442","2023-01-08","Market","Total","Cips karam.","60.00","1.00","₺","2023-01-09 07:46:04","2023-01-09 07:46:04",NULL,NULL,"1",NULL
"443","2023-01-09","Meal","SAÜ","Kahvaltı.","85.00","1.00","₺","2023-01-09 07:46:27","2023-01-09 07:46:27",NULL,NULL,"3",NULL
"444","2023-01-09","Alcohol","Migros","6*50 Tuborg gold kutu","167.95","1.00","₺","2023-01-09 18:39:32","2023-01-09 18:39:32",NULL,NULL,"10",NULL
"445","2023-01-09","Meal","Burger King","Esra ile akşam yemeği burger.","191.00","1.00","₺","2023-01-09 18:40:19","2023-01-09 18:40:19",NULL,NULL,"3",NULL
"446","2023-01-09","Transportation","Otobüs","Saü git gel.","25.00","2.00","₺","2023-01-09 18:41:11","2023-01-09 18:41:11",NULL,NULL,"6",NULL
"447","2023-01-10","Clothes","Fethiye Kundura","Evime terlik.","59.00","1.00","₺","2023-01-10 16:29:09","2023-01-10 16:29:09",NULL,NULL,"15",NULL
"448","2023-01-10","Coffee","Kahve Dükkanı","Amekicano","22.00","1.00","₺","2023-01-10 16:29:27","2023-01-10 16:29:27",NULL,NULL,"11",NULL
"449","2023-01-10","Meal","Keyif-i İkram","Akşam yemeği.","151.00","1.00","₺","2023-01-10 16:29:55","2023-01-10 16:29:55",NULL,NULL,"3",NULL
"450","2023-01-11","Transportation","Otobüs","Okula git gel.","30.00","2.00","₺","2023-01-11 13:53:35","2023-01-11 13:53:35",NULL,NULL,"6",NULL
"451","2023-01-11","Market","A101","Abur cubur ve evi ihityaçları.","426.15","1.00","₺","2023-01-11 13:54:03","2023-01-11 13:54:03",NULL,NULL,"1",NULL
"452","2023-01-11","Meal","SAÜ","Kahvaltı.","100.00","1.00","₺","2023-01-11 13:54:31","2023-01-11 13:54:31",NULL,NULL,"3",NULL
"453","2023-01-11","Alcohol","262 Live","1 bira","60.00","1.00","₺","2023-01-11 13:54:58","2023-01-11 13:54:58",NULL,NULL,"10",NULL
"454","2023-01-13","Market","A101","Market alışverişi.","150.70","1.00","₺","2023-01-14 10:43:43","2023-01-14 10:43:43",NULL,NULL,"1",NULL
"455","2023-01-14","Barber","Murat Söyük","Tıraş parası","150.00","1.00","₺","2023-01-14 10:44:10","2023-01-14 10:44:10",NULL,NULL,"12",NULL
"456","2023-01-14","Market","Salı Pazarı","Ev için süpürge askı vs.","182.50","1.00","₺","2023-01-14 10:45:48","2023-01-14 10:45:48",NULL,NULL,"1",NULL
"457","2023-01-18","Market","Bim","Market alışverişi.","171.62","1.00","₺","2023-01-18 10:33:31","2023-01-18 10:33:31",NULL,NULL,"1",NULL
"458","2023-01-18","Collection","A101","9 kitap.","50.00","1.00","₺","2023-01-18 10:34:28","2023-01-18 10:34:28",NULL,NULL,"4",NULL
"459","2023-01-18","Hobby","A101","Saksı, çiçek","122.00","1.00","₺","2023-01-18 10:34:56","2023-01-18 10:34:56",NULL,NULL,"14",NULL
"460","2023-01-17","Market","262 Live","2 bira","60.00","2.00","₺","2023-01-18 10:35:25","2023-01-18 10:35:25",NULL,NULL,"1",NULL
"461","2023-01-24","Coffee","Starbucks","1 kahve.","47.00","1.00","₺","2023-01-24 07:25:10","2023-01-24 07:25:10",NULL,NULL,"11",NULL
"462","2023-01-24","Fuel","BP","12005. km yakıt bedeli.","20.58","40.03","₺","2023-01-24 07:26:09","2023-01-24 07:26:09",NULL,NULL,"2",NULL
"463","2023-01-24","Alcohol","262 Live","2 bira.","60.00","2.00","₺","2023-01-25 07:46:55","2023-01-25 07:47:38",NULL,NULL,"10",NULL
"464","2023-01-24","Meal","Seyyar Kestaneci","Küçük kese kavrulmuş kestane.","20.00","1.00","₺","2023-01-25 07:47:30","2023-01-25 07:47:30",NULL,NULL,"3",NULL
"465","2023-01-24","Meal","Çiğköfteci","Çiğköfte dürüm.","21.00","1.00","₺","2023-01-25 07:47:55","2023-01-25 07:47:55",NULL,NULL,"3",NULL
"466","2023-01-24","Meal","Katık Dürüm","Katık dürüm ayran.","50.00","1.00","₺","2023-01-25 07:48:22","2023-01-25 07:48:22",NULL,NULL,"3",NULL
"467","2023-02-06","Market","A101","Market alışverişi.","334.15","1.00","₺","2023-02-06 13:01:00","2023-02-06 13:01:00",NULL,NULL,"1",NULL
"468","2023-02-05","Parking","Ulaşımpark","Otopark ücreti.","27.50","1.00","₺","2023-02-06 13:02:50","2023-02-06 13:02:50",NULL,NULL,"5",NULL
"469","2023-02-04","Alcohol","262 Live","İrem ile birlikte bira sohbet.","350.00","1.00","₺","2023-02-06 13:04:29","2023-02-06 13:04:29",NULL,NULL,"10",NULL
"470","2023-02-05","Fuel","Opet","12530. km yakıt.","21.30","40.39","₺","2023-02-06 13:18:07","2023-02-06 13:18:31",NULL,NULL,"2",NULL
"471","2023-02-05","Alcohol","Migros","6*50 Efes Malt kutu.","196.95","1.00","₺","2023-02-06 13:21:40","2023-02-06 13:21:40",NULL,NULL,"10",NULL
"472","2023-02-06","Hobby","Tolga Alver","Mihran hocanın 2 günlük workshop eğitim ücreti.","450.00","1.00","₺","2023-02-06 13:22:44","2023-02-06 13:22:44",NULL,NULL,"14",NULL
"473","2023-02-06","Coffee","Tolga Alver","Çay kahve parası.","40.00","1.00","₺","2023-02-06 13:23:06","2023-02-06 13:23:06",NULL,NULL,"11",NULL
"474","2023-02-06","Benefaction","Beril Ceylan","Burs Şubat","1200.00","1.00","₺","2023-02-06 13:27:53","2023-02-06 13:27:53",NULL,NULL,"7",NULL
"475","2023-02-04","Accommodation","Kombici","Bozulmuş kombi yerine ikinci el kombi parası.","6000.00","1.00","₺","2023-02-06 13:29:26","2023-02-06 13:29:26",NULL,NULL,"16",NULL
"476","2023-02-07","Bills","Turkcell","Cep faturası.","100.90","1.00","₺","2023-02-06 13:30:49","2023-02-06 13:30:49",NULL,NULL,"18",NULL
"477","2023-02-05","Collection","Migros","Kafkaokur 75.","25.00","1.00","₺","2023-02-06 13:38:42","2023-02-06 13:38:42",NULL,NULL,"4",NULL
"478","2023-02-05","Collection","D&R","All about space ve 2 kitap.","157.50","1.00","₺","2023-02-06 13:39:37","2023-02-06 13:39:37",NULL,NULL,"4",NULL
"479","2023-02-02","Hobby","Tolga Alver","Milonga giriş.","50.00","1.00","₺","2023-02-06 13:41:13","2023-02-06 13:41:13",NULL,NULL,"14",NULL
"480","2023-02-05","Hobby","Tiyatro 262","Öğretmen oyun girişi.","30.00","1.00","₺","2023-02-06 13:41:59","2023-02-06 13:41:59",NULL,NULL,"14",NULL
"481","2023-02-06","Benefaction","Ahbap Derneği","Kahramanmaraş'taki deprem için destek","504.00","1.00","₺","2023-02-06 13:57:06","2023-02-06 13:57:06",NULL,NULL,"7",NULL
"482","2023-02-07","Hobby","SAÜ","İkinci dönem harç parası.","1243.00","1.00","₺","2023-02-07 12:38:15","2023-02-07 12:38:15",NULL,NULL,"14",NULL
"483","2023-02-15","Hobby","MNG Kargo","12 adet MY Ajanda kargo bedeli.","55.20","1.00","₺","2023-02-15 17:27:07","2023-02-15 17:27:07",NULL,NULL,"14",NULL
"484","2023-02-15","Meal","Burger Amca","Burger amcada chessburger.","88.00","1.00","₺","2023-02-15 17:27:52","2023-02-15 17:27:52",NULL,NULL,"3",NULL
"485","2023-02-15","Collection","Migros","Kitap.","14.90","1.00","₺","2023-02-15 18:00:01","2023-02-15 18:00:01",NULL,NULL,"4",NULL
"486","2023-02-16","Market","Opet","Abur cubur.","55.00","1.00","₺","2023-02-16 17:11:42","2023-02-16 17:11:42",NULL,NULL,"1",NULL
"487","2023-02-16","Fuel","Opet","13010. km yakıt.","21.12","38.35","₺","2023-02-16 17:12:19","2023-02-16 17:12:19",NULL,NULL,"2",NULL
"488","2023-02-11","Market","Mr. DIY","Makas, bant vs.","171.00","1.00","₺","2023-02-26 07:02:47","2023-02-26 07:02:47",NULL,NULL,"1",NULL
"489","2023-02-17","Benefaction","Mango","Tuğçe'ye kolye.","183.99","1.00","₺","2023-02-26 07:08:01","2023-02-26 07:08:01",NULL,NULL,"7",NULL
"490","2023-02-17","Market","Migros","Market alışverişi.","132.00","1.00","₺","2023-02-27 09:06:29","2023-02-27 09:06:29",NULL,NULL,"1",NULL
"491","2023-02-17","Benefaction","Mango","Tuğçe için ceket etek.","1456.98","1.00","₺","2023-02-27 10:33:36","2023-02-27 10:33:36",NULL,NULL,"7",NULL
"492","2023-02-16","Market","Koçtaş","Eve ıvır zıvır.","287.87","1.00","₺","2023-02-27 10:41:04","2023-02-27 10:41:04",NULL,NULL,"1",NULL
"493","2023-02-26","Parking","Ulaşımpark","Otopark ücreti.","12.00","1.00","₺","2023-02-27 10:41:53","2023-02-27 10:41:53",NULL,NULL,"5",NULL
"494","2023-02-14","Parking","Ulaşımpark","Otopark ücreti.","11.00","1.00","₺","2023-02-27 10:42:18","2023-02-27 10:42:18",NULL,NULL,"5",NULL
"495","2023-02-17","Benefaction","Koçtaş","Orkide.","206.91","1.00","₺","2023-02-27 10:55:24","2023-02-27 10:55:24",NULL,NULL,"7",NULL
"496","2023-02-28","Fuel","Opet","13521 km yakıt.","20.70","41.06","₺","2023-02-28 21:06:29","2023-02-28 21:06:29",NULL,NULL,"2",NULL
"497","2023-03-07","Collection","Civil","Pepe oyuncağı, koleksiyon için.","269.00","1.00","₺","2023-03-07 15:14:56","2023-03-07 15:14:56",NULL,NULL,"4",NULL
"498","2023-03-07","Benefaction","Civil","Melike’ye bebek hediyesi","469.00","1.00","₺","2023-03-07 15:17:05","2023-03-07 15:17:05",NULL,NULL,"7",NULL
"499","2023-03-07","Meal","Bizim Burger","Melike ile birer Meksika burger.","130.00","1.00","₺","2023-03-07 15:17:58","2023-03-07 15:17:58",NULL,NULL,"3",NULL
"500","2023-03-07","Coffee","Kahve Dükkanı","Orta filtre kahve.","27.00","1.00","₺","2023-03-07 15:19:27","2023-03-07 15:19:27",NULL,NULL,"11",NULL
"501","2023-03-06","Coffee","Starbucks","Decaf Americano","35.00","1.00","₺","2023-03-07 15:20:12","2023-03-07 15:20:12",NULL,NULL,"11",NULL
"502","2023-03-08","Benefaction","Pastane","Emre'ye bebek görmeye tatlı.","140.00","1.00","₺","2023-03-09 07:03:10","2023-03-09 07:03:10",NULL,NULL,"7",NULL
"503","2023-03-08","Benefaction","Emre Çelebi","Emre'ye bebek hediyesi.","400.00","1.00","₺","2023-03-09 07:03:38","2023-03-09 07:03:38",NULL,NULL,"7",NULL
"504","2023-03-08","Benefaction","Se","Burs Mart","1200.00","1.00","₺","2023-03-09 07:04:37","2023-03-09 07:04:37",NULL,NULL,"7",NULL
"505","2023-03-18","Health","Eczane","Nurofen","72.50","1.00","₺","2023-03-20 11:59:14","2023-03-20 11:59:33",NULL,NULL,"9",NULL
"506","2023-03-19","Hobby","A101","Saksı ve çiçek soğanı","50.00","1.00","₺","2023-03-20 12:10:17","2023-03-20 12:10:17",NULL,NULL,"14",NULL
"507","2023-03-19","Market","A101","Kablo","30.00","1.00","₺","2023-03-20 12:10:46","2023-03-20 12:10:46",NULL,NULL,"1",NULL
"508","2023-03-18","Clothes","LCW","Kot ve keten pantolon","609.98","1.00","₺","2023-03-20 12:11:40","2023-03-20 12:11:40",NULL,NULL,"15",NULL
"509","2023-03-19","Collection","KS Store","2 atkı","180.00","1.00","₺","2023-03-20 12:12:43","2023-03-20 12:12:43",NULL,NULL,"4",NULL
"510","2023-03-19","Clothes","KS Store","Kocaelispor Kapşonlu","350.00","1.00","₺","2023-03-20 12:13:49","2023-03-20 12:13:49",NULL,NULL,"15",NULL
"511","2023-03-21","Meal","Maçka İşkembe","Tuğçe ile çorba.","165.00","1.00","₺","2023-03-21 22:05:08","2023-03-21 22:05:08",NULL,NULL,"3",NULL
"512","2023-03-21","Bills","Netflix","Netflix Aylık","130.00","1.00","₺","2023-03-21 22:05:45","2023-03-21 22:05:45",NULL,NULL,"18",NULL
"513","2023-03-21","Meal","Packet Burger","Tuğçe ile öğle yemeği 2 burger menü.","165.00","1.00","₺","2023-03-21 22:06:21","2023-03-21 22:06:21",NULL,NULL,"3",NULL
"514","2023-03-21","Alcohol","262 Live","2 Bira, kokteyl, çerez, turşu.","360.00","1.00","₺","2023-03-21 22:06:55","2023-03-21 22:06:55",NULL,NULL,"10",NULL
"515","2023-03-21","Meal","Çiğköfteci","Çiğköfte dürüm.","20.00","1.00","₺","2023-03-21 22:07:15","2023-03-21 22:07:15",NULL,NULL,"3",NULL
"516","2023-03-21","Collection","Opet","4 Kitap","160.00","1.00","₺","2023-03-21 22:08:25","2023-03-21 22:08:25",NULL,NULL,"4",NULL
"517","2023-03-21","Market","Opet","Market alışverişi.","46.00","1.00","₺","2023-03-21 22:08:45","2023-03-21 22:08:45",NULL,NULL,"1",NULL
"518","2023-03-23","Tax-Penalty Charge","TUVTURK ARAC MUAYENE","Ford EcoSport TUVTURK ARAC MUAYENE","1387.33","1.00","₺","2023-03-24 09:11:53","2023-03-24 09:11:53",NULL,NULL,"13",NULL
"519","2023-03-23","Tax-Penalty Charge","Devlet","Ecosport 2023 Ocak ve Haziran Bandrolleri.","1812.17","1.00","₺","2023-03-24 09:13:09","2023-03-24 09:13:09",NULL,NULL,"13",NULL
"520","2023-03-23","Tax-Penalty Charge","Devlet","Alkollü yakalanma cezası + gecikme faizi.","2096.45","1.00","₺","2023-03-24 09:14:37","2023-03-24 09:14:37",NULL,NULL,"13",NULL
"521","2023-03-24","Fuel","Opet","14554. km yakıt.","20.80","41.06","₺","2023-03-24 13:15:04","2023-03-24 13:15:04",NULL,NULL,"2",NULL
"522","2023-03-25","Transportation","Akmeşe Otobüsleri","Akmeşe İzmit gidiş.","17.50","1.00","₺","2023-03-25 12:08:26","2023-03-25 12:08:26",NULL,NULL,"6",NULL
"523","2023-03-26","Transportation","Devlet","Kentkart 200 TL yükleme.","200.00","1.00","₺","2023-03-29 06:31:55","2023-03-29 06:31:55",NULL,NULL,"6",NULL
"524","2023-03-28","Market","Düven Hırdavat","Endüstriyel köpük.","74.90","1.00","₺","2023-03-29 06:33:09","2023-03-29 06:33:09",NULL,NULL,"1",NULL
"525","2023-03-29","Market","Migros","Market alışverişi.","268.77","1.00","₺","2023-03-29 06:45:35","2023-03-29 06:45:35",NULL,NULL,"1",NULL
"526","2023-03-27","Transportation","Takside POS","Kaptan'dan eve taksi.","114.95","1.00","₺","2023-03-29 06:46:44","2023-03-29 06:46:44",NULL,NULL,"6",NULL
"527","2023-01-30","Market","Şok","Market alışverişi.","41.25","1.00","₺","2023-03-29 06:47:53","2023-03-29 06:47:53",NULL,NULL,"1",NULL
"528","2023-01-23","Market","Bim","Market alışverişi.","230.00","1.00","₺","2023-03-29 06:49:42","2023-03-29 06:49:42",NULL,NULL,"1",NULL
"529","2023-03-27","Market","Total","Market alışverişi.","23.50","1.00","₺","2023-03-29 06:50:52","2023-03-29 06:50:52",NULL,NULL,"1",NULL
"530","2023-03-28","Transportation","TCDD","İstanbul tren bileti.","59.00","1.00","₺","2023-03-29 06:57:26","2023-03-29 06:57:26",NULL,NULL,"6",NULL
"531","2023-04-11","Fuel","Opet","15090km","22.66","42.81","₺","2023-04-11 21:10:35","2023-04-11 21:10:35",NULL,NULL,"2",NULL
"532","2023-04-27","Fuel","Opet","15628. km yakıt","21.47","40.52","₺","2023-04-27 15:10:16","2023-04-27 15:10:16",NULL,NULL,"2",NULL
"533","2023-05-07","Fuel","Opet","15938.8km akaryakıt.","19.64","26.99","₺","2023-05-07 19:55:49","2023-05-07 19:55:49",NULL,NULL,"2",NULL
"534","2023-05-22","Fuel","Opet","Xxxx. km akaryakıt.","20.81","16.82","₺","2023-05-22 21:53:18","2023-05-22 21:53:18",NULL,NULL,"2",NULL
"535","2023-05-24","Fuel","Shell","16971.8km akaryakıt.","21.46","33.32","₺","2023-05-23 23:56:39","2023-05-23 23:56:39",NULL,NULL,"2",NULL
"536","2023-05-28","Fuel","Opet","17532.7 km yakıt","20.92","38.24","₺","2023-05-28 09:00:32","2023-05-28 09:00:32",NULL,NULL,"2",NULL
"537","2023-05-29","Fuel","Opet","17784km akaryakıt.","20.81","21.15","₺","2023-05-29 05:13:33","2023-05-29 05:13:33",NULL,NULL,"2",NULL
"538","2023-06-04","Fuel","Opet","18323.5km","21.55","42.69","₺","2023-06-04 11:14:07","2023-06-04 11:14:07",NULL,NULL,"2",NULL
"539","2023-06-10","Fuel","Opet","18720. km","24.31","29.62","₺","2023-06-10 15:08:15","2023-06-10 15:08:15",NULL,NULL,"2",NULL
"540","2023-06-17","Fuel","Opet","19241.9km","24.36","41.46","₺","2023-06-17 18:53:43","2023-06-17 18:53:43",NULL,NULL,"2",NULL
"541","2023-07-02","Fuel","Opet","20512km","24.44","20.46","₺","2023-07-02 20:10:05","2023-07-02 20:10:05",NULL,NULL,"2",NULL
"542","2023-07-08","Fuel","Opet","21003.5km","26.64","40.17","₺","2023-07-08 17:38:53","2023-07-08 17:38:53",NULL,NULL,"2",NULL
"543","2023-07-15","Fuel","Opet","21538km","28.44","42.19","₺","2023-07-15 13:47:45","2023-07-15 13:47:45",NULL,NULL,"2",NULL
"544","2023-07-16","Collection","Tshirtçü","3 adet küçük Dragonball figürü.","110.00","3.00","₺","2023-07-17 17:45:42","2023-07-17 17:45:42",NULL,NULL,"4",NULL
"545","2023-07-16","Clothes","Tshirtçü","Dragonball T-shirt","220.00","1.00","₺","2023-07-17 17:46:42","2023-07-17 17:46:42",NULL,NULL,"15",NULL
"546","2023-07-20","Fuel","Opet","21953.2km","34.44","33.12","₺","2023-07-20 16:20:42","2023-07-20 16:20:42",NULL,NULL,"2",NULL
"547","2023-07-24","Fuel","Opet","22213.4km","34.44","22.50","₺","2023-07-24 16:10:34","2023-07-24 16:11:08",NULL,NULL,"2",NULL
"548","2023-07-29","Fuel","Opet",".... km","36.04","19.42","₺","2023-08-02 06:37:43","2023-08-02 06:37:43",NULL,NULL,"2",NULL
"549","2023-07-30","Fuel","Opet",".... km","36.04","28.86","₺","2023-08-02 06:39:14","2023-08-02 06:39:14",NULL,NULL,"2",NULL
"550","2023-08-06","Fuel","Opet","23185.9","36.53","34.49","₺","2023-08-06 04:40:48","2023-08-06 04:40:48",NULL,NULL,"2",NULL
"551","2023-08-13","Fuel","Opet","23698.1 km","36.58","43.19","₺","2023-08-13 10:52:21","2023-08-13 10:53:08",NULL,NULL,"2",NULL
"552","2023-08-17","Hobby","Koçtaş","2 adet kitaplık.","737.82","2.00","₺","2023-08-17 08:39:01","2023-09-13 11:48:13",NULL,NULL,"14",NULL
"553","2023-08-17","Collection","Migros","4 adet kitap.","103.00","1.00","₺","2023-08-17 08:41:23","2023-08-17 08:41:23",NULL,NULL,"4",NULL
"554","2023-08-19","Benefaction",NULL,"Elif Yıldızhan’a düğün takısı.","350.00","1.00","₺","2023-08-19 17:17:00","2023-08-19 17:17:00",NULL,NULL,"7",NULL
"555","2023-08-22","Fuel","Opet","24212.1km","38.19","39.70","₺","2023-08-22 21:04:48","2023-08-22 21:04:48",NULL,NULL,"2",NULL
"556","2023-09-06","Fuel","Opet","24732.0km","37.30","42.94","₺","2023-09-06 16:24:16","2023-09-06 16:24:16",NULL,NULL,"2",NULL
"557","2023-09-12","Fuel","Opet","25100.2km","37.35","29.45","₺","2023-09-12 19:31:37","2023-09-12 19:31:37",NULL,NULL,"2",NULL
"558","2023-09-18","Fuel","Opet","25590km","39.04","42.10","₺","2023-09-18 22:25:41","2023-09-18 22:25:41",NULL,NULL,"2",NULL
"559","2023-09-26","Fuel","Opet","26128.4km","37.16","40.64","₺","2023-09-26 20:07:08","2023-09-26 20:07:08",NULL,NULL,"2",NULL
"560","2023-10-06","Fuel","Total","26677.5km","33.95","4.42","₺","2023-10-06 14:21:40","2023-10-06 14:21:40",NULL,NULL,"2",NULL
"561","2023-10-06","Fuel","Opet","26698.7km","34.10","41.36","₺","2023-10-06 22:53:03","2023-10-06 22:53:03",NULL,NULL,"2",NULL
"562","2023-10-16","Fuel","Opet","27210.3km","34.17","42.43","₺","2023-10-16 16:39:53","2023-10-16 16:39:53",NULL,NULL,"2",NULL
"563","2023-10-22","Fuel","Opet","27741.9km","35.76","39.94","₺","2023-10-22 16:34:13","2023-10-22 16:34:13",NULL,NULL,"2",NULL
"564","2023-11-02","Fuel","Opet","28228km","35.06","39.93","₺","2023-11-02 19:39:17","2023-11-02 19:39:17",NULL,NULL,"2",NULL
"565","2023-11-09","Fuel","Opet","28790.1km","35.06","43.97","₺","2023-11-09 09:31:48","2023-11-09 09:31:48",NULL,NULL,"2",NULL
"566","2023-11-17","Fuel","Opet","29302.9km","35.11","42.72","₺","2023-11-17 23:07:33","2023-11-17 23:07:33",NULL,NULL,"2",NULL
"567","2023-11-28","Fuel","Opet","29803.5km","35.13","39.28","₺","2023-11-28 22:37:09","2023-11-28 22:37:09",NULL,NULL,"2",NULL
"568","2023-12-07","Fuel","Opet","30314.7","35.18","41.41","₺","2023-12-07 20:33:30","2023-12-07 20:33:30",NULL,NULL,"2",NULL
"569","2023-12-15","Fuel","Opet","30821.6 km","33.60","41.07","₺","2023-12-15 20:43:51","2023-12-15 20:43:51",NULL,NULL,"2",NULL
"570","2023-12-20","Fuel","Opet","31312.1km","35.10","41.03","₺","2023-12-20 18:23:00","2023-12-20 18:23:00",NULL,NULL,"2",NULL
"571","2024-01-01","Fuel","Opet","31790.4km","35.11","39.31","₺","2024-01-01 21:13:15","2024-01-01 21:13:15",NULL,NULL,"2",NULL
"572","2024-01-07","Alcohol","262 Live","4 bira içtim.","75.00","4.00","₺","2024-01-08 14:10:34","2024-01-08 14:10:34",NULL,NULL,"10",NULL
"573","2024-01-07","Meal","McDonalds","Milli burger","170.00","1.00","₺","2024-01-08 14:13:32","2024-01-08 14:13:32",NULL,NULL,"3",NULL
"574","2024-01-07","Meal","SerBahçe","Şenay ile birlikte kahvaltı.","894.00","1.00","₺","2024-01-08 14:14:10","2024-01-08 14:14:10",NULL,NULL,"3",NULL
"575","2024-01-10","Meal","Tavuk Dünyası","Çorba ve chili tavuk","225.00","1.00","₺","2024-01-10 18:14:05","2024-01-10 18:14:05",NULL,NULL,"3",NULL
"576","2024-01-10","Collection","D&R","4 kitap","149.60","1.00","₺","2024-01-10 18:14:52","2024-01-10 18:14:52",NULL,NULL,"4",NULL
"577","2024-01-10","Collection","Migros","3 dergi","135.80","1.00","₺","2024-01-10 18:15:43","2024-01-10 18:15:43",NULL,NULL,"4",NULL
"578","2024-01-10","Market","Bim","Market alışverişi abur cubur","176.50","1.00","₺","2024-01-10 18:16:27","2024-01-10 18:16:27",NULL,NULL,"1",NULL
"579","2024-01-10","Savings","Allianz","BES","1000.00","1.00","₺","2024-01-10 18:17:13","2024-01-10 18:17:13",NULL,NULL,"8",NULL
"580","2024-01-10","Market","Günkay","Market alışverişi.","1003.53","1.00","₺","2024-01-10 18:59:27","2024-01-10 18:59:27",NULL,NULL,"1",NULL
"581","2024-01-11","Fuel","Opet","32312.3km","37.38","42.84","₺","2024-01-11 18:36:06","2024-01-11 18:36:06",NULL,NULL,"2",NULL
"582","2024-01-22","Alcohol","262 Live","3 bira.","100.00","3.00","₺","2024-01-23 08:43:02","2024-01-23 08:43:02",NULL,NULL,"10",NULL
"583","2024-01-18","Fuel","Opet",".... km","36.82","28.52","₺","2024-01-23 08:43:37","2024-01-23 08:43:47",NULL,NULL,"2",NULL
"584","2024-01-20","Hobby","Noche Miloga","Tango gecesi giriş bedeli.","200.00","1.00","₺","2024-01-23 11:20:39","2024-01-23 11:20:39",NULL,NULL,"14",NULL
"585","2024-01-21","Hobby","Noche Miloga","Workshop bedeli.","900.00","1.00","₺","2024-01-23 11:21:12","2024-01-23 11:21:12",NULL,NULL,"14",NULL
"586","2024-01-22","Meal","Sosici","2 adet sosisli ayran.","130.00","1.00","₺","2024-01-23 11:21:37","2024-01-23 11:21:37",NULL,NULL,"3",NULL
"587","2024-01-23","Alcohol","262 Live","2 bira","100.00","2.00","₺","2024-01-24 12:44:50","2024-01-24 12:44:50",NULL,NULL,"10",NULL
"588","2024-01-23","Fuel","Opet","33184km","38.90","40.39","₺","2024-01-24 12:45:17","2024-01-26 10:45:51",NULL,NULL,"2",NULL
"589","2024-01-25","Alcohol","262 Live","2 bira.","200.00","1.00","₺","2024-01-26 10:45:14","2024-01-26 10:45:14",NULL,NULL,"10",NULL
"590","2024-01-26","Coffee","Starbucks","2 kahve bir sandviç.","175.00","1.00","₺","2024-01-26 10:46:37","2024-01-26 10:46:37",NULL,NULL,"11",NULL
"591","2024-01-26","Meal","Karadeniz Pidecisi","3 pide 1 ayran","90.00","1.00","₺","2024-01-26 10:47:00","2024-01-26 10:47:00",NULL,NULL,"3",NULL
"592","2024-01-31","Fuel","Opet","33595km","39.90","33.08","₺","2024-01-31 21:21:23","2024-01-31 21:21:23",NULL,NULL,"2",NULL
"593","2024-01-31","Alcohol","262 Live","2 bira + turşu","255.00","1.00","₺","2024-01-31 21:32:48","2024-01-31 21:32:48",NULL,NULL,"10",NULL
"594","2024-01-31","Meal","Köfteci Yusuf","Çorba","50.00","1.00","₺","2024-01-31 21:33:09","2024-01-31 21:33:09",NULL,NULL,"3",NULL
"595","2024-01-31","Market","Opet","Tadelle King Size","26.00","1.00","₺","2024-01-31 21:33:31","2024-01-31 21:33:31",NULL,NULL,"1",NULL
"596","2024-02-03","Coffee","Starbucks","1 sandviç 1 kahve","100.00","1.00","₺","2024-02-03 11:32:45","2024-02-03 11:32:45",NULL,NULL,"11",NULL
"597","2024-02-03","Collection","Cix Spor","4 Kocaelispor atkısı.","420.00","1.00","₺","2024-02-03 11:33:17","2024-02-03 11:33:17",NULL,NULL,"4",NULL
"598","2024-02-05","Fuel","Opet","34051.2km","39.94","40.31","₺","2024-02-05 17:20:47","2024-02-05 17:20:47",NULL,NULL,"2",NULL
"599","2024-02-08","Alcohol","262 Live","İki bira.","100.00","2.00","₺","2024-02-09 11:00:53","2024-02-09 11:01:02",NULL,NULL,"10",NULL
"600","2024-02-13","Fuel","Opet","34497.9km","40.04","39.47","₺","2024-02-13 20:48:34","2024-02-13 20:48:34",NULL,NULL,"2",NULL
"601","2024-02-13","Alcohol","262 Live","2 bira.","100.00","2.00","₺","2024-02-14 10:32:54","2024-02-14 10:32:54",NULL,NULL,"10",NULL
"602","2024-02-13","Meal","The Hunger","Ekiple akşam yemeği.","500.00","1.00","₺","2024-02-14 10:35:57","2024-02-14 10:35:57",NULL,NULL,"3",NULL
"603","2024-02-18","Alcohol","262 Live","1 bira 1 çörçil.","160.00","1.00","₺","2024-02-19 13:00:26","2024-02-19 13:00:26",NULL,NULL,"10",NULL
"604","2024-02-19","Health","Eczane","Orzax Ocean ExtraMag 200mg","549.50","1.00","₺","2024-02-19 13:01:28","2024-02-19 13:01:28",NULL,NULL,"9",NULL
"605","2024-02-17","Alcohol","262 Live","Buse ve Ezgi ile oturma.","1010.00","1.00","₺","2024-02-19 13:08:50","2024-02-19 13:09:00",NULL,NULL,"10",NULL
"606","2024-02-10","Alcohol","262 Live",NULL,"1110.00","1.00","₺","2024-02-19 13:31:46","2024-02-19 13:31:46",NULL,NULL,"10",NULL
"607","2024-02-12","Savings","Allianz","BES","1500.00","1.00","₺","2024-02-19 13:32:41","2024-02-19 13:32:41",NULL,NULL,"8",NULL
"608","2024-02-17","Collection","Kitapçı","Arastada seyyar tezgahtan 11 mitoloji kitabı.","50.00","11.00","₺","2024-02-19 17:15:10","2024-02-19 17:15:10",NULL,NULL,"4",NULL
"609","2024-02-20","Fuel","Opet","34991.2km","41.83","39.21","₺","2024-02-20 21:51:08","2024-02-20 21:51:08",NULL,NULL,"2",NULL
"610","2024-02-20","Market","Opet","Abur cubur.","125.00","1.00","₺","2024-02-20 21:51:30","2024-02-20 21:51:30",NULL,NULL,"1",NULL
"611","2024-02-20","Alcohol","262 Live","2 bira","100.00","2.00","₺","2024-02-20 21:51:53","2024-02-20 21:51:53",NULL,NULL,"10",NULL
"612","2024-02-22","Alcohol","North Shield","Ezgi Ünlü ile bira sohbet.","1450.00","1.00","₺","2024-02-23 13:33:16","2024-02-23 13:33:16",NULL,NULL,"10",NULL
"613","2024-02-25","Coffee","Starbucks","300 lira yükleme.","300.00","1.00","₺","2024-02-25 13:11:35","2024-02-25 13:11:35",NULL,NULL,"11",NULL
"614","2024-03-01","Health","Serra Eczanesi","Baş parmak ateli ve multivitamin","570.00","1.00","₺","2024-03-01 07:45:03","2024-03-01 07:45:03",NULL,NULL,"9",NULL
"615","2024-03-01","Market","File","Gıda ağırlıklı market alışverişi.","740.96","1.00","₺","2024-03-01 07:46:44","2024-03-01 07:46:44",NULL,NULL,"1",NULL
"616","2024-02-28","Parking","Ulaşımpark","Otopark","24.00","1.00","₺","2024-03-01 07:49:48","2024-03-01 07:49:48",NULL,NULL,"5",NULL
"617","2024-03-01","Alcohol","262 Live","4 bira 4 şat Büşra Okay’larla.","800.00","1.00","₺","2024-03-02 07:14:51","2024-03-02 07:14:51",NULL,NULL,"10",NULL
"618","2024-03-02","Health","Medicalpark","1 seans ücreti.","2000.00","1.00","₺","2024-03-02 07:15:39","2024-03-02 07:15:39",NULL,NULL,"9",NULL
"619","2024-03-02","Fuel","Opet","35522.2km","41.06","42.62","₺","2024-03-02 10:02:45","2024-03-02 10:02:45",NULL,NULL,"2",NULL
"620","2024-03-03","Fuel","Opet","36036.4km","41.47","40.51","₺","2024-03-03 14:02:30","2024-03-03 14:02:30",NULL,NULL,"2",NULL
"621","2024-03-05","Benefaction","Beril Ceylan","Burs","1500.00","1.00","₺","2024-03-05 12:12:23","2024-03-05 12:12:23",NULL,NULL,"7",NULL
"622","2024-03-04","Alcohol","Marrakech","2 bira","135.00","2.00","₺","2024-03-05 12:13:18","2024-03-05 12:13:18",NULL,NULL,"10",NULL
"623","2024-03-04","Hobby","KOÜ Dans","Milonga giriş ücreti.","150.00","1.00","₺","2024-03-05 12:13:48","2024-03-05 12:13:48",NULL,NULL,"14",NULL
"624","2024-03-05","Alcohol","262 Live","3 bira","100.00","3.00","₺","2024-03-05 20:48:32","2024-03-05 20:48:32",NULL,NULL,"10",NULL
"625","2024-03-05","Meal","Barista+","Ekin’in doğum günü ve Kültür Patlaması için toplanma.","710.00","1.00","₺","2024-03-05 20:49:18","2024-03-05 20:49:18",NULL,NULL,"3",NULL
"626","2024-03-05","Bills","YouTube","Premium aylık ödeme.","120.00","1.00","₺","2024-03-05 20:50:10","2024-03-05 20:50:10",NULL,NULL,"18",NULL
"627","2024-03-07","Fuel","BP","Xxkm","41.08","12.17","₺","2024-03-07 17:04:34","2024-03-07 17:04:34",NULL,NULL,"2",NULL
"628","2024-03-07","Fuel","Opet","36679.7km","41.13","41.34","₺","2024-03-07 17:05:18","2024-03-07 17:05:18",NULL,NULL,"2",NULL
"629","2024-03-08","Hobby","Anadolu Eğitim Akademisi","Topraksız tarım eğitimi","2500.00","1.00","₺","2024-03-08 15:04:00","2024-03-08 15:04:00",NULL,NULL,"14",NULL
"630","2024-03-08","Alcohol","262 Live","3 bira","100.00","3.00","₺","2024-03-09 19:58:41","2024-03-09 19:58:41",NULL,NULL,"10",NULL
"631","2024-03-09","Coffee","Ergun Pastanesi","Kitap kulübü ile Burgazada’da kahve, pasta.","200.00","1.00","₺","2024-03-09 20:00:16","2024-03-09 20:00:16",NULL,NULL,"11",NULL
"632","2024-03-09","Collection","Sait Faik Müzesi","Müzeden kitap, kartpostal ve bardak altlığı.","272.00","1.00","₺","2024-03-09 20:01:19","2024-03-09 20:01:19",NULL,NULL,"4",NULL
"633","2024-03-09","Transportation","İDO","Burgazada vapur parası.","50.00","1.00","₺","2024-03-09 20:02:22","2024-03-09 20:02:22",NULL,NULL,"6",NULL
"634","2024-03-07","Bills","Turkcell","Telefon faturası.","197.70","1.00","₺","2024-03-09 20:04:16","2024-03-09 20:04:16",NULL,NULL,"18",NULL
"635","2024-03-08","Collection","Migros","3 dergi","241.04","1.00","₺","2024-03-09 20:05:51","2024-03-09 20:05:51",NULL,NULL,"4",NULL
"636","2024-03-09","Alcohol","262 Live","3 bira","100.00","3.00","₺","2024-03-09 21:33:36","2024-03-09 21:33:36",NULL,NULL,"10",NULL
"637","2024-03-18","Alcohol","262 Live","1 bira 1 alkolsüz kokteyl.","185.00","1.00","₺","2024-03-18 21:24:08","2024-03-18 21:24:08",NULL,NULL,"10",NULL
"638","2024-03-18","Fuel","Opet","37183.6km","42.77","37.88","₺","2024-03-18 21:24:48","2024-03-18 21:24:48",NULL,NULL,"2",NULL
"639","2024-03-22","Benefaction","Emre Nayir","Emre Nayir’in oğlu Alp için doğum hediyesi.","400.00","1.00","₺","2024-03-22 13:45:28","2024-03-22 13:45:28",NULL,NULL,"7",NULL
"640","2024-03-28","Fuel","Opet","37625.9km","44.14","38.51","₺","2024-03-28 21:13:05","2024-03-28 21:13:05",NULL,NULL,"2",NULL
"641","2024-04-04","Fuel","Opet","38057.3km","44.23","31.65","₺","2024-04-04 21:39:37","2024-04-04 21:39:37",NULL,NULL,"2",NULL
"642","2024-04-07","Fuel","Opet","38451.9","43.44","27.85","₺","2024-04-07 18:06:36","2024-04-07 18:06:36",NULL,NULL,"2",NULL
"643","2024-04-10","Meal","McDonald’s","Köfte iftar menü","180.00","1.00","₺","2024-04-10 12:14:38","2024-04-10 12:14:38",NULL,NULL,"3",NULL
"644","2024-04-10","Benefaction","İyilik","Zekat ve fitre toplam","14000.00","1.00","₺","2024-04-10 12:15:24","2024-04-10 12:15:24",NULL,NULL,"7",NULL
"645","2024-04-10","Benefaction","LCW","Melike’ye doğum günü hediyesi.","756.00","1.00","₺","2024-04-10 12:16:43","2024-04-10 12:16:43",NULL,NULL,"7",NULL
"646","2024-04-10","Collection","Anayurt Yayınları","16 kitap","387.00","1.00","₺","2024-04-10 18:35:19","2024-04-10 18:35:19",NULL,NULL,"4",NULL
"647","2024-04-25","Fuel","Opet","38966.4km","44.42","38.50","₺","2024-04-25 06:07:21","2024-04-25 06:07:21",NULL,NULL,"2",NULL
"648","2024-04-28","Fuel","Opet","39524.7km","44.44","40.50","₺","2024-04-28 20:38:48","2024-04-28 20:38:48",NULL,NULL,"2",NULL
"649","2024-05-04","Meal","Katık","yemek.","130.00","1.00","₺","2024-05-04 14:17:05","2024-05-04 14:17:05",NULL,NULL,"3",NULL
"650","2024-05-04","Alcohol","262 Live","Mustafa ve Elif ile kutlama.","890.00","1.00","₺","2024-05-04 14:33:27","2024-05-04 14:33:27",NULL,NULL,"10",NULL
"651","2024-05-11","Fuel","Opet","40108.7km","43.55","31.69","₺","2024-05-11 13:48:46","2024-05-11 13:48:46",NULL,NULL,"2",NULL
"652","2024-05-18","Fuel","Opet","40729.5km","43.65","41.01","₺","2024-05-18 18:58:46","2024-05-18 18:58:46",NULL,NULL,"2",NULL
"653","2024-05-18","Fuel","Akmeşe Petrol","Akmeşe’den 200 liralık yakıt.","200.00","1.00","₺","2024-05-20 06:28:45","2024-05-20 06:29:04",NULL,NULL,"2",NULL
"654","2024-05-26","Fuel","Opet","41618.4 km","43.05","17.42","₺","2024-05-26 12:29:40","2024-05-26 12:29:40",NULL,NULL,"2",NULL
"655","2024-05-29","Parking","Belde AŞ","Gece park","19.00","1.00","₺","2024-05-29 21:18:44","2024-05-29 21:18:44",NULL,NULL,"5",NULL
"656","2024-05-29","Alcohol","262Live","1 bira","100.00","1.00","₺","2024-05-29 21:19:01","2024-05-29 21:19:01",NULL,NULL,"10",NULL
"657","2024-05-29","Alcohol","262Live","Bahşiş.","50.00","1.00","₺","2024-05-29 21:19:28","2024-05-29 21:19:28",NULL,NULL,"10",NULL
"658","2024-05-29","Coffee","Maide","Filtre kahve","55.00","1.00","₺","2024-05-29 21:19:47","2024-05-29 21:19:47",NULL,NULL,"11",NULL
"659","2024-05-27","Fuel","Opet","Xxxxx km","42.28","32.64","₺","2024-05-29 21:27:21","2024-05-29 21:27:21",NULL,NULL,"2",NULL
"660","2024-05-21","Fuel","Shell","Xxxxx km","43.66","8.02","₺","2024-05-29 21:28:54","2024-05-29 21:29:16",NULL,NULL,"2",NULL
"661","2024-06-03","Meal","Burgeryiyelim","Akşam yemeği burger ve soda.","281.00","1.00","₺","2024-06-04 12:36:22","2024-06-04 12:36:22",NULL,NULL,"3",NULL
"662","2024-06-03","Alcohol","262Live","1 bira","100.00","1.00","₺","2024-06-04 12:36:38","2024-06-04 12:36:38",NULL,NULL,"10",NULL
"663","2024-06-10","Market","Onyaka","Market alışverişi.","496.17","1.00","₺","2024-06-10 08:50:22","2024-06-10 08:50:22",NULL,NULL,"1",NULL
"664","2024-06-07","Hobby","Fosat","Bodrum Dalış Tatili","11950.00","1.00","₺","2024-06-10 08:51:40","2024-06-10 08:51:40",NULL,NULL,"14",NULL
"665","2024-06-06","Collection","Migros","Kafkaokur","60.00","1.00","₺","2024-06-10 09:42:28","2024-06-10 09:42:28",NULL,NULL,"4",NULL
"666","2024-06-08","Health","Migros","Nivea 50 faktör","549.95","1.00","₺","2024-06-10 09:43:05","2024-06-10 09:45:11",NULL,NULL,"9",NULL
"667","2024-06-08","Benefaction","Migros","Muharrem’in annesine geçmiş olsun.","95.00","1.00","₺","2024-06-10 09:43:43","2024-06-10 09:45:28",NULL,NULL,"7",NULL
"668","2024-06-08","Alcohol","Bodrum","Kızlarla alkol.","1000.00","1.00","₺","2024-06-10 09:44:22","2024-06-10 09:44:22",NULL,NULL,"10",NULL
"669","2024-06-08","Alcohol","Kule","2 bira.","250.00","2.00","₺","2024-06-10 09:44:53","2024-06-10 09:44:53",NULL,NULL,"10",NULL
"670","2024-06-08","Meal","Bayramın Yeri","Ekiple akşam yemeği balık.","700.00","1.00","₺","2024-06-10 09:46:14","2024-06-10 09:46:14",NULL,NULL,"3",NULL
"671","2024-06-07","Meal","Pastane","Kahvaltılık sandviç limonata","150.00","1.00","₺","2024-06-10 09:46:52","2024-06-10 09:46:52",NULL,NULL,"3",NULL
"672","2024-06-10","Fuel","Opet","42691km","41.18","41.48","₺","2024-06-10 20:28:39","2024-06-10 20:28:39",NULL,NULL,"2",NULL
"673","2024-06-10","Benefaction","Opet","Bahşiş.","50.00","1.00","₺","2024-06-10 20:28:56","2024-06-10 20:28:56",NULL,NULL,"7",NULL
"674","2024-06-19","Fuel","Opet","43174.3km","41.25","40.00","₺","2024-06-19 21:42:44","2024-06-19 21:42:44",NULL,NULL,"2",NULL
"675","2024-06-19","Alcohol","262Live","2 bira","100.00","2.00","₺","2024-06-19 21:43:00","2024-06-19 21:43:00",NULL,NULL,"10",NULL
"676","2024-06-19","Market","Opet","Cips, gofret.","84.00","1.00","₺","2024-06-19 21:43:17","2024-06-19 21:43:17",NULL,NULL,"1",NULL
"677","2024-06-19","Hobby","Bilyoner","İskoçya’ya iddaa, yattı.","100.00","1.00","₺","2024-06-19 21:43:52","2024-06-19 21:43:52",NULL,NULL,"14",NULL
"678","2024-06-24","Market","Opet","Gofret","45.00","1.00","₺","2024-06-24 21:26:34","2024-06-24 21:26:34",NULL,NULL,"1",NULL
"679","2024-06-24","Fuel","Opet","43515.4km","43.21","23.61","₺","2024-06-24 21:27:05","2024-06-24 21:27:05",NULL,NULL,"2",NULL
"680","2024-07-02","Alcohol","262Live","3 bira","310.00","1.00","₺","2024-07-03 07:10:19","2024-07-03 07:10:19",NULL,NULL,"10",NULL
"681","2024-07-07","Market","File","Eve market alışverişi.","1000.39","1.00","₺","2024-07-08 07:17:07","2024-07-08 07:17:07",NULL,NULL,"1",NULL
"682","2024-07-06","Alcohol","Voq","3 bira.","170.00","3.00","₺","2024-07-08 07:17:43","2024-07-08 07:17:50",NULL,NULL,"10",NULL
"683","2024-07-06","Alcohol","262Live","2 bira","100.00","2.00","₺","2024-07-08 07:18:09","2024-07-08 07:18:20",NULL,NULL,"10",NULL
"684","2024-07-05","Coffee","Starbucks","Para yükleme.","250.00","1.00","₺","2024-07-08 07:18:50","2024-07-08 07:18:50",NULL,NULL,"11",NULL
"685","2024-07-09","Fuel","Opet","45037.3km","45.66","22.12","₺","2024-07-09 19:35:19","2024-07-09 19:35:19",NULL,NULL,"2",NULL
"686","2024-07-12","Meal","Tavuk Dünyası","Sriracha Soslu Tavuk","240.00","1.00","₺","2024-07-12 14:57:29","2024-07-12 14:57:29",NULL,NULL,"3",NULL
"687","2024-07-15","Fuel","Opet",NULL,"44.90","17.77","₺","2024-07-17 08:38:17","2024-07-17 08:38:17",NULL,NULL,"2",NULL
"688","2024-07-13","Fuel","Opet",NULL,"44.77","21.22","₺","2024-07-17 08:38:47","2024-07-17 08:38:47",NULL,NULL,"2",NULL
"689","2024-07-09","Health","Azat Eczanesi","İlaç","282.00","1.00","₺","2024-07-17 08:39:25","2024-07-17 08:39:25",NULL,NULL,"9",NULL
"690","2024-07-14","Parking","Öztürk Otopark",NULL,"90.00","1.00","₺","2024-07-17 08:39:57","2024-07-17 08:39:57",NULL,NULL,"5",NULL
"691","2024-07-10","Parking","Ulaşımpark",NULL,"24.00","1.00","₺","2024-07-17 08:40:24","2024-07-17 08:40:24",NULL,NULL,"5",NULL
"692","2024-07-11","Parking","Ulaşımpark",NULL,"26.00","1.00","₺","2024-07-17 08:40:50","2024-07-17 08:40:50",NULL,NULL,"5",NULL
"693","2024-07-15","Collection","D&R","2 kitap","400.00","1.00","₺","2024-07-17 08:41:19","2024-07-17 08:41:19",NULL,NULL,"4",NULL
"694","2024-07-12","Transportation","Pegasus","Mısır için gidiş dönüş uçak bileti. (3-11 Ağustos)","10233.00","1.00","₺","2024-07-17 08:43:59","2024-07-17 08:43:59",NULL,NULL,"6",NULL
"695","2024-07-16","Alcohol","262Live","2 Bira","130.00","2.00","₺","2024-07-17 08:44:43","2024-07-17 08:44:43",NULL,NULL,"10",NULL
"696","2024-07-16","Meal","Butik Çiğköfte","Dürüm.","60.00","1.00","₺","2024-07-17 08:45:10","2024-07-17 08:45:10",NULL,NULL,"3",NULL
"697","2024-07-16","Coffee","Starbucks","Para yükleme.","250.00","1.00","₺","2024-07-17 08:45:52","2024-07-17 08:45:52",NULL,NULL,"11",NULL
"698","2024-07-16","Meal","Katık","Öğle yemeği zurna ayran.","145.00","1.00","₺","2024-07-17 08:46:42","2024-07-17 08:46:42",NULL,NULL,"3",NULL
"699","2024-07-16","Bills","Vodafone",NULL,"755.40","1.00","₺","2024-07-17 08:47:05","2024-07-17 08:47:05",NULL,NULL,"18",NULL
"700","2024-07-15","Alcohol","262Live","2 bira","270.00","1.00","₺","2024-07-17 08:47:29","2024-07-17 08:47:29",NULL,NULL,"10",NULL
"701","2024-07-15","Alcohol","Barel","2 kadeh şarap.","770.00","1.00","₺","2024-07-17 08:48:07","2024-07-17 08:48:07",NULL,NULL,"10",NULL
"702","2024-07-15","Meal","Restorant","Öğle yemeği 2 kişi.","635.00","1.00","₺","2024-07-17 08:48:44","2024-07-17 08:48:44",NULL,NULL,"3",NULL
"703","2024-07-15","Coffee","Starbucks","Para yükleme.","250.00","1.00","₺","2024-07-17 08:49:17","2024-07-17 08:49:17",NULL,NULL,"11",NULL
"704","2024-07-14","Alcohol","Look","Bira ve shotlar.","2000.00","1.00","₺","2024-07-17 08:49:47","2024-07-17 08:49:47",NULL,NULL,"10",NULL
"705","2024-07-14","Accommodation","Rodosto Otel","Tek gece konaklama kahvaltı dahil.","2300.00","1.00","₺","2024-07-17 08:50:24","2024-07-17 08:50:24",NULL,NULL,"16",NULL
"706","2024-07-14","Alcohol","Yağmur Tekel","3 bira.","235.00","1.00","₺","2024-07-17 08:50:59","2024-07-17 08:50:59",NULL,NULL,"10",NULL
"707","2024-07-13","Accommodation","Edrin Otel","Tek gece konaklama kahvaltı dahil.","1569.00","1.00","₺","2024-07-17 08:51:44","2024-07-17 08:51:44",NULL,NULL,"16",NULL
"708","2024-07-13","Meal","Ayçiçeği Restorant","Tuğçe ile akşam yemeği.","1055.00","1.00","₺","2024-07-17 08:52:27","2024-07-17 08:52:27",NULL,NULL,"3",NULL
"709","2024-07-13","Collection","Selanik Evi Derneği","Atatürk Evi'nden hediyelik eşyalar.","790.00","1.00","₺","2024-07-17 08:53:12","2024-07-17 08:53:12",NULL,NULL,"4",NULL
"710","2024-07-17","Alcohol","262Live","3 bira","130.00","3.00","₺","2024-07-18 11:56:24","2024-07-18 11:56:24",NULL,NULL,"10",NULL
"711","2024-07-20","Fuel","Opet","46398.7","45.67","39.42","₺","2024-07-20 15:07:00","2024-07-20 15:07:07",NULL,NULL,"2",NULL
"712","2024-07-20","Health","Mete Bey","Sinüzit için Melike’nin eski çalıştığı Mete beye muayene ücreti (%50 indirimli)","1500.00","1.00","₺","2024-07-20 16:19:21","2024-07-20 16:19:21",NULL,NULL,"9",NULL
"713","2024-07-14","Collection","Bahar Ticaret","Hediyelik eşyalar.","330.00","1.00","₺","2024-07-20 16:20:49","2024-07-20 16:20:49",NULL,NULL,"4",NULL
"714","2024-07-20","Meal","Tavuk Dünyası","Babamla yemek.","516.00","1.00","₺","2024-07-20 16:21:29","2024-07-20 16:21:29",NULL,NULL,"3",NULL
"715","2024-07-20","Health","Tomurcuk Aktar","50 gr papatya","30.00","1.00","₺","2024-07-20 16:22:06","2024-07-20 16:22:06",NULL,NULL,"9",NULL
"716","2024-07-20","Coffee","Starbucks","Kart yüklemesi","250.00","1.00","₺","2024-07-20 16:22:34","2024-07-20 16:22:34",NULL,NULL,"11",NULL
"717","2024-07-19","Alcohol","262Live","3 bira 2 shot","630.00","1.00","₺","2024-07-20 16:23:17","2024-07-20 16:23:17",NULL,NULL,"10",NULL
"718","2024-07-14","Fuel","Opet",NULL,"45.99","34.71","₺","2024-07-20 17:11:00","2024-07-20 17:11:13",NULL,NULL,"2",NULL
"719","2024-07-22","Coffee","Yemekhane","Karta para yükleme.","200.00","1.00","₺","2024-07-22 11:16:33","2024-07-22 11:16:33",NULL,NULL,"11",NULL
"720","2024-07-22","Meal","Cağ Kebapçı","Ekiple öğle yemeği.","295.00","1.00","₺","2024-07-22 11:16:54","2024-07-22 11:16:54",NULL,NULL,"3",NULL
"721","2024-07-22","Market","Mahir","Telefonun arkasına acil durumlar için saklanan 200 lira.","200.00","1.00","₺","2024-07-22 11:17:35","2024-07-22 11:17:35",NULL,NULL,"1",NULL
"722","2024-07-28","Alcohol","Metro","Bira ve şarap","650.00","1.00","₺","2024-07-28 21:22:38","2024-07-28 21:22:38",NULL,NULL,"10",NULL
"723","2024-07-28","Alcohol","262Live","2 bira","130.00","2.00","₺","2024-07-29 07:30:11","2024-07-29 07:30:11",NULL,NULL,"10",NULL
"724","2024-07-29","Market","Migros","Market alışverişi.","322.39","1.00","₺","2024-07-29 17:22:39","2024-07-29 17:22:39",NULL,NULL,"1",NULL
"725","2024-07-29","Meal","Terra Pizza","Akşam yemeği.","255.00","1.00","₺","2024-07-29 17:23:09","2024-07-29 17:23:09",NULL,NULL,"3",NULL
"726","2024-07-29","Hobby","PTTAVM","Retro Oyun konsolu ve 2 kol.","890.00","1.00","₺","2024-07-29 17:23:56","2024-07-29 17:23:56",NULL,NULL,"14",NULL
"727","2024-07-29","Market","Düzey","Otomattan çikolata","47.75","1.00","₺","2024-07-29 17:24:43","2024-07-29 17:24:43",NULL,NULL,"1",NULL
"728","2024-07-29","Hobby","GoDaddy","mahirteknoloji.co 1 yıllık isim.","446.39","1.00","₺","2024-07-29 17:25:40","2024-07-29 17:25:40",NULL,NULL,"14",NULL
"729","2024-07-29","Barber","Murat Söyük","Tıraş parası","400.00","1.00","₺","2024-07-30 17:15:45","2024-07-30 17:15:45",NULL,NULL,"12",NULL
"730","2024-07-30","Fuel","Opet","46902.5km","45.71","39.38","₺","2024-07-30 17:16:21","2024-07-30 17:16:21",NULL,NULL,"2",NULL
"731","2024-07-30","Meal","Katık","Akşam yemeği","145.00","1.00","₺","2024-07-30 17:28:48","2024-07-30 17:28:48",NULL,NULL,"3",NULL
"732","2024-07-31","Meal","McDonalds","Akşam yemeği triple cheesburger","185.00","1.00","₺","2024-07-31 22:01:08","2024-07-31 22:01:08",NULL,NULL,"3",NULL
"741","2024-07-31","Alcohol","262Live","1 bira","130.00","1.00","₺","2024-07-31 22:03:19","2024-07-31 22:03:19",NULL,NULL,"10",NULL
"742","2024-07-31","Meal","Colombia","Kahvaltılık sandviç","105.00","1.00","₺","2024-07-31 22:03:53","2024-07-31 22:03:53",NULL,NULL,"3",NULL
"743","2024-07-31","Coffee","Colombia","Americano","95.00","1.00","₺","2024-07-31 22:04:14","2024-07-31 22:04:14",NULL,NULL,"11",NULL
"744","2024-07-31","Hobby","GoDaddy","bcardarc.com adresinin isim tescil ücreti.","814.00","1.00","₺","2024-08-01 07:52:38","2024-08-01 07:52:38",NULL,NULL,"14",NULL
"745","2024-08-11","Fuel","Opet","47506.4","44.09","11.34","₺","2024-08-11 05:59:38","2024-08-11 05:59:38",NULL,NULL,"2",NULL
"746","2024-08-12","Fuel","Opet","47612.1","44.09","22.68","₺","2024-08-12 19:46:04","2024-08-12 19:46:04",NULL,NULL,"2",NULL
"747","2024-08-12","Meal","Yemek Sepeti","262’de çocuklara pizza ısmarlama.","470.00","1.00","₺","2024-08-12 19:46:38","2024-08-12 19:46:38",NULL,NULL,"3",NULL
"748","2024-08-12","Meal","Çiğköfteci","Dürüm çiğköfte","60.00","1.00","₺","2024-08-12 19:47:02","2024-08-12 19:47:02",NULL,NULL,"3",NULL
"749","2024-08-12","Alcohol","262Live","2 bira","130.00","2.00","₺","2024-08-12 19:47:19","2024-08-12 19:47:19",NULL,NULL,"10",NULL
"750","2024-08-13","Alcohol","262Live","3 bira ve alkolsüz kokteyl.","540.00","1.00","₺","2024-08-14 05:59:18","2024-08-14 05:59:28",NULL,NULL,"10",NULL
"751","2024-08-13","Hobby","Duygu Hurma","Regülatör ilk taksit.","3500.00","1.00","₺","2024-08-14 06:00:09","2024-08-14 06:00:09",NULL,NULL,"14",NULL
"752","2024-08-19","Meal","Packet Burger","Öğle yemeği.","220.00","1.00","₺","2024-08-19 12:39:57","2024-08-19 12:39:57",NULL,NULL,"3",NULL
"753","2024-08-17","Parking","İspark",NULL,"135.00","1.00","₺","2024-08-19 12:40:43","2024-08-19 12:40:43",NULL,NULL,"5",NULL
"754","2024-08-21","Fuel","Opet","48477.5","44.94","43.84","₺","2024-08-21 15:56:36","2024-08-21 15:56:36",NULL,NULL,"2",NULL
"755","2024-08-27","Tax-Penalty Charge","Kral Oto","Araba yağ, filtre, balata değişimi.","4500.00","1.00","₺","2024-08-28 11:50:07","2024-08-28 11:50:29",NULL,NULL,"13",NULL
"756","2024-08-24","Collection","Migros","Dergi ve kitaplar.","700.00","1.00","₺","2024-09-02 08:28:37","2024-09-02 08:28:37",NULL,NULL,"4",NULL
"757","2024-08-17","Fuel","Opet","47912.0km","44.93","40.06","₺","2024-09-02 08:30:16","2024-09-02 08:30:16",NULL,NULL,"2",NULL
"758","2024-08-30","Fuel","Opet","49000.2km","43.52","39.66","₺","2024-09-03 11:19:28","2024-09-03 11:19:28",NULL,NULL,"2",NULL
"759","2024-09-03","Alcohol","262Live","3 bira","130.00","3.00","₺","2024-09-03 20:42:59","2024-09-03 20:42:59",NULL,NULL,"10",NULL
"760","2024-09-03","Meal","Dominos","2 orta pizza","300.00","1.00","₺","2024-09-03 20:44:39","2024-09-03 20:44:39",NULL,NULL,"3",NULL
"761","2024-09-04","Alcohol","Öküz","5 bira","515.00","1.00","₺","2024-09-05 14:11:25","2024-09-05 14:11:25",NULL,NULL,"10",NULL
"762","2024-09-05","Fuel","Opet","49457.8km","43.31","38.36","₺","2024-09-05 16:49:33","2024-09-05 16:49:33",NULL,NULL,"2",NULL
"763","2024-09-13","Alcohol","262Live","9 bira","1180.00","1.00","₺","2024-09-15 11:17:09","2024-09-15 11:17:09",NULL,NULL,"10",NULL
"764","2024-09-14","Alcohol","262Live","4 bira","130.00","4.00","₺","2024-09-15 11:19:05","2024-09-15 11:19:05",NULL,NULL,"10",NULL
"765","2024-09-12","Fuel","Opet","49973.4km","41.75","42.28","₺","2024-09-15 11:20:06","2024-09-15 11:20:06",NULL,NULL,"2",NULL
"766","2024-09-16","Alcohol","262Live","2 bira","130.00","2.00","₺","2024-09-17 15:53:56","2024-09-17 15:53:56",NULL,NULL,"10",NULL
"767","2024-09-19","Parking","Ulaşımpark","Gece parkı.","19.00","1.00","₺","2024-09-20 10:48:24","2024-09-20 10:48:24",NULL,NULL,"5",NULL
"768","2024-09-19","Alcohol","262Live","2 bira","130.00","2.00","₺","2024-09-20 10:48:40","2024-09-20 10:48:40",NULL,NULL,"10",NULL
"769","2024-09-18","Alcohol","262Live","3 bira","130.00","3.00","₺","2024-09-20 10:49:15","2024-09-20 10:49:15",NULL,NULL,"10",NULL
"770","2024-09-20","Alcohol","262 Live","2 fıçı 2 şişe","135.00","4.00","₺","2024-09-22 15:40:41","2024-09-22 15:40:41",NULL,NULL,"10",NULL
"771","2024-09-22","Alcohol","262Live","1 bira","130.00","1.00","₺","2024-09-23 05:54:46","2024-09-23 05:54:46",NULL,NULL,"10",NULL
"772","2024-09-24","Alcohol","262Live","3 bira","130.00","3.00","₺","2024-09-25 13:41:16","2024-09-25 13:41:16",NULL,NULL,"10",NULL
"773","2024-09-24","Parking","Ulaşımpark","Gece parkı.","24.00","1.00","₺","2024-09-25 13:42:24","2024-09-25 13:42:24",NULL,NULL,"5",NULL
"774","2024-09-28","Fuel","Opet","50806.1km","42.92","38.44","₺","2024-09-28 21:59:48","2024-09-28 21:59:48",NULL,NULL,"2",NULL
"775","2024-09-26","Fuel","Shell",NULL,"42.65","23.45","₺","2024-09-28 22:00:40","2024-09-28 22:00:51",NULL,NULL,"2",NULL
"776","2024-10-01","Alcohol","262Live",NULL,"130.00","3.00","₺","2024-10-02 15:26:07","2024-10-02 15:26:07",NULL,NULL,"10",NULL
"777","2024-09-30","Alcohol","262Live","2 shot","120.00","2.00","₺","2024-10-02 15:26:26","2024-10-02 15:26:26",NULL,NULL,"10",NULL
"778","2024-09-30","Alcohol","262Live",NULL,"130.00","2.00","₺","2024-10-02 15:26:39","2024-10-02 15:26:39",NULL,NULL,"10",NULL
"779","2024-10-06","Collection","Ren Kitap","Küçük Prens","50.00","1.00","₺","2024-10-06 18:56:24","2024-10-06 18:56:24",NULL,NULL,"4",NULL
"780","2024-10-09","Alcohol","262Live",NULL,"130.00","2.00","₺","2024-10-10 07:42:46","2024-10-10 07:42:46",NULL,NULL,"10",NULL
"781","2024-10-08","Alcohol","262Live",NULL,"130.00","3.00","₺","2024-10-10 07:43:04","2024-10-10 07:43:04",NULL,NULL,"10",NULL
"782","2024-10-06","Collection","Kitap Fuarı","Küçük Prens","50.00","1.00","₺","2024-10-10 16:28:46","2024-10-10 16:28:46",NULL,NULL,"4",NULL
"783","2024-10-13","Collection","Turkuaz Sahaf","Karışık para koleksiyonu aldım.","16000.00","1.00","₺","2024-10-13 18:20:20","2024-10-13 18:20:20",NULL,NULL,"4",NULL
"784","2024-10-13","Collection","Kitapçılar","karışık 7 Küçük Prens kitabı aldım.","50.00","7.00","₺","2024-10-13 18:20:59","2024-10-13 18:20:59",NULL,NULL,"4",NULL
"785","2024-10-13","Coffee","Fox Cofe","Cold Brew","200.00","1.00","₺","2024-10-13 18:21:35","2024-10-13 18:21:35",NULL,NULL,"11",NULL
"786","2024-10-14","Fuel","Opet",NULL,"44.74","39.11","₺","2024-10-14 14:59:02","2024-10-14 14:59:02",NULL,NULL,"2",NULL
"787","2024-10-14","Barber","Murat Söyük","Traş parası.","400.00","1.00","₺","2024-10-14 15:31:15","2024-10-14 15:31:15",NULL,NULL,"12",NULL
"788","2024-10-14","Meal","Karadeniz Pidecisi","Patatesli pide.","35.00","1.00","₺","2024-10-15 07:18:12","2024-10-15 07:18:12",NULL,NULL,"3",NULL
"789","2024-10-14","Meal","Pilavcı","pilav ayran.","110.00","1.00","₺","2024-10-15 07:18:38","2024-10-15 07:18:38",NULL,NULL,"3",NULL
"790","2024-10-05","Parking","Ulaşımpark",NULL,"19.00","1.00","₺","2024-10-16 13:53:59","2024-10-16 13:53:59",NULL,NULL,"5",NULL
"791","2024-10-13","Parking","Ulaşımpark",NULL,"26.00","1.00","₺","2024-10-16 13:54:31","2024-10-16 13:54:31",NULL,NULL,"5",NULL
"792","2024-10-13","Benefaction","Yay Kitap","Serpil'e kitap hediye.","78.00","1.00","₺","2024-10-16 13:55:50","2024-10-16 13:55:50",NULL,NULL,"7",NULL
"793","2024-10-19","Alcohol","262Live",NULL,"830.00","1.00","₺","2024-10-19 22:10:15","2024-10-19 22:10:15",NULL,NULL,"10",NULL
"794","2024-10-19","Meal","Kokoreç Office","Ahmet abi ile midye ve kokoreç","1100.00","1.00","₺","2024-10-19 22:10:49","2024-10-19 22:10:49",NULL,NULL,"3",NULL
"795","2024-10-19","Parking","Ulaşımpark","Otopark","24.00","1.00","₺","2024-10-19 22:11:38","2024-10-19 22:11:38",NULL,NULL,"5",NULL
"796","2024-10-21","Fuel","Opet","51868.5km","44.75","40.22","₺","2024-10-21 16:53:37","2024-10-21 16:53:37",NULL,NULL,"2",NULL
"797","2024-10-21","Meal","Popeyes","Tavuk Burger menu","240.00","1.00","₺","2024-10-21 17:12:44","2024-10-21 17:12:44",NULL,NULL,"3",NULL
"798","2024-10-21","Benefaction","Koton","Serpil’e elbise","450.00","1.00","₺","2024-10-21 17:13:16","2024-10-21 17:13:16",NULL,NULL,"7",NULL
"799","2024-10-21","Benefaction","Penti","Serpil’e elbise içi şort tayt lazer kesim.","400.00","1.00","₺","2024-10-21 17:13:59","2024-10-21 17:13:59",NULL,NULL,"7",NULL
"800","2024-10-21","Health","Çağın Göz","Göz muayenesi","15.00","1.00","₺","2024-10-21 17:14:26","2024-10-21 17:14:26",NULL,NULL,"9",NULL
"801","2024-10-21","Health","Lotus Eczanesi","Göz rahatsızlığı için damla, ilaç.","275.00","1.00","₺","2024-10-21 17:15:31","2024-10-21 17:15:31",NULL,NULL,"9",NULL
"802","2024-10-20","Coffee","Starbucks","Para yükleme","250.00","1.00","₺","2024-10-21 17:15:56","2024-10-21 17:16:29",NULL,NULL,"11",NULL
"803","2024-10-22","Parking","Ulaşımpark",NULL,"19.00","1.00","₺","2024-10-23 07:44:22","2024-10-23 07:44:27",NULL,NULL,"5",NULL
"804","2024-10-22","Alcohol","262Live",NULL,"130.00","1.00","₺","2024-10-23 07:44:43","2024-10-23 07:44:43",NULL,NULL,"10",NULL
"805","2024-10-23","Meal","Tavuk Dünyası","Saraça soslu tavuk","240.00","1.00","₺","2024-10-23 16:42:32","2024-10-23 16:42:32",NULL,NULL,"3",NULL
"806","2024-10-23","Hobby","MR. DIY","Takım çantasına ıvır zıvır","335.25","1.00","₺","2024-10-23 16:43:34","2024-10-23 16:43:34",NULL,NULL,"14",NULL
"807","2024-10-27","Meal","Bayram Balık","Dalış ekibi ile yemek.","1000.00","1.00","₺","2024-10-28 19:57:54","2024-10-28 19:57:54",NULL,NULL,"3",NULL
"808","2024-10-27","Alcohol","Bayram Balık","Şişe şarap ve bir bira.","1100.00","1.00","₺","2024-10-28 19:58:27","2024-10-28 19:58:27",NULL,NULL,"10",NULL
"809","2024-10-27","Alcohol","Kule Rock Bar","2 bira","250.00","2.00","₺","2024-10-28 21:43:57","2024-10-28 21:43:57",NULL,NULL,"10",NULL
"810","2024-10-29","Meal","Maçka","Kelle paça","220.00","1.00","₺","2024-10-30 06:35:42","2024-10-30 06:35:42",NULL,NULL,"3",NULL
"811","2024-10-30","Coffee","Yemekhane","Karta para yükleme.","200.00","1.00","₺","2024-10-30 06:35:59","2024-10-30 06:35:59",NULL,NULL,"11",NULL
"812","2024-10-30","Collection","Amazon","10 kitap","1745.00","1.00","₺","2024-10-30 07:54:36","2024-10-30 07:54:36",NULL,NULL,"4",NULL
"813","2024-10-29","Hobby","FOSAT","Bodrum dalış bedeli.","10000.00","1.00","₺","2024-10-30 07:55:46","2024-10-30 07:55:46",NULL,NULL,"14",NULL
"814","2024-10-28","Alcohol","Akkan Beach Otel","3 bira","210.00","3.00","₺","2024-10-30 07:58:27","2024-10-30 07:58:41",NULL,NULL,"10",NULL
"815","2024-10-30","Alcohol","262Live","2 bira 1 su","280.00","1.00","₺","2024-11-01 12:23:14","2024-11-01 12:23:14",NULL,NULL,"10",NULL
"816","2024-10-31","Alcohol","262Live","3 bira","130.00","3.00","₺","2024-11-01 12:23:32","2024-11-01 12:23:47",NULL,NULL,"10",NULL
"817","2024-11-02","Parking","Ulaşımpark",NULL,"40.00","1.00","₺","2024-11-03 07:16:29","2024-11-03 07:16:29",NULL,NULL,"5",NULL
"818","2024-11-03","Fuel","Shell","52417km","42.87","18.66","₺","2024-11-03 07:18:15","2024-11-03 07:18:15",NULL,NULL,"2",NULL
"819","2024-11-02","Alcohol","262Live","2 bira","130.00","2.00","₺","2024-11-03 07:18:49","2024-11-03 07:18:49",NULL,NULL,"10",NULL
"820","2024-11-02","Hobby","Sevilen Kasabı","2 ad. mangal kömürü.","230.00","1.00","₺","2024-11-03 07:20:39","2024-11-03 07:20:39",NULL,NULL,"14",NULL
"821","2024-11-02","Market","A101","Mangal için market alışverişi.","468.35","1.00","₺","2024-11-03 07:21:13","2024-11-03 07:21:26",NULL,NULL,"1",NULL
"822","2024-11-01","Hobby","Rüya Kostüm","Milonga Mental için pelerin, şapka.","500.00","1.00","₺","2024-11-03 07:22:39","2024-11-03 07:22:39",NULL,NULL,"14",NULL
"823","2024-11-01","Alcohol","262Live","1 bira","130.00","3.00","₺","2024-11-03 07:22:58","2024-11-03 07:25:12",NULL,NULL,"10",NULL
"824","2024-11-01","Hobby","Milonga Mental","Milonga Giriş Ücreti","300.00","1.00","₺","2024-11-03 07:23:33","2024-11-03 07:23:33",NULL,NULL,"14",NULL
"825","2024-11-01","Meal","Tavuk Dünyası","Siriraça tavuk menü","240.00","1.00","₺","2024-11-03 07:24:47","2024-11-03 07:24:47",NULL,NULL,"3",NULL
"826","2024-10-31","Alcohol","262Live",NULL,"130.00","1.00","₺","2024-11-03 07:25:58","2024-11-03 07:26:06",NULL,NULL,"10",NULL
"827","2024-11-03","Collection","Migros","Kitap ve dergi","560.00","1.00","₺","2024-11-03 08:19:22","2024-11-03 08:19:22",NULL,NULL,"4",NULL
"828","2024-11-03","Coffee","Starbucks","Bakiye yükleme","250.00","1.00","₺","2024-11-03 09:52:01","2024-11-03 09:52:01",NULL,NULL,"11",NULL
"829","2024-11-03","Fuel","Opet","52655.3km","43.60","38.90","₺","2024-11-03 16:17:28","2024-11-03 16:17:28",NULL,NULL,"2",NULL
"830","2024-11-03","Alcohol","262Live","3 bira","130.00","3.00","₺","2024-11-04 07:36:20","2024-11-04 07:36:20",NULL,NULL,"10",NULL
"831","2024-11-03","Parking","Otopark",NULL,"100.00","1.00","₺","2024-11-04 07:36:42","2024-11-04 07:36:42",NULL,NULL,"5",NULL
"832","2024-11-09","Market","Onyaka","Market alışverişi.","483.84","1.00","₺","2024-11-09 14:24:01","2024-11-09 14:24:01",NULL,NULL,"1",NULL
"833","2024-11-09","Benefaction","Yurtiçi Kargo","İrem'e şarapları gönderme.","185.12","1.00","₺","2024-11-09 14:24:27","2024-11-09 14:24:27",NULL,NULL,"7",NULL
"834","2024-11-08","Meal","Dominos","İkili pizza","300.00","1.00","₺","2024-11-09 14:24:56","2024-11-09 14:24:56",NULL,NULL,"3",NULL
"835","2024-11-08","Alcohol","262 Live",NULL,"130.00","2.00","₺","2024-11-09 14:25:32","2024-11-09 14:25:32",NULL,NULL,"10",NULL
"836","2024-11-08","Market","Petrol İstasyonu","Çekirdek çikolata","80.50","1.00","₺","2024-11-09 14:26:28","2024-11-09 14:26:28",NULL,NULL,"1",NULL
"837","2024-11-08","Meal","Butik Çiğköfte",NULL,"80.00","1.00","₺","2024-11-09 14:26:49","2024-11-09 14:26:49",NULL,NULL,"3",NULL
"838","2024-11-07","Alcohol","262 Live",NULL,"130.00","3.00","₺","2024-11-09 14:27:16","2024-11-09 14:27:16",NULL,NULL,"10",NULL
"839","2024-11-08","Meal","Köfteci Yusuf","Burger","160.00","1.00","₺","2024-11-09 14:28:26","2024-11-09 14:28:26",NULL,NULL,"3",NULL
"840","2024-11-08","Benefaction","Çiçek Sepeti","Serpil'e çiçek.","899.00","1.00","₺","2024-11-09 14:28:56","2024-11-09 14:28:56",NULL,NULL,"7",NULL
"841","2024-11-06","Market","Metro","Somon vs market alışverişi.","698.12","1.00","₺","2024-11-09 14:30:09","2024-11-09 14:30:09",NULL,NULL,"1",NULL
"842","2024-11-06","Benefaction","Amazon","Mustafaya HDMI kablo.","439.50","1.00","₺","2024-11-09 14:30:46","2024-11-09 14:30:46",NULL,NULL,"7",NULL
"843","2024-11-05","Alcohol","262 Live",NULL,"130.00","3.00","₺","2024-11-09 14:31:29","2024-11-09 14:31:29",NULL,NULL,"10",NULL
"844","2024-11-04","Meal","Dilek Çiğdem","yemek","140.00","1.00","₺","2024-11-09 14:32:10","2024-11-09 14:32:10",NULL,NULL,"3",NULL
"845","2024-11-03","Meal","Goril Burger","Burger","625.00","1.00","₺","2024-11-09 14:34:36","2024-11-09 14:34:49",NULL,NULL,"3",NULL
"846","2024-11-10","Fuel","Opet","53222km","42.88","40.11","₺","2024-11-10 10:40:49","2024-11-10 10:40:49",NULL,NULL,"2",NULL
"847","2024-11-11","Savings","BinanceTR","10 günlük yatırım.","2500.00","1.00","₺","2024-11-11 10:15:42","2024-11-11 10:15:42",NULL,NULL,"8",NULL
"848","2024-11-10","Meal","Katık",NULL,"110.00","1.00","₺","2024-11-11 10:16:40","2024-11-11 10:16:40",NULL,NULL,"3",NULL
"849","2024-11-10","Coffee","Starbucks","Karta para yükleme.","250.00","1.00","₺","2024-11-11 10:16:58","2024-11-11 10:17:05",NULL,NULL,"11",NULL
"850","2024-11-09","Parking","Ulaşımpark",NULL,"50.00","1.00","₺","2024-11-11 10:17:25","2024-11-11 10:17:25",NULL,NULL,"5",NULL
"851","2024-11-09","Alcohol","262Live",NULL,"130.00","3.00","₺","2024-11-11 10:18:09","2024-11-11 10:18:09",NULL,NULL,"10",NULL
"852","2024-11-10","Meal","Köseoğlu","Yeşim'lerle kahvaltı.","345.00","1.00","₺","2024-11-11 10:19:05","2024-11-11 10:19:05",NULL,NULL,"3",NULL
"853","2024-11-14","Meal","Altıntaş Börek","Soğuk sandviç ve meyvesuyu.","50.00","1.00","₺","2024-11-14 06:35:05","2024-11-14 06:35:05",NULL,NULL,"3",NULL
"854","2024-11-13","Alcohol","262Live",NULL,"130.00","5.00","₺","2024-11-14 06:35:21","2024-11-14 06:35:30",NULL,NULL,"10",NULL
"855","2024-11-16","Fuel","Opet","53747.1km","42.92","39.14","₺","2024-11-16 11:28:02","2024-11-16 11:28:02",NULL,NULL,"2",NULL
"856","2024-11-15","Alcohol","262Live",NULL,"130.00","2.00","₺","2024-11-16 11:28:19","2024-11-16 11:28:19",NULL,NULL,"10",NULL
"857","2024-11-21","Hobby","Caliente","Caliente 2025 için 100 € karşılığı kapora.","3700.00","1.00","₺","2024-11-21 12:04:32","2024-11-21 12:04:32",NULL,NULL,"14",NULL
"858","2024-11-20","Alcohol","262Live",NULL,"130.00","2.00","₺","2024-11-21 12:13:29","2024-11-21 12:13:29",NULL,NULL,"10",NULL
"859","2024-11-21","Savings","Türkiye Sigorta","50 dolar hayat sigortası.","1727.55","1.00","₺","2024-11-21 12:15:50","2024-11-21 12:15:50",NULL,NULL,"8",NULL
"860","2024-11-17","Meal","Metin Usta","Gece dönercisinden yarım ekmek ayran.","240.00","1.00","₺","2024-11-21 12:19:10","2024-11-21 12:19:10",NULL,NULL,"3",NULL
"861","2024-11-17","Parking","Ulaşımpark",NULL,"40.00","1.00","₺","2024-11-21 12:19:37","2024-11-21 12:19:37",NULL,NULL,"5",NULL
"862","2024-11-17","Coffee","Nubi Kahve",NULL,"120.00","1.00","₺","2024-11-21 12:20:41","2024-11-21 12:20:41",NULL,NULL,"11",NULL
"863","2024-11-17","Meal","Dominos","2li pizza","310.00","1.00","₺","2024-11-21 12:21:07","2024-11-21 12:21:07",NULL,NULL,"3",NULL
"864","2024-11-17","Alcohol","Efes Büfe","4 bira 1 çerez.","395.00","1.00","₺","2024-11-21 12:21:57","2024-11-21 12:21:57",NULL,NULL,"10",NULL
"865","2024-11-21","Market","Divan","Serpil ile akşam yemeği.","920.00","1.00","₺","2024-11-21 12:22:40","2024-11-21 12:22:40",NULL,NULL,"1",NULL
"866","2024-11-20","Market","Benzinlik","Abur cubur","170.00","1.00","₺","2024-11-21 12:24:32","2024-11-21 12:24:32",NULL,NULL,"1",NULL
"867","2024-11-21","Savings","BinanceTR","Otomatik yatırım.","2750.00","1.00","₺","2024-11-21 13:02:43","2024-11-21 13:02:43",NULL,NULL,"8",NULL
"868","2024-11-22","Alcohol","262Live",NULL,"130.00","2.00","₺","2024-11-23 11:02:45","2024-11-23 11:02:53",NULL,NULL,"10",NULL
"869","2024-11-23","Market","Opet","Abur cubur","90.00","1.00","₺","2024-11-23 19:09:13","2024-11-23 19:09:13",NULL,NULL,"1",NULL
"870","2024-11-23","Meal","Yakamoz","Yoğurtlu tavuk tantuni.","150.00","1.00","₺","2024-11-23 19:09:34","2024-11-23 19:09:34",NULL,NULL,"3",NULL
"871","2024-11-23","Alcohol","262Live",NULL,"130.00","2.00","₺","2024-11-23 19:09:49","2024-11-23 19:09:49",NULL,NULL,"10",NULL
"872","2024-11-23","Fuel","Opet","54260.2km","42.38","40.11","₺","2024-11-23 19:10:34","2024-11-23 19:10:34",NULL,NULL,"2",NULL
"873","2024-11-24","Market","Onyaka","Market alışverişi","1100.39","1.00","₺","2024-11-24 15:03:00","2024-11-24 15:03:00",NULL,NULL,"1",NULL
"874","2024-11-24","Alcohol","Alt Pub","Aysın’ın doğum günü.","965.00","1.00","₺","2024-11-25 06:06:53","2024-11-25 06:06:53",NULL,NULL,"10",NULL
"875","2024-11-24","Hobby","Sakarya Sanat Atölyesi","Milonga girişi","100.00","1.00","₺","2024-11-25 06:07:28","2024-11-25 06:07:28",NULL,NULL,"14",NULL
"876","2024-11-23","Market","Migros","Market alışverişi.","251.52","1.00","₺","2024-11-25 14:49:01","2024-11-25 14:49:15",NULL,NULL,"1",NULL
"877","2024-11-26","Fuel","Opet","54743.7","42.38","37.05","₺","2024-11-26 16:03:00","2024-11-26 16:03:00",NULL,NULL,"2",NULL
"878","2024-11-26","Market","Opet","Abur cubur","155.00","1.00","₺","2024-11-26 16:03:13","2024-11-26 16:03:13",NULL,NULL,"1",NULL
"879","2024-11-26","Meal","Köfteci Yusuf","Az çorba, burger","210.00","1.00","₺","2024-11-26 16:07:13","2024-11-26 16:07:13",NULL,NULL,"3",NULL
"880","2024-11-27","Tax-Penalty Charge","Allianz Sigorta","41ALU709 için zorunlu tradfik sigortası.","7412.90","1.00","₺","2024-11-27 10:04:42","2024-11-27 10:04:42",NULL,NULL,"13",NULL
"881","2024-11-29","Meal","Yakamoz","Yoğurtlu tantuni paket.","150.00","1.00","₺","2024-11-29 22:11:21","2024-11-29 22:11:21",NULL,NULL,"3",NULL
"882","2024-11-29","Alcohol","262Live",NULL,"130.00","3.00","₺","2024-11-29 22:11:39","2024-11-29 22:11:39",NULL,NULL,"10",NULL
"883","2024-11-29","Women","Çiçekçi","Serpil için doğum günü çiçeği.","750.00","1.00","₺","2024-11-30 10:45:57","2024-11-30 10:45:57",NULL,NULL,"20",NULL
"884","2024-11-29","Women","Şok","Serpil için nutella.","225.00","1.00","₺","2024-11-30 10:46:18","2024-11-30 10:46:18",NULL,NULL,"20",NULL
"885","2024-11-30","Meal","Alaçatı Muhallebicisi","Melike Muharrem ve Kıvanç ile kahvaltı.","1020.00","1.00","₺","2024-11-30 10:47:52","2024-11-30 10:47:52",NULL,NULL,"3",NULL
"886","2024-11-29","Women","Midpoint","Serpil ile doğum günü için akşam yemeği.","962.00","1.00","₺","2024-11-30 10:52:39","2024-11-30 10:52:39",NULL,NULL,"20",NULL
"887","2024-11-29","Meal","Kokoreç Ofis","10 tane midye.","12.00","10.00","₺","2024-11-30 10:53:32","2024-11-30 10:53:32",NULL,NULL,"3",NULL
"888","2024-11-30","Collection","Migros","3 tane dergi.","95.00","1.00","₺","2024-11-30 16:23:36","2024-11-30 16:23:36",NULL,NULL,"4",NULL
"889","2024-11-30","Meal","Meg Yemek","Babamlarla yemek","560.00","1.00","₺","2024-11-30 16:24:11","2024-11-30 16:24:11",NULL,NULL,"3",NULL
"890","2024-11-30","Benefaction","Züccaciye","Annemle Melike ve bana halı vb şeyler.","2550.00","1.00","₺","2024-11-30 16:25:38","2024-11-30 16:25:38",NULL,NULL,"7",NULL
"891","2024-11-30","Alcohol","262Live",NULL,"130.00","2.00","₺","2024-12-01 07:08:20","2024-12-01 07:08:34",NULL,NULL,"10",NULL
"892","2024-11-30","Women","262Live","Ezgi için bira","135.00","2.00","₺","2024-12-01 07:09:07","2024-12-01 07:09:07",NULL,NULL,"20",NULL
"893","2024-12-01","Coffee","Starbucks","Para yükleme","250.00","1.00","₺","2024-12-01 07:09:25","2024-12-01 07:09:25",NULL,NULL,"11",NULL
"894","2024-11-29","Coffee","Yemekhane","Otosan kart yüklemesi.","120.00","1.00","₺","2024-12-01 07:10:01","2024-12-01 07:10:01",NULL,NULL,"11",NULL
"895","2024-11-30","Women","Maçka","Ezgi ile çorba.","365.00","1.00","₺","2024-12-01 07:12:22","2024-12-01 07:12:22",NULL,NULL,"20",NULL
"896","2024-12-01","Alcohol","Dallas Tekel","3 Belfast","75.00","3.00","₺","2024-12-02 05:54:39","2024-12-02 05:54:39",NULL,NULL,"10",NULL
"897","2024-12-02","Meal","Altıntaş Börek","Soğuk sandviç meyve suyu.","50.00","1.00","₺","2024-12-02 05:55:31","2024-12-02 05:55:31",NULL,NULL,"3",NULL
"898","2024-12-01","Market","itaSport","Spor öncesi su ve bar.","95.00","1.00","₺","2024-12-02 05:56:00","2024-12-02 05:56:00",NULL,NULL,"1",NULL
"899","2024-12-01","Market","Onyaka","Market alışverişi.","918.11","1.00","₺","2024-12-02 05:56:53","2024-12-02 05:56:53",NULL,NULL,"1",NULL
"900","2024-12-02","Hobby","KOÜDans","Milonga + Workshop","300.00","1.00","₺","2024-12-02 22:01:28","2024-12-02 22:01:28",NULL,NULL,"14",NULL
"901","2024-12-02","Fuel","Opet","55251.8km","42.38","40.59","₺","2024-12-02 22:02:01","2024-12-02 22:02:01",NULL,NULL,"2",NULL
"902","2024-12-02","Market","Opet","Abur cubur","35.00","1.00","₺","2024-12-02 22:02:26","2024-12-02 22:02:26",NULL,NULL,"1",NULL
"903","2024-12-04","Benefaction","Amazon","FOMA ekibi için kupa.","190.00","1.00","₺","2024-12-04 21:23:26","2024-12-04 21:23:26",NULL,NULL,"7",NULL
"904","2024-12-04","Collection","Amazon","Soren Kierkegaard Ya Ya Da kitabı.","421.20","1.00","₺","2024-12-04 21:24:25","2024-12-04 21:24:25",NULL,NULL,"4",NULL
"905","2024-12-02","Clothes","LCW","2 pantolon, 2 gömlek.","2282.95","1.00","₺","2024-12-04 21:33:03","2024-12-04 21:33:03",NULL,NULL,"15",NULL
"906","2024-12-04","Alcohol","262 Live",NULL,"930.00","1.00","₺","2024-12-04 21:33:57","2024-12-04 21:33:57",NULL,NULL,"10",NULL
"908","2024-12-02","Alcohol","Marrakech","2 bira","180.00","2.00","₺","2024-12-04 21:36:22","2024-12-04 21:36:22",NULL,NULL,"10",NULL
"909","2024-12-04","Hobby","GoDaddy","Alan adı yenileme bedeli.","1382.23","1.00","₺","2024-12-04 21:37:21","2024-12-04 21:37:21",NULL,NULL,"14",NULL
"910","2024-12-04","Transportation","Obilet","Tekirdağ Çorlu'ya İrem'i ziyaret için bilet.","350.00","1.00","₺","2024-12-04 22:52:03","2024-12-04 22:52:03",NULL,NULL,"6",NULL
"911","2024-12-01","Savings","BinanceTR","Otomatik yatırım.","500.00","1.00","₺","2024-12-05 10:50:38","2024-12-05 10:50:38",NULL,NULL,"8",NULL
"912","2024-12-05","Savings","BinanceTR","Otomatik yatırım.","2500.00","1.00","₺","2024-12-05 10:50:54","2024-12-05 10:50:54",NULL,NULL,"8",NULL
"913","2024-12-08","Meal","Maya Cafe","İrem ile kahvaltı.","985.00","1.00","₺","2024-12-08 13:10:55","2024-12-08 13:10:55",NULL,NULL,"3",NULL
"914","2024-12-07","Meal","Altıntaş Börek","Açma meyve suyu","40.00","1.00","₺","2024-12-08 13:11:57","2024-12-08 13:11:57",NULL,NULL,"3",NULL
"915","2024-12-07","Meal","Porvo Burger","Burger","535.00","1.00","₺","2024-12-08 13:12:26","2024-12-08 13:12:26",NULL,NULL,"3",NULL
"916","2024-12-07","Transportation","Lüks Karadeniz Seyahat","İzmit’ten Çorlu’ya otobüs bileti.","400.00","1.00","₺","2024-12-08 13:13:37","2024-12-08 14:59:07",NULL,NULL,"6",NULL
"917","2024-12-08","Transportation","Buzlu","Çorlu’dan İzmit’e otobüs bileti.","380.00","1.00","₺","2024-12-08 13:19:16","2024-12-08 13:19:16",NULL,NULL,"6",NULL
"918","2024-12-08","Benefaction","Penguen Kitabevi","İrem’e Pembe Fili Düşünme kitabı.","184.00","1.00","₺","2024-12-08 13:22:04","2024-12-08 13:22:04",NULL,NULL,"7",NULL
"919","2024-12-05","Bills","Sepaş","Elektrik faturası.","179.00","1.00","₺","2024-12-08 13:23:09","2024-12-08 13:23:17",NULL,NULL,"18",NULL
"920","2024-12-05","Bills","YouTube","Premium ücreti.","115.99","1.00","₺","2024-12-08 13:24:41","2024-12-08 13:24:41",NULL,NULL,"18",NULL
"921","2024-12-06","Parking","Ulaşımpark",NULL,"60.00","1.00","₺","2024-12-08 13:29:31","2024-12-08 13:29:31",NULL,NULL,"5",NULL
"922","2024-12-08","Meal","Çiğköfteci",NULL,"70.00","1.00","₺","2024-12-08 17:46:30","2024-12-08 17:46:30",NULL,NULL,"3",NULL
"923","2024-12-08","Market","File","Market alışverişi.","130.12","1.00","₺","2024-12-08 17:46:46","2024-12-08 17:51:57",NULL,NULL,"1",NULL
"924","2024-12-08","Alcohol","262Live",NULL,"130.00","1.00","₺","2024-12-08 17:46:59","2024-12-08 17:46:59",NULL,NULL,"10",NULL
"925","2024-12-09","Alcohol","262Live",NULL,"130.00","2.00","₺","2024-12-09 20:15:57","2024-12-09 20:15:57",NULL,NULL,"10",NULL
"926","2024-12-09","Alcohol","262Live",NULL,"130.00","3.00","₺","2024-12-10 06:46:54","2024-12-10 06:46:54",NULL,NULL,"10",NULL
"927","2024-12-10","Fuel","Opet","55743.1km","42.16","23.72","₺","2024-12-10 17:08:18","2024-12-10 17:08:18",NULL,NULL,"2",NULL
"928","2024-12-10","Meal","Divan","FOMA ekibi ile öğle yemeği.","376.00","1.00","₺","2024-12-10 18:34:44","2024-12-10 18:34:44",NULL,NULL,"3",NULL
"929","2024-12-10","Alcohol","Migros","4 bira","75.00","4.00","₺","2024-12-10 18:35:21","2024-12-10 18:35:21",NULL,NULL,"10",NULL
"930","2024-12-11","Market","A101","Abur cubur","45.00","1.00","₺","2024-12-11 18:11:33","2024-12-11 18:11:33",NULL,NULL,"1",NULL
"931","2024-12-11","Coffee","Kahve Dünyası","Küçük amerikano","80.00","1.00","₺","2024-12-11 18:12:03","2024-12-11 18:12:03",NULL,NULL,"11",NULL
"932","2024-12-11","Alcohol","Migros","2 belfeast kutu","65.00","2.00","₺","2024-12-11 18:12:25","2024-12-11 18:12:25",NULL,NULL,"10",NULL
"933","2024-12-11","Parking","İspark","Otopark","100.00","1.00","₺","2024-12-11 18:12:51","2024-12-11 18:12:51",NULL,NULL,"5",NULL
"934","2024-12-11","Hobby","Los Amigos","Milonga girişi.","250.00","1.00","₺","2024-12-11 18:13:17","2024-12-11 18:13:17",NULL,NULL,"14",NULL
"935","2024-12-13","Tax-Penalty Charge","Oto Ekspertiz","Araç satımı için expertiz fiyatı.","2000.00","1.00","₺","2024-12-13 11:56:22","2024-12-13 11:56:22",NULL,NULL,"13",NULL
"936","2024-12-13","Fuel","Aytemiz",NULL,"42.53","11.76","₺","2024-12-13 11:57:06","2024-12-13 11:57:06",NULL,NULL,"2",NULL
"937","2024-12-13","Market","Aytemiz","Boğaz pastili.","45.00","1.00","₺","2024-12-13 11:59:39","2024-12-13 11:59:39",NULL,NULL,"1",NULL
"938","2024-12-12","Benefaction","Şok","Esra'ya hasta ziyareti için kurabiye ve meyve suyu.","150.00","1.00","₺","2024-12-13 12:14:02","2024-12-13 12:14:02",NULL,NULL,"7",NULL
"939","2024-12-12","Benefaction","Şok","Kıvanç'a oyuncak.","150.00","1.00","₺","2024-12-13 12:14:19","2024-12-13 12:14:19",NULL,NULL,"7",NULL
"940","2024-12-12","Collection","Şok","Kendime araba.","150.00","1.00","₺","2024-12-13 12:14:38","2024-12-13 12:14:38",NULL,NULL,"4",NULL
"941","2024-12-15","Savings","BinanceTR","Otomatik yatırım.","2500.00","1.00","₺","2024-12-15 06:52:01","2024-12-15 06:58:18",NULL,NULL,"8",NULL
"942","2024-12-14","Transportation","Taksici","Hayal Kahvesinden eve dönüş.","225.00","1.00","₺","2024-12-15 06:53:23","2024-12-15 06:53:38",NULL,NULL,"6",NULL
"943","2024-12-14","Alcohol","Hayal Kahvesi",NULL,"250.00","3.00","₺","2024-12-15 06:54:09","2024-12-15 06:55:00",NULL,NULL,"10",NULL
"944","2024-12-14","Women","Hayal Kahvesi","Sena’ya bira ısmarlama","250.00","1.00","₺","2024-12-15 06:54:49","2024-12-15 06:55:19",NULL,NULL,"20",NULL
"945","2024-12-14","Transportation","HGS","HGS bedeli","855.00","1.00","₺","2024-12-15 06:57:52","2025-12-08 15:44:15","0",NULL,"13",NULL
"946","2024-12-17","Health","Çağın Göz","Katılım payı.","15.00","1.00","₺","2024-12-17 09:14:16","2024-12-17 09:14:16",NULL,NULL,"9",NULL
"947","2024-12-16","Alcohol","262Live",NULL,"130.00","2.00","₺","2024-12-17 09:14:33","2024-12-17 09:14:33",NULL,NULL,"10",NULL
"948","2024-12-16","Meal","Maçka","Çorba","135.00","1.00","₺","2024-12-17 09:15:07","2024-12-17 09:15:07",NULL,NULL,"3",NULL
"949","2024-12-17","Health","Eczane","Göz damlaları bedeli.","172.00","1.00","₺","2024-12-17 14:15:39","2024-12-17 14:15:39",NULL,NULL,"9",NULL
"950","2024-12-17","Alcohol","262Live",NULL,"130.00","2.00","₺","2024-12-17 20:00:45","2024-12-17 20:00:45",NULL,NULL,"10",NULL
"951","2024-12-19","Coffee","Düzey","2 makine kahvesi.","28.82","2.00","₺","2024-12-19 08:06:39","2024-12-19 08:06:39",NULL,NULL,"11",NULL
"952","2024-12-18","Market","Onyaka","Market alışverişi.","864.15","1.00","₺","2024-12-19 08:07:01","2024-12-19 08:07:01",NULL,NULL,"1",NULL
"953","2024-12-18","Meal","The Hunger","Öğle yemeği","641.00","1.00","₺","2024-12-19 08:08:02","2024-12-19 08:08:02",NULL,NULL,"3",NULL
"954","2024-12-18","Coffee","Starbucks","Makina kahvesi.","84.00","1.00","₺","2024-12-19 08:08:36","2024-12-19 08:08:36",NULL,NULL,"11",NULL
"955","2024-12-18","Meal","Altıntaş Börek","Kahvaltılık.","80.00","1.00","₺","2024-12-19 08:08:56","2024-12-19 08:08:56",NULL,NULL,"3",NULL
"956","2024-12-18","Collection","Migros","3 dergi.","195.00","1.00","₺","2024-12-19 08:09:23","2024-12-19 08:09:23",NULL,NULL,"4",NULL
"957","2024-12-18","Market","Market","Abur cubur","178.00","1.00","₺","2024-12-19 08:10:18","2024-12-19 08:10:18",NULL,NULL,"1",NULL
"958","2024-12-21","Hobby","Milonga","Binbir direk Sarnıcı milongası giriş bedeli.","650.00","1.00","₺","2024-12-22 15:02:11","2024-12-22 15:02:31",NULL,NULL,"14",NULL
"959","2024-12-21","Alcohol","Market","1 bira","75.00","1.00","₺","2024-12-22 15:02:53","2024-12-22 15:02:53",NULL,NULL,"10",NULL
"960","2024-12-21","Market","Milonga","2 su","20.00","2.00","₺","2024-12-22 15:03:18","2024-12-22 15:03:18",NULL,NULL,"1",NULL
"961","2024-12-21","Alcohol","Milonga","1 bira","150.00","1.00","₺","2024-12-22 15:03:36","2024-12-22 15:03:36",NULL,NULL,"10",NULL
"962","2024-12-20","Barber","Murat Söyük","Traş parası.","400.00","1.00","₺","2024-12-24 07:55:47","2024-12-24 07:55:47",NULL,NULL,"12",NULL
"963","2024-12-23","Hobby","Utku Küley","Usta Öğrenci Eğitmen Sertifikası ilk taksidi.","7500.00","1.00","₺","2024-12-24 07:56:44","2024-12-24 07:56:44",NULL,NULL,"14",NULL
"964","2024-12-23","Collection","Migros","Kitap serisi.","500.00","1.00","₺","2024-12-24 11:54:44","2024-12-24 11:54:44",NULL,NULL,"4",NULL
"965","2024-12-25","Fuel","Opet","57509.3km","43.22","35.86","₺","2024-12-25 21:19:19","2024-12-25 21:19:19",NULL,NULL,"2",NULL
"966","2024-12-25","Market","Market","İsa’nın evine enerji içeceği.","125.00","1.00","₺","2024-12-25 21:19:41","2024-12-25 21:19:41",NULL,NULL,"1",NULL
"967","2024-12-27","Coffee","Düzey","Makine kahvesi","28.00","1.00","₺","2024-12-27 16:35:50","2024-12-27 16:35:50",NULL,NULL,"11",NULL
"968","2024-12-26","Alcohol","Market","3 bira kendime","200.00","1.00","₺","2024-12-27 16:36:55","2024-12-27 16:36:55",NULL,NULL,"10",NULL
"969","2024-12-26","Women","Market","2 bira çerez Ezgi’ye","200.00","1.00","₺","2024-12-27 16:37:22","2024-12-27 16:37:22",NULL,NULL,"20",NULL
"970","2024-12-28","Savings","BinanceTR","Otomatik yatırım.","750.00","1.00","₺","2024-12-29 13:42:44","2024-12-29 13:42:44",NULL,NULL,"8",NULL
"971","2024-12-30","Coffee","Düzey","2 makine kahvesi","29.00","2.00","₺","2024-12-30 09:45:00","2024-12-30 15:41:13",NULL,NULL,"11",NULL
"972","2024-12-29","Meal","Burger Yiyelim","Serpil ile burger.","515.00","1.00","₺","2024-12-30 13:31:00","2024-12-30 13:31:00",NULL,NULL,"3",NULL
"973","2024-12-29","Hobby","Milonga","Milonga ve workshop ücreti.","350.00","1.00","₺","2024-12-30 14:20:19","2024-12-30 14:20:19",NULL,NULL,"14",NULL
"974","2024-12-30","Market","Düzey","2 su","9.00","2.00","₺","2024-12-30 15:41:03","2024-12-30 15:41:03",NULL,NULL,"1",NULL
"975","2024-12-29","Market","Festival Büfe","Abur cubur","140.00","1.00","₺","2024-12-30 15:42:19","2024-12-30 15:42:19",NULL,NULL,"1",NULL
"976","2024-12-29","Meal","Marrakech","Su","35.00","1.00","₺","2024-12-30 15:43:02","2024-12-30 15:43:02",NULL,NULL,"3",NULL
"977","2024-12-28","Market","Total","Abur cubur","55.00","1.00","₺","2024-12-30 15:43:51","2024-12-30 15:43:51",NULL,NULL,"1",NULL
"978","2024-12-30","Transportation","BluePath","Araç için ppf kaplama film koruma vs.","16500.00","1.00","₺","2024-12-30 15:46:39","2024-12-30 15:46:39",NULL,NULL,"6",NULL
"979","2024-12-30","Tax-Penalty Charge","Erdeğer","Araç kaskosu.","27717.00","1.00","₺","2024-12-30 15:47:28","2024-12-30 15:47:28",NULL,NULL,"13",NULL
"980","2025-01-02","Meal","Hastane Kantini","Kahvaltılık poğaça çay vs","152.00","1.00","₺","2025-01-02 07:30:37","2025-01-02 07:30:37",NULL,NULL,"3",NULL
"981","2025-01-03","Meal","GreenSalad","Akşam yemeği soya soslu tavuk +zero","290.00","1.00","₺","2025-01-03 18:02:29","2025-01-03 18:02:29",NULL,NULL,"3",NULL
"982","2025-01-03","Alcohol","Migros","1 Bremen yüksek alkol.","80.00","1.00","₺","2025-01-03 18:03:41","2025-01-03 18:03:41",NULL,NULL,"10",NULL
"983","2025-01-03","Market","Migros","Abur cubur","146.15","1.00","₺","2025-01-03 18:05:01","2025-01-03 18:05:01",NULL,NULL,"1",NULL
"984","2025-01-03","Collection","Migros","Kafa dergisi.","90.00","1.00","₺","2025-01-03 18:05:23","2025-01-03 18:05:23",NULL,NULL,"4",NULL
"985","2025-01-03","Women","Koton","Ezgi’ye doğum günü hediyesi.","595.00","1.00","₺","2025-01-03 18:08:02","2025-01-03 18:08:02",NULL,NULL,"20",NULL
"986","2025-01-03","Hobby","Temu","Ivır zıvır.","1127.30","1.00","₺","2025-01-03 18:08:42","2025-01-03 18:08:42",NULL,NULL,"14",NULL
"987","2025-01-04","Alcohol","262Live",NULL,"130.00","2.00","₺","2025-01-05 12:45:50","2025-01-05 12:46:06",NULL,NULL,"10",NULL
"988","2025-01-05","Collection","Migros","2 dergi","140.00","1.00","₺","2025-01-05 12:46:49","2025-01-05 12:46:49",NULL,NULL,"4",NULL
"989","2025-01-05","Savings","BinanceTR",NULL,"750.00","1.00","₺","2025-01-05 12:47:04","2025-01-05 12:47:04",NULL,NULL,"8",NULL
"990","2025-01-04","Market","Cafe","1.5 litre su.","45.00","1.00","₺","2025-01-05 12:47:39","2025-01-05 12:47:49",NULL,NULL,"1",NULL
"991","2025-01-04","Meal","Maçka","Tavuksuyu çorba","150.00","1.00","₺","2025-01-05 12:48:16","2025-01-05 12:48:16",NULL,NULL,"3",NULL
"992","2025-01-04","Coffee","Starbucks","Melike ile kahve kurabiye","314.00","1.00","₺","2025-01-05 12:48:44","2025-01-05 12:48:44",NULL,NULL,"11",NULL
"993","2025-01-03","Alcohol","Sarmaşık","3 bira","690.00","1.00","₺","2025-01-05 12:49:49","2025-03-29 17:16:47",NULL,NULL,"10",NULL
"994","2025-01-02","Tax-Penalty Charge","Erdeğer","Trafik Sigortası","8113.00","1.00","₺","2025-01-05 12:53:47","2025-01-05 12:53:47",NULL,NULL,"13",NULL
"995","2025-01-06","Meal","Paket Burger","Mustafa Elif ve kendim için 3 burger menü.","690.00","1.00","₺","2025-01-07 12:45:52","2025-03-29 17:17:21",NULL,NULL,"3",NULL
"996","2025-01-06","Market","Onyaka","Market alışverişi.","586.13","1.00","₺","2025-01-07 12:51:57","2025-01-07 12:51:57",NULL,NULL,"1",NULL
"997","2024-12-21","Fuel","Opet","(43.02₺ x 32.78lt)","1410.20","1.00","₺","2025-01-07 12:54:16","2025-03-29 17:16:24",NULL,NULL,"2",NULL
"998","2024-12-22","Alcohol","Carrefoursa","4x Belfast","255.00","1.00","₺","2025-01-07 13:02:56","2025-03-29 17:15:40",NULL,NULL,"10",NULL
"999","2025-01-01","Transportation","Başyıldız","Tekirdağ git gel için Mustafanın aracına yakıt","1800.73","1.00","₺","2025-01-07 13:46:47","2025-01-07 13:46:56",NULL,NULL,"6",NULL
"1000","2025-01-06","Parking","Ulaşımpark",NULL,"50.00","1.00","₺","2025-01-07 13:48:42","2025-01-07 13:48:42",NULL,NULL,"5",NULL
"1001","2025-01-02","Fuel","Opet","0. kilometre ilk yakıt. Babam hediye aldı. (44.34₺x55.48lt)","2459.98","1.00","₺","2025-01-07 13:49:57","2025-03-29 17:14:58",NULL,NULL,"2",NULL
"1002","2025-01-09","Savings","BinanceTR","Otomatik yatırım.","1080.00","1.00","₺","2025-01-09 07:39:37","2025-01-09 07:39:37",NULL,NULL,"8",NULL
"1003","2025-01-08","Meal","Tavuk Dünyası","Siriraça tavuk menü","260.00","1.00","₺","2025-01-09 07:39:59","2025-01-09 07:39:59",NULL,NULL,"3",NULL
"1004","2025-01-08","Alcohol","262Live","Bir bira","160.00","1.00","₺","2025-01-09 07:40:22","2025-01-09 07:42:05",NULL,NULL,"10",NULL
"1005","2025-01-08","Market","Migros","1.5 litre su.","9.00","1.00","₺","2025-01-09 07:40:51","2025-01-09 07:41:04",NULL,NULL,"1",NULL
"1006","2025-01-08","Coffee","Kahve Diyarı","Gökhan abi ile kahve","300.00","1.00","₺","2025-01-09 07:42:43","2025-01-09 07:42:55",NULL,NULL,"11",NULL
"1007","2025-01-10","Market","Onyaka","Toplu market alışverişi.","2103.68","1.00","₺","2025-01-10 19:24:42","2025-01-10 19:24:42",NULL,NULL,"1",NULL
"1008","2025-01-10","Meal","Maydonoz Döner","Zurna tavuk dürüm.","190.00","1.00","₺","2025-01-10 19:26:00","2025-01-10 19:26:00",NULL,NULL,"3",NULL
"1009","2025-01-10","Transportation","HGS","Hgs yüklemesi.","175.00","1.00","₺","2025-01-10 19:26:43","2025-01-10 19:26:43",NULL,NULL,"6",NULL
"1010","2025-01-09","Market","Market","Alkol yanı abur cubur.","280.00","1.00","₺","2025-01-10 19:27:39","2025-01-10 19:27:39",NULL,NULL,"1",NULL
"1011","2025-01-09","Women","Market","Aysın’la bungalovda içmek için bira, cin ve abur cubur.","1197.00","1.00","₺","2025-01-10 19:28:59","2025-01-10 19:28:59",NULL,NULL,"20",NULL
"1012","2025-01-09","Coffee","Medikal","Melike ile Medikal’de çay kahve","165.00","1.00","₺","2025-01-10 19:30:43","2025-01-10 19:30:43",NULL,NULL,"11",NULL
"1013","2025-01-10","Alcohol","262Live","2 bira","160.00","2.00","₺","2025-01-10 21:02:28","2025-01-10 21:02:28",NULL,NULL,"10",NULL
"1014","2025-01-11","Fuel","Opet","512.3km","45.36","46.74","₺","2025-01-11 22:50:12","2025-01-11 22:50:12",NULL,NULL,"2",NULL
"1015","2025-01-11","Alcohol","262Live","1 Blanc","150.00","1.00","₺","2025-01-11 22:50:39","2025-01-11 22:50:39",NULL,NULL,"10",NULL
"1016","2025-01-12","Savings","BinanceTR","Yatırım","1060.00","1.00","₺","2025-01-12 10:13:05","2025-01-12 10:13:05",NULL,NULL,"8",NULL
"1017","2025-01-12","Coffee","Starbucks","1 kahve.","100.00","1.00","₺","2025-01-12 14:38:40","2025-01-12 14:38:40",NULL,NULL,"11",NULL
"1018","2025-01-14","Market","Onyaka","Market alışverişi","193.00","1.00","₺","2025-01-14 23:56:05","2025-01-14 23:56:05",NULL,NULL,"1",NULL
"1019","2025-01-14","Alcohol","262Live","2 fıçı","160.00","2.00","₺","2025-01-14 23:56:30","2025-01-14 23:56:30",NULL,NULL,"10",NULL
"1020","2025-01-13","Hobby","Temu","Ivır zıvır","1324.17","1.00","₺","2025-01-14 23:58:33","2025-01-14 23:58:33",NULL,NULL,"14",NULL
"1021","2025-01-13","Coffee","Monia Coffie","Kahve","170.00","1.00","₺","2025-01-14 23:59:25","2025-01-14 23:59:25",NULL,NULL,"11",NULL
"1022","2025-01-13","Hobby","Storytel","1 yıllık abonelik","1199.99","1.00","₺","2025-01-15 00:00:25","2025-01-15 00:00:37",NULL,NULL,"14",NULL
"1023","2025-01-11","Meal","Yakamoz","Yoğurtlu tantuni","220.00","1.00","₺","2025-01-15 00:01:54","2025-01-15 00:01:54",NULL,NULL,"3",NULL
"1024","2025-01-11","Alcohol","Doping","2 bira","180.00","2.00","₺","2025-01-15 00:02:26","2025-01-15 00:02:26",NULL,NULL,"10",NULL
"1025","2025-01-11","Meal","Exa Çikolata","Waffle çay.","490.00","1.00","₺","2025-01-15 00:03:15","2025-01-15 00:03:15",NULL,NULL,"3",NULL
"1026","2025-01-15","Savings","BinanceTR","Otomatik kripto yatırım.","1080.00","1.00","₺","2025-01-15 00:07:34","2025-01-15 00:07:34",NULL,NULL,"8",NULL
"1027","2025-01-17","Hobby","Utku Küley","Usta Öğrenci Belgesi için ikinci ödeme.","7500.00","1.00","₺","2025-01-17 12:57:59","2025-01-17 12:57:59",NULL,NULL,"14",NULL
"1028","2025-01-17","Collection","Migros","Pokemon dergisi.","95.00","1.00","₺","2025-01-17 13:05:05","2025-01-17 13:05:05",NULL,NULL,"4",NULL
"1029","2025-01-17","Meal","A101","Aysınla kahvaltılık simit ve üçgen peynir.","140.00","1.00","₺","2025-01-17 13:05:39","2025-01-17 13:05:39",NULL,NULL,"3",NULL
"1030","2025-01-18","Meal","Burger King","2 burger","270.00","1.00","₺","2025-01-18 15:28:30","2025-01-18 15:28:30",NULL,NULL,"3",NULL
"1031","2025-01-18","Coffee","Kings Landing","1 amerikano","145.00","1.00","₺","2025-01-18 15:29:16","2025-01-18 15:29:16",NULL,NULL,"11",NULL
"1032","2025-01-18","Savings","BinanceTR","Kripto düzenli yatırım","1080.00","1.00","₺","2025-01-18 16:17:47","2025-01-18 16:17:47",NULL,NULL,"8",NULL
"1033","2025-01-15","Savings","Allianz","BES","2000.00","1.00","₺","2025-01-18 16:19:50","2025-01-18 16:19:50",NULL,NULL,"8",NULL
"1034","2025-01-18","Market","Subaşı Ekmek Fırını","2 simit","28.00","1.00","₺","2025-01-18 16:21:44","2025-03-29 17:13:25",NULL,NULL,"1",NULL
"1035","2025-01-15","Hobby","Milonga Piyan","Milonga giriş ücret","100.00","1.00","₺","2025-01-18 16:22:25","2025-01-18 16:22:25",NULL,NULL,"14",NULL
"1036","2025-01-18","Alcohol","Migros","Bira 6 adet karışık.","400.00","1.00","₺","2025-01-19 13:15:50","2025-01-19 13:15:50",NULL,NULL,"10",NULL
"1037","2025-01-18","Collection","Migros","2 dergi.","200.00","1.00","₺","2025-01-19 13:16:16","2025-01-19 13:16:22",NULL,NULL,"4",NULL
"1038","2025-01-18","Market","Migros","Abur cubur market alışverişi.","200.00","1.00","₺","2025-01-19 13:17:17","2025-01-19 13:17:17",NULL,NULL,"1",NULL
"1039","2025-01-18","Alcohol","262Live","2 fıçı","320.00","1.00","₺","2025-01-19 13:17:43","2025-03-29 17:12:34",NULL,NULL,"10",NULL
"1040","2025-01-18","Hobby","Tolga Alver","Miloga giriş ücreti.","250.00","1.00","₺","2025-01-19 13:18:04","2025-01-19 13:18:04",NULL,NULL,"14",NULL
"1041","2025-01-20","Savings","BinanceTR","Otomatik yatırım","1800.00","1.00","₺","2025-01-20 19:26:29","2025-01-20 19:26:29",NULL,NULL,"8",NULL
"1042","2025-01-19","Meal","Dominos","2’li pizza","340.00","1.00","₺","2025-01-20 19:27:20","2025-01-20 19:27:20",NULL,NULL,"3",NULL
"1043","2025-01-20","Meal","Pilavcı","Pilav üstü tavuk.","100.00","1.00","₺","2025-01-20 19:27:37","2025-01-20 19:27:37",NULL,NULL,"3",NULL
"1044","2025-01-20","Coffee","Starbucks","Kahve sandviç.","259.00","1.00","₺","2025-01-20 19:28:18","2025-01-20 19:28:18",NULL,NULL,"11",NULL
"1045","2025-01-30","Clothes","Mavi","Alternatif kaban.","1199.99","1.00","₺","2025-01-30 13:41:13","2025-01-30 13:41:13",NULL,NULL,"15",NULL
"1046","2025-01-30","Clothes","DeFacto","Alternatif 2. kaban.","1999.99","1.00","₺","2025-01-30 13:41:48","2025-01-30 13:41:48",NULL,NULL,"15",NULL
"1047","2025-01-29","Hobby","Los Amigos","Milonga giriş ücreti.","300.00","1.00","₺","2025-01-30 13:48:59","2025-01-30 13:48:59",NULL,NULL,"14",NULL
"1048","2025-02-12","Coffee","Total","Makina kahvesi.","50.00","1.00","₺","2025-02-12 14:03:45","2025-02-12 14:03:45",NULL,NULL,"11",NULL
"1049","2025-02-12","Fuel","Total",NULL,"46.26","8.65","₺","2025-02-12 14:04:26","2025-02-12 14:04:39",NULL,NULL,"2",NULL
"1050","2025-02-12","Fuel","Total","3168.2km (46.38x21.56)","999.95","1.00","₺","2025-02-12 17:46:38","2025-03-29 17:13:06",NULL,NULL,"2",NULL
"1051","2025-03-01","Collection","Turkish Mezat","Gezegenler para koleksiyonu. 200₺ açık arttırma, 200₺ kargo.","400.00","1.00","₺","2025-03-01 11:06:47","2025-03-01 11:06:47",NULL,NULL,"4",NULL
"1052","2025-02-28","Alcohol","262Live","2 bira.","320.00","1.00","₺","2025-03-01 11:07:09","2025-03-29 17:12:47",NULL,NULL,"10",NULL
"1053","2025-03-03","Health","Eczane","Babamın ilaç parası.","20.00","1.00","₺","2025-03-04 09:15:40","2025-03-04 09:15:40",NULL,NULL,"9",NULL
"1054","2025-03-05","Savings","BinanceTR","otomatik yatırım.","5000.00","1.00","₺","2025-03-05 10:24:54","2025-03-05 10:24:54",NULL,NULL,"8",NULL
"1055","2025-02-21","Bills","Amazon","Amazon Prime üyeliği.","39.00","1.00","₺","2025-03-05 10:28:09","2025-03-05 10:28:09",NULL,NULL,"18",NULL
"1056","2025-02-21","Savings","Türkiye Sigorta","Ocak ve Şubat ayları 50$ hayat sigortası birikimi.","3636.70","1.00","₺","2025-03-05 10:29:21","2025-12-08 15:47:30","0",NULL,"8",NULL
"1057","2025-03-21","Bills","Netflix","Netflix abonelik ücreti.","299.99","1.00","₺","2025-03-05 10:29:53","2025-12-29 14:03:50","0",NULL,"18",NULL
"1058","2025-02-26","Savings","Allianz","BES katkı payı.","2000.00","1.00","₺","2025-03-05 10:30:18","2025-03-05 10:30:18",NULL,NULL,"8",NULL
"1059","2025-03-05","Alcohol","Rocknrolla","2 bira","270.00","1.00","₺","2025-03-07 07:23:11","2025-03-29 17:11:47",NULL,NULL,"10",NULL
"1060","2025-03-05","Benefaction","Barmen","Bahşiş","60.00","1.00","₺","2025-03-07 07:23:32","2025-03-07 07:24:11",NULL,NULL,"7",NULL
"1061","2025-03-05","Hobby","Qerida","Milonga ücreti.","300.00","1.00","₺","2025-03-07 07:23:59","2025-03-07 07:23:59",NULL,NULL,"14",NULL
"1062","2025-03-05","Collection","Total","Star Trek figürü","510.00","1.00","₺","2025-03-07 07:25:03","2025-03-07 07:25:03",NULL,NULL,"4",NULL
"1063","2025-03-04","Market","File","File ve Migros’tan market alışverişi.","1908.69","1.00","₺","2025-03-07 07:36:59","2025-03-07 07:36:59",NULL,NULL,"1",NULL
"1064","2025-03-11","Clothes","Koton","Parfüm. Ocian Wave","499.99","1.00","₺","2025-03-11 13:37:36","2025-03-11 13:37:36",NULL,NULL,"15",NULL
"1065","2025-03-11","Coffee","Starbucks","Para yükleme.","250.00","1.00","₺","2025-03-11 13:38:07","2025-03-11 13:38:07",NULL,NULL,"11",NULL
"1066","2025-03-11","Market","Migros","Su","36.37","1.00","₺","2025-03-11 13:41:02","2025-03-11 13:41:02",NULL,NULL,"1",NULL
"1067","2025-03-11","Meal","Tavuk Dünyası","Öğle yemeği.","290.00","1.00","₺","2025-03-11 13:41:52","2025-03-11 13:41:52",NULL,NULL,"3",NULL
"1068","2025-03-10","Alcohol","RockNRolla","3 bira","460.00","1.00","₺","2025-03-11 13:43:45","2025-03-11 13:43:45",NULL,NULL,"10",NULL
"1069","2025-03-10","Meal","Çorbacı","Kelle paça","300.00","1.00","₺","2025-03-11 13:44:26","2025-03-11 13:44:26",NULL,NULL,"3",NULL
"1070","2025-03-09","Accommodation","AirBNB","3 günlük Kadıköy’de konaklama.","2689.65","1.00","₺","2025-03-11 13:46:07","2025-03-11 13:46:07",NULL,NULL,"16",NULL
"1071","2025-03-08","Market","Onyaka","Market alışverişi.","1025.00","1.00","₺","2025-03-11 13:46:47","2025-03-11 13:46:47",NULL,NULL,"1",NULL
"1072","2025-03-08","Hobby","Amazon","YouTube için mikrofon ve Tripod.","949.00","1.00","₺","2025-03-11 13:48:17","2025-03-11 13:48:17",NULL,NULL,"14",NULL
"1073","2025-03-07","Coffee","MilesCoffe","1 kahve","140.00","1.00","₺","2025-03-11 13:48:52","2025-03-11 13:48:52",NULL,NULL,"11",NULL
"1074","2025-03-10","Transportation","TCDD","İstanbul’a hızlı tren.","190.00","1.00","₺","2025-03-11 13:49:38","2025-03-11 13:49:38",NULL,NULL,"6",NULL
"1075","2025-03-11","Market","Kitapçı","2025 ajandası.","150.00","1.00","₺","2025-03-11 13:51:34","2025-03-11 13:51:34",NULL,NULL,"1",NULL
"1076","2025-03-11","Tax-Penalty Charge","Devlet","92km hız cezası mobil radar.","1625.25","1.00","₺","2025-03-11 14:06:35","2025-03-11 14:06:35",NULL,NULL,"13",NULL
"1077","2025-03-23","Market","Total","Su ve çikolata.","75.00","1.00","₺","2025-03-24 15:52:08","2025-03-24 15:52:08",NULL,NULL,"1",NULL
"1078","2025-03-22","Alcohol","262Live","2 Blenc","300.00","1.00","₺","2025-03-24 15:52:43","2025-03-29 17:11:27",NULL,NULL,"10",NULL
"1079","2025-03-22","Alcohol","Zanzibar","1 şişe bira.","150.00","1.00","₺","2025-03-24 15:53:20","2025-03-24 15:53:20",NULL,NULL,"10",NULL
"1080","2025-03-22","Meal","Yakamoz","Yoğurtlu tantuni.","190.00","1.00","₺","2025-03-24 15:53:55","2025-03-24 15:53:55",NULL,NULL,"3",NULL
"1081","2025-03-22","Market","File","Market alışverişi.","1431.76","1.00","₺","2025-03-24 15:54:29","2025-03-24 15:54:29",NULL,NULL,"1",NULL
"1082","2025-03-24","Benefaction","Annem","Anneme zekat ve fitre için verildi.","10000.00","1.00","₺","2025-03-24 16:53:25","2025-03-24 16:53:25",NULL,NULL,"7",NULL
"1083","2025-03-24","Digital Asset","GoDaddy","mahirex.com için 2 yıllık uzatma bedeli.","1212.94","1.00","₺","2025-03-24 16:56:53","2025-12-18 14:06:21","1",NULL,"13",NULL
"1084","2025-03-26","Meal","Mevlana Sofrası","Babamla öğle yemeği, sulu yemek.","600.00","1.00","₺","2025-03-26 13:38:12","2025-03-26 13:38:12",NULL,NULL,"3",NULL
"1085","2025-03-26","Savings","BinanceTR","Otomatik yatırım için para transferi.","2500.00","1.00","₺","2025-03-26 13:39:32","2025-03-26 13:39:32",NULL,NULL,"8",NULL
"1086","2025-03-25","Meal","Maçka","Çorba.","190.00","1.00","₺","2025-03-26 13:40:38","2025-03-26 13:40:38",NULL,NULL,"3",NULL
"1087","2025-03-26","Market","Total","Abur cubur","161.50","1.00","₺","2025-03-26 22:52:09","2025-03-26 22:52:09",NULL,NULL,"1",NULL
"1088","2025-03-26","Market","Bakkal","Nane şekeri","55.00","1.00","₺","2025-03-26 22:52:24","2025-03-26 22:52:24",NULL,NULL,"1",NULL
"1089","2025-03-26","Hobby","Milonga Qerida","Milonga giriş.","300.00","1.00","₺","2025-03-26 22:52:43","2025-03-26 22:52:43",NULL,NULL,"14",NULL
"1090","2025-03-26","Alcohol","Cansu Bolat","2 bira parası","320.00","1.00","₺","2025-03-26 22:53:20","2025-03-29 17:11:15",NULL,NULL,"10",NULL
"1091","2025-03-26","Alcohol","Matildas","1 Belfast","210.00","1.00","₺","2025-03-26 22:53:44","2025-03-26 22:53:44",NULL,NULL,"10",NULL
"1092","2025-03-26","Collection","Total","Star Trek figür","510.00","1.00","₺","2025-03-26 22:54:07","2025-03-26 22:54:07",NULL,NULL,"4",NULL
"1094","2025-03-26","Benefaction","Annem","Yıllık Zekat","10000.00","1.00","₺","2025-03-29 17:05:30","2025-03-29 17:05:30",NULL,NULL,"7",NULL
"1095","2025-03-27","Benefaction","Ömer Kocatürk","Fitre","400.00","1.00","₺","2025-03-29 17:05:49","2025-03-29 17:05:49",NULL,NULL,"7",NULL
"1096","2025-03-29","Clothes","Hacı Ömer","3'lü çorap.","50.00","1.00","₺","2025-03-29 17:18:10","2025-03-29 17:18:10",NULL,NULL,"15",NULL
"1097","2025-03-29","Benefaction","Hacı Ömer","Doğum günü hediyesi kolye ve takılar.","450.00","1.00","₺","2025-03-29 17:19:28","2025-03-29 17:19:28",NULL,NULL,"7",NULL
"1098","2025-03-29","Meal","BurgerKing","Steakhouse","295.00","1.00","₺","2025-03-29 17:20:21","2025-03-30 12:10:16","1",NULL,"3",NULL
"1099","2025-03-29","Coffee","Starbucks","Amerikano","102.00","1.00","₺","2025-03-29 17:21:57","2025-03-30 12:10:05","1",NULL,"11",NULL
"1100","2025-03-29","Meal","Starbucks","3 Peynirli haşhaşlı","145.00","1.00","₺","2025-03-29 17:22:30","2025-03-30 12:09:50","1",NULL,"3",NULL
"1101","2025-03-29","Collection","Migros","Dergiler.","355.00","1.00","₺","2025-03-29 17:23:28","2025-03-29 17:23:28",NULL,NULL,"4",NULL
"1102","2025-03-29","Transportation","HGS","HGS ödemesi.","175.00","1.00","₺","2025-03-30 10:28:29","2025-03-30 10:28:29",NULL,NULL,"6",NULL
"1103","2025-03-21","Savings","Türkiye Sigorta","Dolar sağlık sigortası.","1902.02","1.00","₺","2025-03-30 10:32:10","2025-03-30 10:32:10",NULL,NULL,"8",NULL
"1105","2025-03-20","Transportation","HGS","HGS yükleme.","175.00","1.00","₺","2025-03-30 10:33:15","2025-03-30 10:33:15",NULL,NULL,"6",NULL
"1106","2025-03-19","Transportation","HGS","HGS yükleme.","210.00","1.00","₺","2025-03-30 10:33:42","2025-03-30 10:33:42",NULL,NULL,"6",NULL
"1107","2025-03-17","Savings","Allianz","BES katkı payı.","2000.00","1.00","₺","2025-03-30 10:34:08","2025-03-30 10:34:08",NULL,NULL,"8",NULL
"1108","2025-03-17","Bills","Vodafone","telefon fatura.","462.50","1.00","₺","2025-03-30 11:35:52","2025-03-30 11:35:52",NULL,NULL,"18",NULL
"1109","2025-03-16","Bills","Amazon","abonelik.","39.00","1.00","₺","2025-03-30 11:36:25","2025-03-30 11:36:25",NULL,NULL,"18",NULL
"1110","2025-03-16","Transportation","HGS","HGS otomatik yükleme.","175.00","1.00","₺","2025-03-30 11:36:52","2026-01-19 10:44:12","0",NULL,"6",NULL
"1111","2025-03-16","Bills","Apple","2TB üyelik.","249.99","1.00","₺","2025-03-30 11:37:36","2026-02-16 11:32:35","0",NULL,"18","0"
"1112","2025-03-14","Bills","İzgaz","doğalgaz faturası","855.00","1.00","₺","2025-03-30 11:38:21","2025-03-30 11:38:21",NULL,NULL,"18",NULL
"1113","2025-03-13","Transportation","HGS",NULL,"175.00","1.00","₺","2025-03-30 11:38:40","2025-03-30 11:38:40",NULL,NULL,"6",NULL
"1114","2025-03-10","Bills","İSU","Su faturası.","478.00","1.00","₺","2025-03-30 11:39:18","2025-12-08 15:59:54","0",NULL,"18",NULL
"1115","2025-03-31","Alcohol","262Live","4 bira","660.00","1.00","₺","2025-03-31 21:31:17","2025-03-31 21:31:25","0",NULL,"10",NULL
"1116","2025-04-07","Hobby","Apple","Oyun içi satınalma.","39.99","1.00","₺","2025-04-07 16:08:31","2025-04-07 16:08:31","0",NULL,"14",NULL
"1117","2025-04-07","Hobby","Milonga Feriye","Feriye milongasına giriş ücreti.","500.00","1.00","₺","2025-04-07 16:08:59","2025-04-07 16:08:59","0",NULL,"14",NULL
"1118","2025-04-07","Savings","BinanceTR","Günlük yatırım.","3000.00","1.00","₺","2025-04-07 16:57:35","2025-04-07 16:57:35","0",NULL,"8",NULL
"1119","2025-04-05","Hobby","Decathlon","Tenis raketi ve 8 tenis topu.","3700.00","1.00","₺","2025-04-07 17:01:05","2025-04-07 17:01:05","0",NULL,"14",NULL
"1120","2025-04-05","Clothes","Decathlon","Taytlı şort.","750.00","1.00","₺","2025-04-07 17:01:47","2025-04-07 17:01:47","0",NULL,"15",NULL
"1121","2025-04-07","Coffee","Katık","Su","10.00","1.00","₺","2025-04-07 17:02:13","2025-04-07 17:02:13","0",NULL,"11",NULL
"1122","2025-04-05","Market","Petrol","Abur cubur.","110.00","1.00","₺","2025-04-07 17:02:52","2025-04-07 17:03:08","0",NULL,"1",NULL
"1123","2025-04-04","Alcohol","262Live","Mustafalarla eğlence.","880.00","1.00","₺","2025-04-07 17:03:54","2025-04-07 17:03:54","0",NULL,"10",NULL
"1124","2025-04-03","Alcohol","262Live","262’de içki.","760.00","1.00","₺","2025-04-07 17:07:51","2025-04-07 17:07:51","0",NULL,"10",NULL
"1125","2025-04-10","Hobby","Los Amigos","Milonga giriş ücreti.","300.00","1.00","₺","2025-04-11 11:19:20","2025-04-11 11:19:20","0",NULL,"14",NULL
"1126","2025-04-11","Hobby","Milonga","Bursa'daki dans gecesine giriş ücreti.","400.00","1.00","₺","2025-04-12 11:49:37","2025-04-12 11:49:37","0",NULL,"14",NULL
"1127","2025-04-11","Women","Hüner Kağıt","Bursa'daki Ayşegül için ahşap mama kabı.","450.00","1.00","₺","2025-04-12 11:50:34","2025-04-12 11:50:34","0",NULL,"20",NULL
"1128","2025-04-11","Hobby","Hüner Kağıt","3 adet puzzle yapıştırıcısı.","90.00","1.00","₺","2025-04-12 11:51:01","2025-04-12 11:51:16","1",NULL,"14",NULL
"1129","2025-04-15","Health","İta","Yıllık (13 aylık) üyelik yenileme","27000.00","1.00","₺","2025-04-15 20:45:42","2025-04-15 20:45:42","0",NULL,"9",NULL
"1130","2025-04-15","Alcohol","262Live","2 bira","310.00","1.00","₺","2025-04-15 20:46:40","2025-04-15 20:46:40","0",NULL,"10",NULL
"1131","2025-04-19","Savings","BinanceTR","Günlük yatırım.","2500.00","1.00","₺","2025-04-20 08:57:18","2025-04-20 08:57:18","0",NULL,"8",NULL
"1132","2025-04-20","Collection","Migros","Kafkaokur","95.00","1.00","₺","2025-04-20 21:46:40","2025-04-20 21:46:40","0",NULL,"4",NULL
"1133","2025-04-20","Alcohol","Migros","4+4 8 kutu bira.","520.00","1.00","₺","2025-04-20 21:47:30","2025-04-20 21:47:30","0",NULL,"10",NULL
"1134","2025-04-21","Market","Market","2 su, bisküvi","65.00","1.00","₺","2025-04-21 13:35:13","2025-04-21 13:35:13","0",NULL,"1",NULL
"1135","2025-04-21","Coffee","Market","2 çay.","40.00","1.00","₺","2025-04-21 13:35:42","2025-04-21 13:35:42","0",NULL,"11",NULL
"1136","2025-04-22","Coffee","Market","Kahvaltılık çay su bisküvi.","90.00","1.00","₺","2025-04-22 04:45:38","2025-07-01 16:09:16","1","8.18","11",NULL
"1137","2025-04-21","Alcohol","262Live","2 bira","320.00","1.00","₺","2025-04-22 04:46:11","2025-04-22 04:46:11","0",NULL,"10",NULL
"1138","2025-03-12","Tax-Penalty Charge","SEYİR MOBİL YAZILIM ELEKTRONİK OTOMASYON SİSTEMLERİ SAN. VE TİC. AŞ.","UTTS Takılma bedeli.","2791.45","1.00","₺","2025-04-22 13:27:36","2025-04-22 13:27:36","1",NULL,"13",NULL
"1139","2025-04-23","Savings","BinanceTR","Günlük otomatik alım yatırımı.","1000.00","1.00","₺","2025-04-23 10:49:54","2025-04-23 10:50:00","0",NULL,"8",NULL
"1140","2025-04-22","Alcohol","262Live","1 bira bir kokteyl.","410.00","1.00","₺","2025-04-23 10:50:26","2025-04-23 10:50:26","0",NULL,"10",NULL
"1141","2025-04-25","Savings","BinanceTR","Otomatik yatırım","1000.00","1.00","₺","2025-04-26 20:48:18","2025-04-26 20:48:18","0",NULL,"8",NULL
"1142","2025-04-25","Barber","MesseStella","Saç traşı","500.00","1.00","₺","2025-04-26 20:50:12","2025-04-26 20:50:24","0",NULL,"12",NULL
"1143","2025-04-25","Women","Doping","Şeyda ile Doping’te 2 bira","410.00","1.00","₺","2025-04-26 20:52:16","2025-04-26 20:52:16","0",NULL,"20",NULL
"1144","2025-04-25","Women","262Live","Şeyda ile 262’de 2’şer bira ve north shot","900.00","1.00","₺","2025-04-26 20:53:44","2025-04-26 20:53:44","0",NULL,"20",NULL
"1145","2025-04-25","Meal","Aktaşlı Çiğköfte","Dürüm ayran","110.00","1.00","₺","2025-04-26 20:55:07","2025-07-01 15:58:33","1","10.00","3",NULL
"1146","2025-04-24","Alcohol","262Live","2 bira","320.00","1.00","₺","2025-04-26 20:57:41","2025-04-26 20:57:41","0",NULL,"10",NULL
"1147","2025-04-25","Meal","Starbucks","Kahve sandviç","259.00","1.00","₺","2025-04-26 20:58:33","2025-04-26 20:58:33","0",NULL,"3",NULL
"1148","2025-04-26","Alcohol","262Live","2 bira","320.00","1.00","₺","2025-04-27 07:07:49","2025-04-27 07:07:49","0",NULL,"10",NULL
"1149","2025-04-28","Tax-Penalty Charge","Devlet","3 aylık stopaj vergisi.","826.00","1.00","₺","2025-04-28 10:54:44","2025-04-28 10:54:44","1",NULL,"13",NULL
"1150","2025-04-28","Bills","Gürkan Öztaban","Aylık muhasebeci bedeli.","1943.70","1.00","₺","2025-04-28 10:56:06","2025-04-28 10:56:06","1",NULL,"18",NULL
"1151","2025-04-28","Savings","Devlet","Bağkur Aylık Prim Ödemesi.","7736.63","1.00","₺","2025-04-28 10:56:52","2025-04-28 10:56:52","1",NULL,"8",NULL
"1152","2025-04-28","Market","Onyaka","Market alışverişi","325.39","1.00","₺","2025-04-28 14:40:40","2025-04-28 14:40:40","0",NULL,"1",NULL
"1153","2025-04-30","Hobby","Tanguero","Gösteri ayakkabısı","7000.00","1.00","₺","2025-04-30 15:22:13","2025-04-30 15:22:13","0",NULL,"14",NULL
"1154","2025-04-30","Meal","Kızılkaya","3 ıslak burger 1 ayran","325.00","1.00","₺","2025-04-30 16:34:51","2025-04-30 16:34:51","1",NULL,"3",NULL
"1155","2025-04-30","Collection","Kitapçı","Jiren anahtarlık figürü","100.00","1.00","₺","2025-04-30 16:51:32","2025-07-01 16:01:10","1","0.00","4",NULL
"1156","2025-04-30","Alcohol","Migros","Bremen ve Belfeast","135.00","1.00","₺","2025-04-30 16:52:51","2025-04-30 16:52:51","0",NULL,"10",NULL
"1157","2025-04-30","Women","Workshop Tango Cafe","Arzum ile dans pratiği ve kahve.","410.00","1.00","₺","2025-04-30 16:55:48","2025-04-30 16:55:48","1",NULL,"20",NULL
"1158","2025-04-30","Parking","İspark",NULL,"275.00","1.00","₺","2025-04-30 16:56:22","2025-04-30 16:56:22","1",NULL,"5",NULL
"1159","2025-04-30","Health","MedikalPark","Muayene katılım payı.","50.00","1.00","₺","2025-04-30 17:29:17","2025-04-30 17:29:17","0",NULL,"9",NULL
"1160","2025-04-30","Meal","CafeDeMedikal","Büşra ile çay sandviç.","135.00","1.00","₺","2025-04-30 17:29:56","2025-04-30 17:29:56","1",NULL,"3",NULL
"1161","2025-05-01","Women","DağdelenTekel","5 bomonti ve 1 çerez","580.00","1.00","₺","2025-05-02 12:12:41","2025-05-02 12:12:41","0",NULL,"20",NULL
"1162","2025-05-02","Collection","Migros","Kafa dergisi ve kitap","155.00","1.00","₺","2025-05-02 12:56:37","2025-05-02 12:56:37","0",NULL,"4",NULL
"1163","2025-05-03","Alcohol","262Live","1 bira çerez su","270.00","1.00","₺","2025-05-04 13:00:16","2025-05-04 13:00:16","0",NULL,"10",NULL
"1164","2025-05-07","Hobby","Qerida","Milonga giriş ücreti.","300.00","1.00","₺","2025-05-08 18:21:42","2025-05-08 18:21:42","0",NULL,"14",NULL
"1165","2025-05-08","Meal","Yakamoz","Yoğurtlu tantuni.","190.00","1.00","₺","2025-05-09 09:44:30","2025-05-09 09:44:30","1",NULL,"3",NULL
"1166","2025-05-08","Alcohol","262Live","1 bira","160.00","1.00","₺","2025-05-09 09:44:55","2025-05-09 09:44:55","0",NULL,"10",NULL
"1168","2025-05-07","Coffee","Starbucks","Soğuk amerikano","105.00","1.00","₺","2025-05-09 09:47:30","2025-05-09 09:47:30","1",NULL,"11",NULL
"1169","2025-05-07","Parking","Otopark","Otopark","275.00","1.00","₺","2025-05-09 09:47:55","2025-05-09 09:47:55","1",NULL,"5",NULL
"1171","2025-05-09","Market","A101","Dondurma ve mısır patlağı","98.00","1.00","₺","2025-05-09 16:03:16","2025-05-09 16:03:16","0",NULL,"1",NULL
"1172","2025-05-12","Alcohol","262Live","2 Blanc","300.00","1.00","₺","2025-05-13 12:18:33","2025-05-13 12:19:47","0",NULL,"10",NULL
"1173","2025-05-12","Market","Market","Abur cubur","180.00","1.00","₺","2025-05-13 12:19:39","2025-05-13 12:19:39","0",NULL,"1",NULL
"1174","2025-05-13","Meal","Köfteci Yusuf","Annem babam ben yemek","500.00","1.00","₺","2025-05-13 12:20:48","2025-05-16 14:50:01","1","45.45","3",NULL
"1175","2025-05-13","Fuel","Total","22.02lt x 45.42₺","1000.00","1.00","₺","2025-05-13 12:21:27","2025-05-16 14:49:35","1","166.67","2",NULL
"1176","2025-05-13","Coffee","Starbucks","Kahve","105.00","1.00","₺","2025-05-13 12:21:58","2025-05-16 14:50:16","1","9.55","11",NULL
"1177","2025-05-13","Fuel","Şenel Petrol","22.43lt x 44.59₺","1000.00","1.00","₺","2025-05-13 12:32:30","2025-05-16 14:49:21","1","166.67","2",NULL
"1178","2025-05-14","Market","File","Market alışverişi.","3045.64","1.00","₺","2025-05-14 16:37:14","2025-05-14 16:37:14","0",NULL,"1",NULL
"1179","2025-05-14","Alcohol","Migros","4lü belfeast kutu","299.00","1.00","₺","2025-05-14 16:37:36","2025-05-14 16:37:36","0",NULL,"10",NULL
"1180","2025-05-12","Benefaction","262Live","Bahşiş.","40.00","1.00","₺","2025-05-14 16:38:17","2025-05-14 16:38:17","0",NULL,"7",NULL
"1181","2025-05-15","Meal","Bereket Komagene","Akşam yemeği mega çiğ köfte ayran.","125.00","1.00","₺","2025-05-16 12:23:56","2025-05-16 14:48:33","1","11.36","3",NULL
"1182","2025-05-15","Alcohol","262Live","1 bira","160.00","1.00","₺","2025-05-16 12:24:14","2025-05-16 12:24:14","0",NULL,"10",NULL
"1183","2025-05-16","Savings","BinanceTR","Günlük otomatik yatırım.","1000.00","1.00","₺","2025-05-16 12:25:55","2025-05-16 12:26:02","0",NULL,"8",NULL
"1184","2025-05-15","Benefaction","262Live","Bahşiş.","50.00","1.00","₺","2025-05-16 12:26:34","2025-05-16 12:26:34","0",NULL,"7",NULL
"1185","2025-05-08","Market","DecoPetrol","Abur cubur","114.00","1.00","₺","2025-05-16 12:31:18","2025-05-16 12:31:18","0",NULL,"1",NULL
"1186","2025-05-02","Health","İremEczanesi","İlaç fark ücreti.","55.34","1.00","₺","2025-05-16 12:37:13","2025-05-16 12:37:13","0",NULL,"9",NULL
"1187","2025-05-09","Meal","Avşarbey","yemek.","190.00","1.00","₺","2025-05-16 14:46:42","2025-05-16 14:48:12","1","17.27","3",NULL
"1188","2025-05-07","Coffee","Starbucks","Amerikano","105.00","1.00","₺","2025-05-16 14:51:12","2025-05-16 14:51:12","1","9.55","11",NULL
"1189","2025-05-03","Meal","Poyraz Market","Atıştırmalık","145.00","1.00","₺","2025-05-16 14:52:03","2025-05-16 14:52:03","1","1.44","3",NULL
"1190","2025-05-07","Women","Starbucks","Buse ile kahvaltı ve kahve.","550.00","1.00","₺","2025-05-16 14:53:10","2025-05-16 14:54:28","1","50.00","20",NULL
"1191","2025-05-07","Meal","KekikEge","Öğle yemeği.","490.00","1.00","₺","2025-05-16 14:53:49","2025-05-16 14:53:49","1","44.55","3",NULL
"1192","2025-05-20","Savings","BinanceTR","Otomatik yatırım bedeli.","1000.00","1.00","₺","2025-05-20 07:20:35","2025-05-20 07:20:35","0",NULL,"8",NULL
"1193","2025-05-20","Fuel","VKN:3540246181","50,5lt*46,97₺","2371.99","1.00","₺","2025-05-26 10:42:56","2025-05-26 10:42:56","1","395.33","2",NULL
"1194","2025-05-25","Fuel","VKN:5440054035","41.87lt X 48,64₺","2036.56","1.00","₺","2025-05-26 11:20:06","2025-05-26 11:20:06","1","339.43","2",NULL
"1195","2025-05-25","Fuel","VKN:1490047981","41.54lt X 46.95₺","1950.30","1.00","₺","2025-05-26 11:21:56","2025-05-26 11:21:56","1","325.05","2",NULL
"1196","2025-05-25","Meal","VKN:19964521940","Caliente ekibi ile akşam yemeği.","1520.00","1.00","₺","2025-05-26 11:27:45","2025-05-26 11:27:45","1","138.18","3",NULL
"1197","2025-05-21","Meal","Müşerref Kadan VKN:19024779762","Yemek.","410.00","1.00","₺","2025-05-26 11:29:14","2025-05-26 11:29:14","1","37.27","3",NULL
"1198","2025-05-21","Market","VKN: 6490251128","Su çikolata.","210.00","1.00","₺","2025-05-26 11:30:17","2025-05-26 11:30:17","1","2.08","1",NULL
"1199","2025-05-26","Benefaction","262Live","Bahşiş","100.00","1.00","₺","2025-05-26 19:10:55","2025-05-26 19:10:55","0",NULL,"7",NULL
"1200","2025-05-26","Clothes","Terzi","2 pantolon A’sı tamiri.","400.00","1.00","₺","2025-05-26 19:16:07","2025-05-26 19:16:07","0",NULL,"15",NULL
"1201","2025-06-01","Hobby","Marangoz","Plaklar için plak kutusu.","500.00","1.00","₺","2025-06-01 15:49:04","2025-06-01 15:49:04","0",NULL,"14",NULL
"1202","2025-05-31","Alcohol","JollyJoker","1 bomonti filtresiz.","500.00","1.00","₺","2025-06-01 15:49:52","2025-06-01 15:49:52","0",NULL,"10",NULL
"1203","2025-06-02","Fuel","Total","49.38lt x 47₺","2320.86","1.00","₺","2025-06-02 13:36:55","2025-06-02 13:36:55","1","386.81","2",NULL
"1204","2025-06-02","Meal","Köfteci Yusuf","Öğle yemeği çorba ve et döner porsiyon","320.00","1.00","₺","2025-06-02 13:38:14","2025-06-02 13:38:14","1","29.09","3",NULL
"1205","2025-06-01","Meal","Maçka","Gece çorbası","295.00","1.00","₺","2025-06-02 13:41:39","2025-06-02 13:41:39","1","26.82","3",NULL
"1206","2025-06-02","Coffee","Colombia","Kahve ve sandviç","295.00","1.00","₺","2025-06-02 13:44:57","2025-06-02 13:44:57","1","26.82","11",NULL
"1207","2025-06-01","Meal","Manifesto","Tuğçe ile yemek bira.","615.00","1.00","₺","2025-06-02 16:34:37","2025-06-02 16:34:37","1","55.91","3",NULL
"1208","2025-06-02","Barber","MuratSöyük",NULL,"500.00","1.00","₺","2025-06-02 18:28:47","2025-06-02 18:28:47","0","0.00","12",NULL
"1209","2025-06-02","Hobby","Aktiffelsefe","Ocak Şubat Mart ayları aidatı.","1500.00","1.00","₺","2025-06-02 18:30:04","2025-06-02 18:30:04","0","0.00","14",NULL
"1210","2025-06-03","Hobby","MEB","Tango eğitmenlik sınavı ücreti.","1000.00","1.00","₺","2025-06-03 07:52:29","2025-06-03 07:52:29","0","0.00","14",NULL
"1211","2025-06-02","Health","Eczane","İlaç parası","187.00","1.00","₺","2025-06-03 07:54:28","2025-06-03 07:54:28","0","0.00","9",NULL
"1212","2025-06-03","Accommodation","AirBNB","Belgrad konaklama","9394.30","1.00","₺","2025-06-03 07:55:17","2025-07-01 12:19:51","0",NULL,"16",NULL
"1213","2025-06-02","Alcohol","262Live","2 bira 2 shot","600.00","1.00","₺","2025-06-03 07:58:48","2025-06-03 07:59:02","0","0.00","10",NULL
"1214","2025-06-12","Meal","TavadaTavuk","Öğle yemeği.","320.00","1.00","₺","2025-06-12 12:15:02","2025-06-12 12:15:02","1","29.09","3",NULL
"1215","2025-06-12","Collection","Migros","5 adet dergi.","460.75","1.00","₺","2025-06-12 12:15:28","2025-06-12 12:15:28","0",NULL,"4",NULL
"1216","2025-06-13","Fuel","Opet","39.12lt x 48.57₺","1900.00","1.00","₺","2025-06-13 09:33:19","2025-06-13 09:33:19","1","316.67","2",NULL
"1217","2025-06-11","Alcohol","DutyFree","Bacardi ve Gin.","2049.36","1.00","₺","2025-06-13 09:39:37","2025-06-13 09:39:37","0","0.00","10",NULL
"1218","2025-06-12","Women","Rakun Bar","Tuğçe ile Rakun'da bira ve gin kokteyl.","600.00","1.00","₺","2025-06-13 09:40:40","2025-06-13 09:40:40","0","0.00","20",NULL
"1219","2025-06-10","Clothes","LCW","7'li çorap.","230.00","1.00","₺","2025-06-13 09:41:17","2025-06-13 09:41:17","0","0.00","15",NULL
"1220","2025-06-11","Transportation","PinkTaxi","Havaalanına taksi.","1083.69","1.00","₺","2025-06-13 09:42:00","2025-06-13 09:42:08","0","0.00","6",NULL
"1221","2025-06-10","Digital Asset","Aruba","VPS kira süresini 1 yıl uzatmak için bakiye ekleme.","2821.87","1.00","₺","2025-06-13 09:43:11","2025-06-13 09:43:11","0","0.00","21",NULL
"1222","2025-06-03","Transportation","PinkTaxi","Havaalanından eve taksi","1372.57","1.00","₺","2025-06-13 09:49:11","2025-06-13 09:49:11","0","0.00","6",NULL
"1223","2025-06-13","Coffee","CafeKristo","Çay kahve.","165.00","1.00","₺","2025-06-14 08:16:32","2025-06-14 08:16:32","1","15.00","11",NULL
"1224","2025-05-26","Coffee","Starbucks","Amerikano","114.00","1.00","₺","2025-06-14 08:27:25","2025-06-24 10:10:14","1","10.36","11",NULL
"1225","2025-05-19","Meal","VKN:41842658738","Gece dönercisinden yemek.","470.00","1.00","₺","2025-06-14 08:37:50","2025-06-14 08:37:50","1","4.65","3",NULL
"1226","2025-05-19","Meal","VKN: 40861178982","Tenis ekibi ile çay dondurma.","675.00","1.00","₺","2025-06-14 08:39:52","2025-06-14 08:39:52","1","61.36","3",NULL
"1227","2025-05-19","Meal","VKN: 1050564592","Dürüm ayran.","105.00","1.00","₺","2025-06-14 08:40:45","2025-06-14 08:40:45","1","9.55","3",NULL
"1228","2025-05-20","Meal","Happy Moons","Akşam yemeği.","396.00","1.00","₺","2025-06-14 08:42:48","2025-06-14 08:42:48","1","36.00","3",NULL
"1229","2025-06-14","Collection","Amazon","2 kitap.","386.81","1.00","₺","2025-06-14 10:58:21","2025-06-14 10:58:21","0","0.00","4",NULL
"1230","2025-06-13","Meal","McDonalds","Akşam yemeği.","390.00","1.00","₺","2025-06-16 08:37:21","2025-06-16 08:37:21","1","35.45","3",NULL
"1231","2025-06-15","Meal","YakamozTantuni","Tuğçe ile akşam yemeği.","510.00","1.00","₺","2025-06-16 08:38:26","2025-06-16 08:38:26","1","46.36","3",NULL
"1232","2025-06-12","Parking","Ulaşımpark","Otopark.","40.00","1.00","₺","2025-06-16 08:39:22","2025-06-16 08:39:22","1","6.67","5",NULL
"1233","2025-06-15","Electrical Material","Avcı Elektrik","30metre CAT6 kablo.","500.00","1.00","₺","2025-06-16 08:43:38","2025-06-21 17:10:28","1","83.33","22",NULL
"1234","2025-05-17","Meal","AltıntaşBörek","Kahvaltılık.","170.00","1.00","₺","2025-06-16 08:46:50","2025-06-16 08:46:50","1","15.45","3",NULL
"1235","2025-05-15","Coffee","Starbucks","Amerikano","114.00","1.00","₺","2025-06-16 08:48:55","2025-06-16 08:48:55","1","10.36","11",NULL
"1236","2025-06-16","Alcohol","262Live","2 bira","320.00","1.00","₺","2025-06-16 21:36:23","2025-06-16 21:36:23","0",NULL,"10",NULL
"1237","2025-06-16","Tax-Penalty Charge","Erdeğer Ford","15k araç bakımı.","13593.88","1.00","₺","2025-06-16 21:37:42","2025-06-16 21:37:42","1","2265.65","13",NULL
"1238","2025-06-16","Coffee","Mountain","Emre ile 2 kahve 1 mozaik pasta","420.00","1.00","₺","2025-06-16 21:40:43","2025-06-16 21:40:43","1","38.18","11",NULL
"1239","2025-06-18","Meal","Yakamoz","Gece çorba dürüm","175.00","1.00","₺","2025-06-17 21:43:26","2025-06-17 21:43:26","1","15.91","3",NULL
"1240","2025-06-17","Alcohol","262Live","2 fıçı","320.00","1.00","₺","2025-06-17 21:44:21","2025-06-17 21:44:21","0",NULL,"10",NULL
"1241","2025-06-18","Digital Asset","Hurmalar","1000 adet kartvizit.","750.00","1.00","₺","2025-06-18 11:53:35","2025-06-18 11:53:35","1","125.00","21",NULL
"1242","2025-06-18","Coffee","Greenwich","Amerikano","145.00","1.00","₺","2025-06-18 11:54:10","2025-06-18 11:54:10","1","13.18","11",NULL
"1243","2025-06-19","Savings","BinanceTR","günlük otomatik yatırım bedeli.","1500.00","1.00","₺","2025-06-19 12:07:07","2025-06-19 12:07:07","0",NULL,"8",NULL
"1244","2025-06-19","Fuel","VKN: 7290015043","49.96lt x 49.84₺","2490.00","1.00","₺","2025-06-21 17:12:52","2025-06-21 17:12:52","1","415.00","2",NULL
"1245","2024-01-26","Electronic","Koçtaş","Koçtaş Basic PX-24F kombi.","15299.10","1.00","₺","2025-06-21 17:38:22","2025-06-21 17:38:22","0",NULL,"19",NULL
"1246","2024-01-02","Clothes","Boyner","Skechers Kahverengi Bot.","3909.15","1.00","₺","2025-06-21 17:41:05","2025-06-21 17:41:05","0",NULL,"15",NULL
"1247","2025-06-21","Alcohol","262Live","2 bira","320.00","1.00","₺","2025-06-22 11:22:05","2025-06-22 11:22:05","0","0.00","10",NULL
"1248","2025-06-20","Market","Poyraz Market","Abur cubur.","190.00","1.00","₺","2025-06-22 11:24:09","2025-06-22 11:24:09","1","1.88","1",NULL
"1249","2025-06-17","Meal","Yakamoz","Çorba ve çiğ köfte dürüm.","175.00","1.00","₺","2025-06-22 11:27:02","2025-06-22 11:27:02","1","15.91","3",NULL
"1250","2025-06-22","Meal","Yakamoz","Yoğurtlu tavuk tantuni.","190.00","1.00","₺","2025-06-22 11:29:18","2025-06-22 11:29:18","1","17.27","3",NULL
"1251","2025-06-19","Meal","TavukDünyası","Öğle yemeği.","325.00","1.00","₺","2025-06-22 11:30:16","2025-06-22 11:30:16","1","29.55","3",NULL
"1252","2025-06-24","Coffee","VKN: 9760185119","Soğuk filtre kahve","135.00","1.00","₺","2025-06-24 09:50:47","2025-06-24 09:50:47","1","12.27","11",NULL
"1253","2025-05-04","Fuel","Şenel Petrol","49.36lt x 44.59₺","2200.96","1.00","₺","2025-06-24 09:52:41","2025-06-24 09:52:41","1","366.83","2",NULL
"1254","2025-05-04","Coffee","Starbucks","Kahve ve haşhaşlı 3 peynirli.","259.00","1.00","₺","2025-06-24 09:54:01","2025-06-24 09:54:01","1","23.55","11",NULL
"1255","2025-05-04","Parking","Capitol AVM","Otopark","180.00","1.00","₺","2025-06-24 09:55:14","2025-06-24 09:55:14","1","30.00","5",NULL
"1256","2025-06-23","Fuel","Şenel Petrol","38.47lt x 50.99₺","1961.59","1.00","₺","2025-06-24 09:56:59","2025-06-24 09:56:59","1","326.93","2",NULL
"1257","2025-05-18","Coffee","Kırmızı Çaydanlık","Çay su","140.00","1.00","₺","2025-06-24 09:58:23","2025-06-24 09:58:23","1","12.73","11",NULL
"1258","2025-05-29","Meal","VKN: 0060376908","Ton balıklı sandviç","175.00","1.00","₺","2025-06-24 10:08:39","2025-06-24 10:08:39","1","1.73","3",NULL
"1259","2025-05-26","Market","Migros","Hazır sushi","426.70","1.00","₺","2025-06-24 10:10:51","2025-06-24 10:10:51","0",NULL,"1",NULL
"1260","2025-06-23","Parking","Ulaşımpark","Otopark","40.00","1.00","₺","2025-06-24 10:11:35","2025-06-24 10:11:35","0",NULL,"5",NULL
"1261","2025-04-18","Women","ToyzzShop","Filiz için doğum günü hediyesi pelüş pembe panter.","369.99","1.00","₺","2025-06-24 10:15:36","2025-06-24 10:15:36","0",NULL,"20",NULL
"1262","2025-04-17","Market","File","Market alışverişi.","2202.68","1.00","₺","2025-06-24 10:16:25","2025-06-24 10:16:25","0",NULL,"1",NULL
"1263","2025-05-16","Meal","VKN: 9580251169","Çiğ köfte.","90.00","1.00","₺","2025-06-24 10:17:57","2025-06-24 10:17:57","1","8.18","3",NULL
"1264","2025-04-12","Alcohol","MacroCenter","Gin ve Smirnoff North","2225.38","1.00","₺","2025-06-24 10:19:44","2025-06-24 10:19:44","0",NULL,"10",NULL
"1265","2025-05-19","Market","A101","Boya kitap ıvır zıvır.","304.05","1.00","₺","2025-06-24 10:21:49","2025-06-24 10:21:49","0",NULL,"1",NULL
"1266","2025-04-08","Market","Şok","market alışverişi","228.75","1.00","₺","2025-06-24 10:22:43","2025-06-24 10:22:43","0",NULL,"1",NULL
"1267","2025-06-23","Meal","VKN: 5430493055","Poğaça.","50.00","1.00","₺","2025-06-24 10:25:50","2025-06-24 10:25:50","1","4.55","3",NULL
"1268","2025-05-28","Electrical Material","VKN: 2921365507","Elektrik malzemeleri.","21155.71","1.00","₺","2025-06-24 10:42:11","2025-06-24 10:42:11","1","3525.95","22",NULL
"1269","2025-05-14","Electrical Material","Amazon","Kontrol kalemi poşet dosya magazinlik","894.10","1.00","₺","2025-06-24 10:45:41","2025-06-24 10:45:41","1","149.04","22",NULL
"1270","2025-05-12","Electrical Material","Amazon","Tornavida takımı","714.80","1.00","₺","2025-06-24 10:46:55","2025-06-24 10:46:55","1","119.13","22",NULL
"1271","2025-06-18","Market","Çağrı","Su ve danone yoğurt","87.00","1.00","₺","2025-06-24 10:52:27","2025-06-24 10:52:27","0",NULL,"1",NULL
"1272","2025-06-22","Benefaction","Pişmaniyeci","3 tane pişmaniye.","630.00","1.00","₺","2025-06-24 10:53:15","2025-06-24 10:53:15","1","6.24","7",NULL
"1273","2025-06-15","Parking","Ulaşımpark","otopark","40.00","1.00","₺","2025-06-24 10:57:05","2025-06-24 10:57:05","0",NULL,"5",NULL
"1274","2025-06-24","Savings","BinanceTR","Otomatik yatırım","1200.00","1.00","₺","2025-06-24 11:19:56","2025-06-24 11:19:56","0",NULL,"8",NULL
"1275","2025-06-24","Alcohol","262Live","3 bira","480.00","1.00","₺","2025-06-25 10:17:30","2025-06-25 10:17:30","0",NULL,"10",NULL
"1276","2025-06-25","Meal","Miles Coffee","Sandviç ve kahve","365.00","1.00","₺","2025-06-25 10:19:45","2025-06-25 10:19:45","1","33.18","3",NULL
"1277","2025-06-24","Coffee","Starbucks","Amerikano","130.00","1.00","₺","2025-06-25 10:21:03","2025-06-25 10:21:03","1","11.82","11",NULL
"1278","2025-06-24","Meal","VKN: 6500163030","Ailemle yemek.","895.00","1.00","₺","2025-06-25 10:22:05","2025-06-25 10:22:05","1","81.36","3",NULL
"1279","2025-06-26","Bills","Gürkan Öztaban","Muhasebeci ücreti.","1943.70","1.00","₺","2025-06-26 10:18:10","2025-08-26 08:58:18","1","443.70","18",NULL
"1280","2025-06-26","Savings","Bağkur","Mayıs bağkur ödemesi.","7736.63","1.00","₺","2025-06-26 10:19:45","2025-06-26 10:19:45","1","0.00","8",NULL
"1281","2025-06-27","Savings","BinanceTR","Günlük yatırım.","1200.00","1.00","₺","2025-06-27 11:29:47","2025-06-27 11:29:47","0",NULL,"8",NULL
"1282","2025-06-27","Tax-Penalty Charge","Devlet","Trafik park cezası.","744.75","1.00","₺","2025-06-27 13:47:09","2025-06-27 13:47:09","0",NULL,"13",NULL
"1283","2025-06-24","Meal","Köfteci Yusuf","Annem ve babamla yemek. Parasını babam ödedi.","815.00","1.00","₺","2025-06-28 09:17:58","2025-06-28 09:17:58","1","74.09","3",NULL
"1284","2025-06-25","Women","Okenos","İlayda ve Asen ile bira soda.","375.00","1.00","₺","2025-06-28 09:19:32","2025-06-28 09:19:32","1","34.09","20",NULL
"1285","2025-06-24","Meal","VKN: 9580251169","Akşam yemeği makarna.","200.00","1.00","₺","2025-06-28 09:24:25","2025-06-28 09:24:25","1","18.18","3",NULL
"1286","2025-06-26","Meal","VKN: 2790337728","2 poğaça","50.00","1.00","₺","2025-06-28 09:25:34","2025-06-28 09:25:34","1","0.00","3",NULL
"1287","2025-06-24","Electrical Material","VKN: 5740132885","Koçtaştan merdiven ve sarf malzeme.","3098.99","1.00","₺","2025-06-28 09:32:57","2025-06-28 09:32:57","1","516.50","22",NULL
"1288","2025-06-28","Market","File","Market alışverişi","1904.04","1.00","₺","2025-06-28 14:22:29","2025-06-28 14:22:29","0",NULL,"1",NULL
"1289","2025-06-25","Market","Depo Petrol","Abur cubur","330.50","1.00","₺","2025-06-28 14:27:45","2025-06-28 14:27:45","0",NULL,"1",NULL
"1290","2025-06-29","Fuel","Petrol Ofisi","50.96lt x 49.06₺","2500.10","1.00","₺","2025-06-29 08:52:28","2025-06-29 08:52:28","1","416.68","2",NULL
"1291","2025-06-28","Health","Arasta Eczane","Babam için ilaç.","30.00","1.00","₺","2025-06-30 16:40:33","2025-06-30 16:40:33","0",NULL,"9",NULL
"1292","2025-06-30","Meal","A101","Market alışverişi.","122.00","1.00","₺","2025-06-30 16:41:23","2025-06-30 16:41:23","0",NULL,"3",NULL
"1293","2025-06-30","Market","Bakkal","5 adet su.","37.50","1.00","₺","2025-06-30 16:45:36","2025-06-30 16:45:36","0",NULL,"1",NULL
"1294","2025-06-29","Hobby","TangoPort","Milonga giriş ücreti.","300.00","1.00","₺","2025-07-01 00:03:40","2025-07-01 00:03:40","0",NULL,"14",NULL
"1295","2025-06-25","Hobby","LosAmigos","Milonga Qerida giriş ücreti.","300.00","1.00","₺","2025-07-01 00:04:33","2025-07-01 00:04:33","0",NULL,"14",NULL
"1296","2025-06-29","Alcohol","Okenos","2 fıçı bira.","190.00","1.00","₺","2025-07-01 00:12:43","2025-07-01 00:12:43","1","17.27","10",NULL
"1297","2025-06-29","Meal","Deco Petrol","Sandviç","150.00","1.00","₺","2025-07-01 00:13:54","2025-07-01 00:13:54","1","1.49","3",NULL
"1298","2025-06-29","Coffee","Pizza Restaurantları","Filtre kahve.","80.00","1.00","₺","2025-07-01 00:14:59","2025-07-01 00:14:59","1","7.27","11",NULL
"1299","2025-06-30","Meal","Maçka","Yeşim ile birer çorba.","585.00","1.00","₺","2025-07-01 00:15:59","2025-07-01 00:15:59","1","53.18","3",NULL
"1300","2025-06-19","Coffee","Tangoport","içeçek.","70.00","1.00","₺","2025-07-01 00:17:00","2025-07-01 00:17:00","1","6.36","11",NULL
"1301","2025-06-03","Accommodation","AirBNB","AirBNB hizmet faturası şirket masrafı için.","1848.70","1.00","₺","2025-07-01 12:20:33","2025-07-01 12:20:33","1","308.12","16",NULL
"1302","2025-07-01","Tax-Penalty Charge","Fotocu","Vesikalık biometrik foto.","350.00","1.00","₺","2025-07-01 15:02:39","2025-07-01 15:02:39","0",NULL,"13",NULL
"1303","2025-07-01","Tax-Penalty Charge","Sağlık Bakanlığı","Sağlık raporu için bedel.","250.00","1.00","₺","2025-07-01 15:03:15","2025-07-01 15:03:15","0",NULL,"13",NULL
"1304","2025-07-01","Tax-Penalty Charge","Sağlık Bakanlığı","Sağlık raporu bedeli.","250.00","1.00","₺","2025-07-01 15:03:54","2025-07-01 15:03:54","0",NULL,"13",NULL
"1305","2025-04-07","Market","Deco Petrol","Kahve çikolata","204.00","1.00","₺","2025-07-01 15:12:18","2025-07-01 15:12:18","1","8.10","1",NULL
"1306","2025-04-27","Coffee","Dedeman","Kahve çay çikolata","240.00","1.00","₺","2025-07-01 15:13:28","2025-07-01 15:13:28","1","21.82","11",NULL
"1307","2025-04-28","Meal","Katık","akşam yemeği","170.00","1.00","₺","2025-07-01 15:20:49","2025-07-01 15:21:01","1","15.45","3",NULL
"1308","2025-07-01","Savings","BinanceTR","Otomatik yatırım.","2000.00","1.00","₺","2025-07-01 15:28:13","2025-07-01 15:28:13","0",NULL,"8",NULL
"1309","2025-04-25","Meal","Starbucks","kahve sandviç","259.00","1.00","₺","2025-07-01 15:57:52","2025-07-01 15:57:52","1","23.55","3",NULL
"1310","2025-04-27","Coffee","Starbucks","Kahve.","312.00","1.00","₺","2025-07-01 15:59:39","2025-07-01 15:59:39","1","28.36","11",NULL
"1311","2025-04-28","Meal","Maçka","Çorba","650.00","1.00","₺","2025-07-01 16:02:50","2025-07-01 16:02:50","1","59.09","3",NULL
"1312","2025-04-30","Fuel","VKN: 2410666344","47,45lt x 45,31₺","2150.00","1.00","₺","2025-07-01 16:04:55","2025-07-01 16:04:55","1","358.33","2",NULL
"1313","2025-04-23","Meal","Avşarbey","yiyecek.","190.00","1.00","₺","2025-07-01 16:06:06","2025-07-01 16:06:06","1","17.27","3",NULL
"1314","2025-04-22","Fuel","Şenel","39,67lt x 44,59₺","1768.89","1.00","₺","2025-07-01 16:07:38","2025-07-01 16:07:38","1","294.82","2",NULL
"1315","2025-04-05","Coffee","İta Coffee","Amerikano","110.00","1.00","₺","2025-07-01 16:10:17","2025-07-01 16:10:17","1","10.00","11",NULL
"1316","2025-04-06","Meal","Bim","market alışveri","72.50","1.00","₺","2025-07-01 16:15:23","2025-07-01 16:15:23","1","0.72","3",NULL
"1317","2025-04-02","Fuel","VKN: 6240465090","21,3lt x 46,95₺","1000.04","1.00","₺","2025-07-01 16:17:03","2025-07-01 16:17:03","1","166.67","2",NULL
"1318","2025-04-03","Meal","Cengiz Tavukçuluk","Köyde iş için öğle yemeği.","410.00","1.00","₺","2025-07-01 16:18:10","2025-07-01 16:18:10","1","37.27","3",NULL
"1319","2025-04-08","Meal","Köfteci Yusuf","Kahvaltı.","830.00","1.00","₺","2025-07-01 16:19:28","2025-07-01 16:19:28","1","75.45","3",NULL
"1320","2025-04-08","Fuel","VKN: 6621354225","48.09lt x 47,85₺","2301.11","1.00","₺","2025-07-01 16:20:56","2025-07-01 16:20:56","1","383.52","2",NULL
"1321","2025-04-05","Meal","Özçelik","Çak kahve sandviç kahvaltı.","475.00","1.00","₺","2025-07-01 16:22:14","2025-07-01 16:22:14","1","43.19","3",NULL
"1322","2025-04-05","Fuel","Opet","51,49lt x 46,81₺","2410.25","1.00","₺","2025-07-01 16:23:22","2025-07-01 16:23:22","1","401.71","2",NULL
"1323","2025-04-11","Meal","Storm Cafe","yiyecek.","400.00","1.00","₺","2025-07-01 16:24:34","2025-07-01 16:24:34","1","36.36","3",NULL
"1324","2025-04-11","Meal","Storm Cafe","yiyecek.","355.00","1.00","₺","2025-07-01 16:25:22","2025-07-01 16:25:22","1","32.27","3",NULL
"1325","2025-04-13","Coffee","Miles","amerikano","140.00","1.00","₺","2025-07-01 16:26:16","2025-07-01 16:26:16","1","12.73","11",NULL
"1326","2025-04-13","Meal","The Hunger","Akşam yemeği.","570.00","1.00","₺","2025-07-01 16:27:04","2025-07-01 16:27:04","1","51.82","3",NULL
"1327","2025-04-12","Women","Sushico","Filiz ile akşam yemeği.","838.00","1.00","₺","2025-07-01 16:28:13","2025-07-01 16:28:13","1","76.18","20",NULL
"1328","2025-04-13","Meal","The Hunger","Akşam yemeği.","570.00","1.00","₺","2025-07-01 16:29:11","2025-07-01 16:29:11","1","51.82","3",NULL
"1329","2025-04-21","Transportation","THY","Belgrad uçak gidiş dönüş.","10449.68","1.00","₺","2025-07-01 16:32:43","2025-07-01 16:32:43","1","0.00","6",NULL
"1330","2025-04-06","Coffee","İta Coffee","Amerikano","110.00","1.00","₺","2025-07-01 16:33:38","2025-07-01 16:33:38","1","10.00","11",NULL
"1331","2025-04-10","Fuel","Mehmetçik Vakfı","46,51lt x 44,51₺","2070.00","1.00","₺","2025-07-01 16:35:35","2025-07-01 16:35:35","1","345.00","2",NULL
"1332","2025-04-18","Meal","Tavuk Dünyası","Sriracha Tavuk","290.00","1.00","₺","2025-07-01 16:36:44","2025-07-01 16:36:44","1","26.36","3",NULL
"1333","2025-04-18","Fuel","Görpet","47,4lt x 45,27₺","2145.80","1.00","₺","2025-07-01 16:38:25","2025-07-01 16:38:25","1","357.63","2",NULL
"1334","2025-04-11","Collection","Hakikat Kırtasiye","kırtasiye","607.50","1.00","₺","2025-07-01 16:48:11","2025-07-01 16:48:11","1","55.23","4",NULL
"1335","2025-04-13","Coffee","İta Coffee","Amerikano","145.00","1.00","₺","2025-07-01 16:52:02","2025-07-01 16:52:02","1","13.18","11",NULL
"1336","2025-04-18","Meal","Avşar Gıda","yiyecek.","190.00","1.00","₺","2025-07-01 16:52:46","2025-07-01 16:52:46","1","17.27","3",NULL
"1337","2025-04-17","Coffee","Altınkılıçlar","Amerikano","123.00","1.00","₺","2025-07-01 16:53:39","2025-07-01 16:53:39","1","11.18","11",NULL
"1338","2025-04-11","Meal","Tavuk Dünyası","Sriracha Tavuk","290.00","1.00","₺","2025-07-01 16:54:37","2025-07-01 16:54:37","1","26.36","3",NULL
"1339","2025-04-15","Coffee","İta Coffee","Amerikano","125.00","1.00","₺","2025-07-01 16:55:30","2025-07-01 16:55:30","1","11.36","11",NULL
"1340","2025-04-12","Market","Shell","Kahve çikolata.","246.00","1.00","₺","2025-07-01 16:57:14","2025-07-01 16:57:14","1","10.14","1",NULL
"1341","2025-04-11","Coffee","Deco","Kahve çikolata","120.00","1.00","₺","2025-07-01 16:58:07","2025-07-01 16:58:07","1","7.27","11",NULL
"1342","2025-04-13","Fuel","Görpet","47,56lt x 44,26₺","2105.01","1.00","₺","2025-07-01 16:59:17","2025-07-01 16:59:17","1","350.84","2",NULL
"1343","2025-04-27","Coffee","İta Coffee","Amerikano","145.00","1.00","₺","2025-07-01 17:00:44","2025-07-01 17:00:44","0","13.18","11",NULL
"1344","2025-07-01","Meal","Müzeyyen Yıldırım","Akşam yemeği makarna.","200.00","1.00","₺","2025-07-01 17:01:49","2025-07-01 17:01:49","1","18.18","3",NULL
"1345","2025-07-07","Savings","BinanceTR","Günlük yatırım.","1000.00","1.00","₺","2025-07-07 13:47:34","2025-07-07 13:47:34","0",NULL,"8",NULL
"1346","2025-07-07","Hobby","Ephesus Tango Marathon","Ephesus Tango Marathon ön ödeme. Kalan konaklama için 130 € sonra girişte teslim edilecek.","5180.00","1.00","₺","2025-07-07 14:24:23","2025-07-07 14:24:23","0",NULL,"14",NULL
"1347","2025-07-07","Market","Sol De Invierno Tango Marathon","Sol De Invierno Tango Marathon 2025 için 100€ karşılığı ön ödeme.","4795.00","1.00","₺","2025-07-07 14:25:30","2025-07-07 14:25:30","0",NULL,"1",NULL
"1348","2025-07-10","Savings","BinanceTR","Günlük yatırım.","1000.00","1.00","₺","2025-07-10 05:19:49","2025-07-10 05:19:49","0",NULL,"8",NULL
"1349","2025-07-09","Market","Market","1 şişe su.","10.00","1.00","₺","2025-07-10 08:16:37","2025-07-10 08:16:37","0",NULL,"1",NULL
"1350","2025-06-16","Savings","Allianz","BES katkı payı.","2000.00","1.00","₺","2025-07-10 09:46:52","2025-07-10 09:46:52","0",NULL,"8",NULL
"1351","2025-06-21","Savings","Türkiye Sigorta","50 dolar birikimi.","1983.59","1.00","₺","2025-07-10 10:13:19","2025-07-10 10:13:19","0",NULL,"8",NULL
"1352","2025-05-15","Savings","Allianz","BES katkı payı.","2000.00","1.00","₺","2025-07-10 10:14:50","2025-07-10 10:14:50","0",NULL,"8",NULL
"1353","2025-05-21","Savings","Türkiye Sigorta","50 Dolar birikim","1944.95","1.00","₺","2025-07-10 10:15:46","2025-07-10 10:15:46","0",NULL,"8",NULL
"1354","2025-04-15","Market","Allianz","BES katkı payı","2000.00","1.00","₺","2025-07-10 10:16:42","2025-07-10 10:16:42","0",NULL,"1",NULL
"1355","2025-04-21","Savings","Türkiye Sigorta","50 dolar birikim.","1906.44","1.00","₺","2025-07-10 10:17:45","2025-07-10 10:17:45","0",NULL,"8",NULL
"1356","2025-07-11","Meal","Starbucks","Kahve sandviç","295.00","1.00","₺","2025-07-11 09:51:22","2025-07-11 09:51:22","1","26.82","3",NULL
"1357","2025-07-10","Alcohol","262Live","3 bira.","480.00","1.00","₺","2025-07-11 09:57:25","2025-07-11 09:57:25","0",NULL,"10",NULL
"1358","2025-07-11","Fuel","Görpet","51,2lt x 51,38₺","2630.66","1.00","₺","2025-07-11 09:58:56","2025-07-11 09:58:56","1","438.44","2",NULL
"1359","2025-07-11","Market","Görpet","Abur cubur","46.00","1.00","₺","2025-07-11 09:59:43","2025-07-11 09:59:43","0",NULL,"1",NULL
"1360","2025-07-10","Hobby","Migros","Bitki takviyesi.","116.35","1.00","₺","2025-07-11 10:01:02","2025-07-11 10:01:02","0",NULL,"14",NULL
"1361","2025-07-08","Meal","Koçşah","Yiyecek","600.00","1.00","₺","2025-07-11 10:02:14","2025-07-11 10:02:14","1","54.55","3",NULL
"1362","2025-07-09","Meal","BurgerKing","Öğlen yemeği.","345.00","1.00","₺","2025-07-11 10:03:35","2025-07-11 10:03:35","1","31.36","3",NULL
"1363","2025-07-10","Meal","Tavuk Dünyası","öğlen yemeği","290.00","1.00","₺","2025-07-11 10:05:01","2025-07-11 10:05:01","1","26.36","3",NULL
"1364","2025-07-11","Meal","46 Zurna","Tavuk dürüm ayran","215.00","1.00","₺","2025-07-11 12:45:05","2025-07-11 12:45:05","1","19.55","3",NULL
"1365","2025-07-12","Market","File","Market alışverişi.","1132.57","1.00","₺","2025-07-12 11:38:52","2025-07-12 11:38:52","0",NULL,"1",NULL
"1366","2025-07-11","Alcohol","262Live","3 bira","480.00","1.00","₺","2025-07-12 11:39:26","2025-07-12 11:39:26","0",NULL,"10",NULL
"1367","2025-07-13","Benefaction","Levent","Levent abinin düğünü için zarf içi para koyma.","300.00","1.00","₺","2025-07-14 13:43:27","2025-07-14 13:43:27","0",NULL,"7",NULL
"1368","2025-07-25","Health","Psikolog","3 seans ücreti","6000.00","1.00","₺","2025-07-15 12:14:33","2025-07-26 12:47:20","1","1000.00","9",NULL
"1369","2025-07-12","Hobby","Escape Tango","Milonga giriş ücreti","500.00","1.00","₺","2025-07-15 12:15:53","2025-07-15 12:15:53","0",NULL,"14",NULL
"1370","2025-07-15","Hobby","MilongaFeriye","Milonga giriş ücreti","500.00","1.00","₺","2025-07-15 18:06:31","2025-07-15 18:06:31","0",NULL,"14",NULL
"1371","2025-07-15","Meal",NULL,"Sandviç kahve","230.00","1.00","₺","2025-07-15 18:07:13","2025-07-15 18:07:13","0",NULL,"3",NULL
"1372","2025-07-16","Health","Elmas Eczanesi","Renie çiğneme tableti.","171.00","1.00","₺","2025-07-16 14:43:30","2025-07-16 14:43:30","0",NULL,"9",NULL
"1373","2025-07-17","Alcohol","262Live",NULL,"185.00","1.00","₺","2025-07-17 04:41:41","2025-07-17 04:41:41","0",NULL,"10",NULL
"1374","2025-07-17","Meal","Yakamoz","Çiğ köfte dürüm ayran.","110.00","1.00","₺","2025-07-17 04:42:14","2025-07-17 04:42:14","1","10.00","3",NULL
"1375","2025-07-19","Alcohol","Carrefour","4’lü bira","402.50","1.00","₺","2025-07-19 14:06:40","2025-07-19 14:06:40","0",NULL,"10",NULL
"1376","2025-07-19","Alcohol","Carrefour","4’lü bira","403.50","1.00","₺","2025-07-19 14:07:34","2025-07-19 14:07:34","0",NULL,"10",NULL
"1377","2025-07-18","Alcohol","Fok Bar","Tuğçe ile birer bira","640.00","1.00","₺","2025-07-19 14:07:58","2025-07-19 14:08:29","0",NULL,"10",NULL
"1378","2025-07-18","Alcohol","Loca Bar","Tuğçe ile birer bira","650.00","1.00","₺","2025-07-19 14:08:57","2025-07-19 14:08:57","0",NULL,"10",NULL
"1379","2025-07-19","Coffee","Kahve Deryası","Ice Amerikano","170.00","1.00","₺","2025-07-19 14:09:46","2025-07-19 14:09:46","1","28.00","11",NULL
"1380","2025-07-21","Bills","Turkcell","Cep faturası.","1073.00","1.00","₺","2025-07-21 14:40:51","2025-07-21 14:40:51","1",NULL,"18",NULL
"1381","2025-07-21","Savings","Türkiye Sigorta","50 Dolar sigorta yatırımı","2018.06","1.00","₺","2025-07-21 14:41:36","2025-07-21 14:41:36","0",NULL,"8",NULL
"1382","2025-07-21","Bills","Netflix","Netflix abonelik ücreti.","379.99","1.00","₺","2025-07-21 14:42:16","2025-12-29 14:11:55","0",NULL,"18",NULL
"1383","2025-07-16","Savings","Allianz","BES katkı payı","2000.00","1.00","₺","2025-07-21 14:42:54","2025-07-21 14:42:54","0",NULL,"8",NULL
"1384","2025-07-19","Collection","Hediyelikçi","2 adet koleksiyon için shot bardak.","200.00","1.00","₺","2025-07-21 14:49:02","2025-07-21 14:49:02","0",NULL,"4",NULL
"1385","2025-07-22","Parking","Ulaşımpark",NULL,"50.00","1.00","₺","2025-07-22 06:45:02","2025-07-22 06:45:02","1",NULL,"5",NULL
"1386","2025-07-22","Parking","Ulaşımpark",NULL,"50.00","1.00","₺","2025-07-22 06:45:45","2025-07-22 06:45:45","1",NULL,"5",NULL
"1387","2025-07-17","Fuel","PO","50.93lt x 51.45₺","2620.35","1.00","₺","2025-07-22 06:47:24","2025-07-22 06:47:24","1","436.73","2",NULL
"1388","2025-07-18","Fuel","Opet","39.22lt x 52.28₺","2050.42","1.00","₺","2025-07-22 06:48:31","2025-07-22 06:48:31","1","341.74","2",NULL
"1389","2025-07-20","Fuel","Aytemiz","35.71lt x 52.08₺","1860.00","1.00","₺","2025-07-22 06:49:22","2025-07-22 06:49:22","1","310.00","2",NULL
"1390","2025-07-15","Parking","Otopark",NULL,"500.00","1.00","₺","2025-07-22 06:52:25","2025-07-22 06:52:25","1","83.33","5",NULL
"1391","2025-07-21","Women","Doping","Tuğçe ile Doping'te 2'şer bira.","740.00","1.00","₺","2025-07-22 06:54:15","2025-07-22 06:54:15","0",NULL,"20",NULL
"1392","2025-07-22","Digital Asset","GoDaddy","myfammap.com adresini 3 yıllık satın alma.","1422.79","1.00","₺","2025-07-22 07:01:09","2025-07-22 07:01:09","0",NULL,"21",NULL
"1393","2025-07-20","Alcohol","Maymi","Tuğçe ile teknede 1'er bira.","500.00","1.00","₺","2025-07-22 07:01:43","2025-07-22 07:01:43","0",NULL,"10",NULL
"1394","2025-07-22","Hobby","Tormento","Tormento milonga giriş ücreti.","300.00","1.00","₺","2025-07-24 06:47:49","2025-07-24 06:47:49","0",NULL,"14",NULL
"1395","2025-07-15","Digital Asset","GitHub","Co-Pilot 1 yıllık abonelik ücreti.","4220.35","1.00","₺","2025-07-24 07:08:17","2025-07-24 07:09:13","0",NULL,"21",NULL
"1396","2025-07-24","Accommodation","Koçtaş","Duş başlığı","59.90","1.00","₺","2025-07-24 18:12:52","2025-07-24 18:12:52","0",NULL,"16",NULL
"1397","2025-07-24","Clothes","Koton","Kot pantolon ve 3x boxer","857.97","1.00","₺","2025-07-24 18:13:51","2025-07-24 18:13:51","0",NULL,"15",NULL
"1398","2025-07-24","Clothes","Koton","ZerCard harcama iadesi.","-857.97","1.00","₺","2025-07-24 18:14:35","2025-07-24 18:14:35","0",NULL,"15",NULL
"1401","2025-07-26","Alcohol","262Live","2 bira","370.00","1.00","₺","2025-07-26 21:37:57","2025-07-26 21:37:57","0",NULL,"10",NULL
"1402","2025-07-26","Meal","Yakamoz","Çiğ köfte ayran.","110.00","1.00","₺","2025-07-26 21:38:51","2025-07-26 21:38:51","1","10.00","3",NULL
"1403","2025-07-29","Market","Migros","2 su","7.90","1.00","₺","2025-07-29 14:08:57","2025-07-29 14:13:13","0",NULL,"1",NULL
"1404","2025-07-29","Collection","Penguen Kitap","Beyhan Budak, Senin Suçun Değil","250.00","1.00","₺","2025-07-29 14:09:34","2025-07-29 14:09:34","0",NULL,"4",NULL
"1405","2025-07-29","Electronic","Kılıfçı","Telefon kılıfı","130.00","1.00","₺","2025-07-29 14:10:36","2025-07-29 14:10:36","0",NULL,"19",NULL
"1406","2025-07-27","Alcohol","262Live","2 bira su","400.00","1.00","₺","2025-07-29 14:12:05","2025-07-29 14:12:16","0",NULL,"10",NULL
"1407","2025-07-29","Tax-Penalty Charge","Polis Teşkikatı","Araç çekici bedeli.","1215.00","1.00","₺","2025-07-29 14:16:18","2025-07-29 14:16:18","1","202.50","13",NULL
"1408","2025-07-29","Savings","BinanceTR","Günlük yatırım","2500.00","1.00","₺","2025-07-29 19:36:47","2025-07-29 19:36:47","0",NULL,"8",NULL
"1409","2025-07-29","Hobby","Gökhan Abi","Marinada Gökhan abiden olta misine çapari aldım.","1500.00","1.00","₺","2025-07-30 08:54:07","2025-07-30 08:54:07","0",NULL,"14",NULL
"1410","2025-08-04","Savings","BinanceTR","Otomatik yatırım ve süpriz 4 altcoine 250’şer lira.","2750.00","1.00","₺","2025-08-04 18:06:13","2025-08-04 18:06:13","0",NULL,"8",NULL
"1411","2025-08-03","Alcohol","Dallas Büfe","7 tane kutu bira.","700.00","1.00","₺","2025-08-04 18:08:20","2025-08-04 18:08:20","0",NULL,"10",NULL
"1412","2025-08-05","Savings","Engin Döviz","100 Euro karşılığı dönüşüm. Ev kasasına atıldı","4700.00","1.00","₺","2025-08-05 08:32:38","2025-08-05 08:32:38","0",NULL,"8",NULL
"1413","2025-08-08","Savings","BinanceTR","Günlük otomatik yatırım","1500.00","1.00","₺","2025-08-08 09:07:44","2025-08-08 09:07:44","0",NULL,"8",NULL
"1414","2025-08-08","Alcohol","262Live","33lük bira","150.00","1.00","₺","2025-08-09 16:51:55","2025-08-09 16:51:55","0",NULL,"10",NULL
"1415","2025-08-08","Meal","Market","Sandviç ve su.","155.00","1.00","₺","2025-08-09 16:52:22","2025-08-09 16:52:22","0",NULL,"3",NULL
"1416","2025-08-08","Hobby","Gökhan Özavcı","Olta çay vs.","405.00","1.00","₺","2025-08-09 16:53:30","2025-08-09 16:53:30","0",NULL,"14",NULL
"1417","2025-08-04","Market","Onyaka","Market alışverişi.","476.18","1.00","₺","2025-08-10 11:03:34","2025-08-10 11:03:34","0",NULL,"1",NULL
"1418","2025-08-05","Meal","Packet Burger","yemek.","270.00","1.00","₺","2025-08-10 11:06:12","2025-08-10 11:06:12","1","24.55","3",NULL
"1419","2025-08-05","Coffee","Miles Coffee","kahve sandviç","170.00","1.00","₺","2025-08-10 11:07:30","2025-08-10 11:07:30","1","15.45","11",NULL
"1420","2025-08-06","Market","A101","Mangal için malzeme","588.36","1.00","₺","2025-08-10 11:11:31","2025-08-10 12:27:00","0",NULL,"1",NULL
"1421","2025-07-24","Hobby","Migros","2 adet koltuk.","739.90","1.00","₺","2025-08-10 11:28:55","2025-08-10 11:28:55","0",NULL,"14",NULL
"1422","2025-07-24","Market","Migros","Market alışverişi.","1116.88","1.00","₺","2025-08-10 11:29:37","2025-08-10 11:29:37","0",NULL,"1",NULL
"1423","2025-07-03","Meal","BurgerKing","öğlen yemeği.","345.00","1.00","₺","2025-08-10 11:30:43","2025-08-10 11:30:43","1","31.36","3",NULL
"1424","2025-08-01","Meal","Nuh Hazır Gıda","Akşam yemeği.","710.00","1.00","₺","2025-08-10 11:32:14","2025-08-10 11:32:14","1","64.55","3",NULL
"1425","2025-08-03","Market","File","market alışverişi.","1085.05","1.00","₺","2025-08-10 11:33:15","2025-08-10 11:33:15","0",NULL,"1",NULL
"1426","2025-07-22","Coffee","Starbucks","cool lime ve su","196.00","1.00","₺","2025-08-10 11:34:45","2025-08-10 11:34:45","1","17.82","11",NULL
"1427","2025-07-20","Coffee","Doco Petrol","2 çay.","40.00","1.00","₺","2025-08-10 11:36:03","2025-08-10 11:36:03","1","3.64","11",NULL
"1428","2025-08-01","Fuel","Petrol Ofisi","45.06lt x 51.57₺","2323.74","1.00","₺","2025-08-10 11:38:01","2025-08-10 11:38:01","1","387.29","2",NULL
"1429","2025-07-24","Meal","Tavuk Dünyası","Yemek Sepetinden yemek.","365.00","1.00","₺","2025-08-10 11:39:18","2025-08-10 11:39:18","0",NULL,"3",NULL
"1430","2025-07-22","Coffee","Starbucks","Ice Amerikano","130.00","1.00","₺","2025-08-10 11:40:11","2025-08-10 11:40:11","1","11.82","11",NULL
"1431","2025-07-20","Coffee","Starbucks","Ice amerikano","130.00","1.00","₺","2025-08-10 11:42:19","2025-08-10 11:42:19","1","11.82","11",NULL
"1432","2025-07-19","Meal","Çiğ Köfteci","Waffle ve çiğ köfte Tuğçe ile.","800.00","1.00","₺","2025-08-10 11:43:48","2025-08-10 11:43:48","1","72.73","3",NULL
"1433","2025-07-22","Meal","Lapista","yemek","250.00","1.00","₺","2025-08-10 11:44:57","2025-08-10 11:44:57","1","22.73","3",NULL
"1434","2025-07-19","Meal","Montana","yemek","530.00","1.00","₺","2025-08-10 11:45:58","2025-08-10 11:45:58","1","48.18","3",NULL
"1435","2025-07-25","Meal","Popeyes","öğlen yemeği.","280.00","1.00","₺","2025-08-10 11:46:56","2025-08-10 11:46:56","1","25.45","3",NULL
"1436","2025-07-18","Meal","Maçka","gece yemeği","695.00","1.00","₺","2025-08-10 11:48:49","2025-08-10 11:48:49","1","63.18","3",NULL
"1437","2025-07-27","Parking","Ulaşımpark","otopark","50.00","1.00","₺","2025-08-10 11:49:42","2025-08-10 11:49:42","1",NULL,"5",NULL
"1438","2025-07-28","Meal","Tangör","Akşam yemeği.","985.00","1.00","₺","2025-08-10 11:51:16","2025-08-10 11:51:16","1","89.55","3",NULL
"1439","2025-07-28","Meal","Tangör","akşam yemeği.","985.00","1.00","₺","2025-08-10 11:51:53","2025-08-10 11:51:53","1","89.55","3",NULL
"1440","2025-07-31","Meal","Tavuk Dünyası","öğlen yemeği.","325.00","1.00","₺","2025-08-10 11:53:14","2025-08-10 11:53:14","1","29.55","3",NULL
"1441","2025-07-28","Parking","İspark","Otopark","120.00","1.00","₺","2025-08-10 11:54:37","2025-08-10 11:54:37","1","20.00","5",NULL
"1442","2025-07-29","Coffee","Starbucks","sandviç ve kahve.","295.00","1.00","₺","2025-08-10 11:55:27","2025-08-10 11:55:27","1","26.82","11",NULL
"1443","2025-07-18","Meal","Foça Restaurant","Tuğçe ile akşam yemeği.","2600.00","1.00","₺","2025-08-10 11:56:29","2025-08-10 11:56:29","1","236.36","3",NULL
"1444","2025-07-27","Meal","Yakamoz","gece yemeği.","110.00","1.00","₺","2025-08-10 11:57:18","2025-08-10 11:57:18","1","10.00","3",NULL
"1445","2025-07-11","Coffee","Yücedağ","su","50.00","1.00","₺","2025-08-10 11:58:25","2025-08-10 11:58:36","0",NULL,"11",NULL
"1446","2025-07-18","Meal","Starbucks","kahvaltılık sandviç ve kahve.","583.00","1.00","₺","2025-08-10 12:04:58","2025-08-10 12:04:58","1","53.00","3",NULL
"1447","2025-07-02","Clothes","Metro","Sketchers Ayakkabı","2990.00","1.00","₺","2025-08-10 12:06:44","2025-08-10 12:06:44","0",NULL,"15",NULL
"1448","2025-07-02","Clothes","Metro","Tshirt","209.90","1.00","₺","2025-08-10 12:08:41","2025-08-10 12:08:41","0",NULL,"15",NULL
"1449","2025-07-02","Market","Metro","Market alışverişi ıvır zıvır","1830.00","1.00","₺","2025-08-10 12:09:39","2025-08-10 12:09:39","0",NULL,"1",NULL
"1450","2025-08-01","Market","Bim","market alışverişi","388.25","1.00","₺","2025-08-10 12:13:20","2025-08-10 12:13:20","0",NULL,"1",NULL
"1451","2025-07-06","Market","Migros","market alışverişi.","1171.42","1.00","₺","2025-08-10 12:14:43","2025-08-10 12:14:43","0",NULL,"1",NULL
"1452","2025-07-17","Meal","Petrol Ofisi","Su ve kruvasan","75.00","1.00","₺","2025-08-10 12:17:52","2025-08-10 12:17:52","0",NULL,"3",NULL
"1453","2025-07-15","Coffee","Belirsiz","içecek","180.00","1.00","₺","2025-08-10 12:19:10","2025-08-10 12:19:10","0",NULL,"11",NULL
"1454","2025-08-06","Market","Şok","mangal için içecek alışverişi.","302.50","1.00","₺","2025-08-10 12:20:41","2025-08-10 12:20:41","0",NULL,"1",NULL
"1455","2025-07-08","Collection","DNR","3 kitap","205.00","1.00","₺","2025-08-10 12:22:21","2025-08-10 12:22:21","0",NULL,"4",NULL
"1456","2025-07-05","Market","Bim","Market alışverişi.","153.50","1.00","₺","2025-08-10 12:24:22","2025-08-10 12:24:22","0",NULL,"1",NULL
"1457","2025-08-08","Parking","Universal İnşaat",NULL,"70.00","1.00","₺","2025-08-10 14:25:32","2025-08-10 14:25:32","1","11.67","5",NULL
"1458","2025-07-06","Coffee","Starbucks","Kahve latte su","310.00","1.00","₺","2025-08-10 14:26:51","2025-08-10 14:26:51","1","28.18","11",NULL
"1459","2025-08-10","Parking","Ulaşımpark","otopark","60.00","1.00","₺","2025-08-10 14:27:40","2025-08-10 14:27:40","1",NULL,"5",NULL
"1460","2025-08-06","Meal","Akmeşe Kasabı","Mangal için köfte.","1050.00","1.00","₺","2025-08-10 14:28:36","2025-08-10 14:28:36","1","95.45","3",NULL
"1461","2025-08-10","Meal","Yakamoz","dürüm ayran.","185.00","1.00","₺","2025-08-10 14:34:00","2025-08-10 14:34:00","1","16.82","3",NULL
"1462","2025-08-06","Meal","Cengiz Tavukçuluk","Mangal için tavuk.","1100.00","1.00","₺","2025-08-10 14:35:04","2025-08-10 14:35:04","1","10.89","3",NULL
"1463","2025-07-07","Meal","Starbucks","haşhaşlı ve su.","186.00","1.00","₺","2025-08-10 14:36:01","2025-08-10 14:36:01","1","16.91","3",NULL
"1464","2025-07-01","Meal","Gürbüz Ocakbaşı","içecek.","280.00","1.00","₺","2025-08-10 14:37:01","2025-08-10 14:37:01","1","25.45","3",NULL
"1465","2025-07-06","Coffee","Starbucks","kahve sandviç","354.00","1.00","₺","2025-08-10 14:38:22","2025-08-10 14:38:22","1","32.18","11",NULL
"1466","2025-07-04","Meal","Tavuk Dünyası","öğlen yemeği.","290.00","1.00","₺","2025-08-10 14:39:21","2025-08-10 14:39:21","1","26.36","3",NULL
"1467","2025-07-28","Coffee","Kahve Dünyası","Limonata","130.00","1.00","₺","2025-08-10 14:45:16","2025-08-10 14:45:16","1","11.82","11",NULL
"1468","2025-07-31","Parking","Ulaşımpark",NULL,"60.00","1.00","₺","2025-08-10 14:46:06","2025-08-10 14:46:06","1",NULL,"5",NULL
"1469","2025-08-03","Parking","Ulaşımpark",NULL,"40.00","1.00","₺","2025-08-10 14:46:49","2025-08-10 14:46:49","1",NULL,"5",NULL
"1470","2025-07-28","Fuel","Görpet","50.23lt x 51.53₺","2588.35","1.00","₺","2025-08-10 14:48:34","2025-08-10 14:48:34","1","431.39","2",NULL
"1471","2025-07-07","Parking","Dolphin Otopark",NULL,"120.00","1.00","₺","2025-08-10 14:49:47","2025-08-10 14:49:47","1","20.00","5",NULL
"1472","2025-07-15","Meal","Doco Petrol","kahve sandviç","230.00","1.00","₺","2025-08-10 14:51:25","2025-08-10 14:51:25","1","8.76","3",NULL
"1473","2025-07-06","Parking","Koçakelç",NULL,"100.00","1.00","₺","2025-08-10 14:53:04","2025-08-10 14:53:04","1","16.67","5",NULL
"1474","2025-07-22","Parking","İspark",NULL,"260.00","1.00","₺","2025-08-10 14:53:47","2025-08-10 14:53:47","1","43.33","5",NULL
"1475","2025-07-11","Meal","46 Zurna","yemek","215.00","1.00","₺","2025-08-10 14:54:42","2025-08-10 14:54:42","1","19.55","3",NULL
"1476","2025-07-01","Parking","Ulaşımpark",NULL,"60.00","1.00","₺","2025-08-10 14:55:37","2025-08-10 14:55:37","1",NULL,"5",NULL
"1477","2025-07-03","Coffee","Nubi Kahvecilik","limonata","140.00","1.00","₺","2025-08-10 14:57:00","2025-08-10 14:57:00","1","12.73","11",NULL
"1478","2025-07-06","Meal","Köfteci Yusuf","Tuğçe ile tost ayran.","395.00","1.00","₺","2025-08-10 14:58:16","2025-08-10 14:58:16","1","35.91","3",NULL
"1479","2025-07-03","Fuel","Yardımcı Pazarlama","49.3lt x 51.32₺","2530.00","1.00","₺","2025-08-10 14:59:53","2025-08-10 14:59:53","1","421.67","2",NULL
"1480","2025-07-03","Fuel","Yardımcı",NULL,"101.10","1.00","₺","2025-08-10 15:01:02","2025-08-10 15:01:02","1","16.85","2",NULL
"1481","2025-07-25","Parking","Dolphin Otopark",NULL,"150.00","1.00","₺","2025-08-10 15:02:04","2025-08-10 15:02:04","1","25.00","5",NULL
"1482","2025-07-19","Coffee","Kahve Deryası","Kahve","170.00","1.00","₺","2025-08-10 15:04:14","2025-08-10 15:04:14","1","15.45","11",NULL
"1483","2025-07-24","Clothes","Koton","Boxer ve kot pantolon","858.00","1.00","₺","2025-08-10 15:05:18","2025-08-10 15:05:18","0",NULL,"15",NULL
"1484","2025-07-19","Clothes","Tuafiyeci","Tuğçe ile şapka vs.","700.00","1.00","₺","2025-08-10 15:06:13","2025-08-10 15:06:13","0",NULL,"15",NULL
"1485","2025-07-23","Market","Doco Petrol","abur cubur.","102.00","1.00","₺","2025-08-10 15:06:57","2025-08-10 15:06:57","0",NULL,"1",NULL
"1486","2025-07-18","Market","Market","Abur cubur.","220.00","1.00","₺","2025-08-10 15:07:29","2025-08-10 15:07:29","0",NULL,"1",NULL
"1487","2025-07-17","Meal","Yakamoz","çiğ köfte ayran.","110.00","1.00","₺","2025-08-10 15:08:18","2025-08-10 15:08:18","1","10.00","3",NULL
"1488","2025-07-02","Meal","Yakamoz","yemek.","315.00","1.00","₺","2025-08-10 15:08:54","2025-08-10 15:08:54","1","28.64","3",NULL
"1489","2025-07-02","Coffee","Kahve Dükkanı","kahve.","100.00","1.00","₺","2025-08-10 15:09:37","2025-08-10 15:09:37","1","9.09","11",NULL
"1490","2025-07-31","Meal","Vanilya Yemek","yemek içecek.","250.00","1.00","₺","2025-08-10 15:10:24","2025-08-10 15:10:24","1","22.73","3",NULL
"1491","2025-07-29","Market","Doco Petrol","abur cubur.","116.50","1.00","₺","2025-08-10 15:11:07","2025-08-10 15:11:07","0",NULL,"1",NULL
"1492","2025-07-17","Meal","Mercury","Kahve çay","215.00","1.00","₺","2025-08-10 15:12:06","2025-08-10 15:12:06","1","19.55","3",NULL
"1493","2025-07-29","Parking","Ulus Otopark",NULL,"120.00","1.00","₺","2025-08-10 15:12:45","2025-08-10 15:12:45","1","20.00","5",NULL
"1494","2025-07-29","Meal","CM Noodle","Öğle yemeği","350.00","1.00","₺","2025-08-10 15:13:24","2025-08-10 15:13:24","1","31.82","3",NULL
"1495","2025-07-29","Parking","İspark",NULL,"200.00","1.00","₺","2025-08-10 15:13:57","2025-08-10 15:13:57","1","33.33","5",NULL
"1496","2025-07-17","Meal","Pilavcı Baba","pilav tavuk.","200.00","1.00","₺","2025-08-10 15:14:48","2025-08-10 15:14:48","1","18.18","3",NULL
"1497","2025-07-17","Meal","Pilavcı Baba","pilav tavuk","260.00","1.00","₺","2025-08-10 15:15:31","2025-08-10 15:15:31","1","23.64","3",NULL
"1498","2025-07-06","Meal","VGBerberoğlu","Yemek","1310.00","1.00","₺","2025-08-10 15:16:39","2025-08-10 15:16:39","1","119.09","3",NULL
"1499","2025-08-09","Alcohol","262Live","2 bira.","370.00","1.00","₺","2025-08-10 15:17:10","2025-08-10 15:17:10","0",NULL,"10",NULL
"1500","2025-08-10","Meal","Toros","Tuğçe ile dondurma","90.00","1.00","₺","2025-08-11 08:52:27","2025-08-11 08:52:27","0",NULL,"3",NULL
"1501","2025-08-10","Alcohol","Dallas Büfe","5 bira","590.00","1.00","₺","2025-08-11 08:53:39","2025-08-11 08:53:39","0",NULL,"10",NULL
"1502","2025-08-12","Market","Yakamoz","Çiğ köfte dürüm ayran","110.00","1.00","₺","2025-08-11 21:42:29","2025-08-11 21:42:29","1","10.00","1",NULL
"1503","2025-08-12","Parking","Ulaşımpark",NULL,"50.00","1.00","₺","2025-08-11 22:03:10","2025-08-11 22:03:10","1",NULL,"5",NULL
"1504","2025-08-13","Fuel","Total","49,68lt x 51,73₺","2569.95","1.00","₺","2025-08-13 09:51:59","2025-08-13 09:51:59","1","428.32","2",NULL
"1505","2025-08-12","Hobby","Gökhan Özavcı","olta malzemeleri çay kahve.","280.00","1.00","₺","2025-08-13 09:54:06","2025-08-13 09:54:06","0","0.00","14",NULL
"1506","2025-08-11","Alcohol","262Live","3 bira.","555.00","1.00","₺","2025-08-13 09:55:54","2025-08-13 09:55:54","0",NULL,"10",NULL
"1507","2025-08-12","Parking","Dolphin Otopark",NULL,"120.00","1.00","₺","2025-08-13 09:56:32","2025-08-13 09:56:32","1","20.00","5",NULL
"1508","2025-08-12","Meal","Müzeyyen Yıldırım","Makarna ve limonata","260.00","1.00","₺","2025-08-13 09:57:27","2025-08-13 09:57:27","1","23.64","3",NULL
"1509","2025-08-12","Market","Market","abur cubur","66.00","1.00","₺","2025-08-13 09:58:39","2025-08-13 09:58:39","0",NULL,"1",NULL
"1510","2025-08-12","Electrical Material","Alp","Esra ve İbo için elektrik malzemeleri.","380.00","1.00","₺","2025-08-13 09:59:42","2025-08-13 09:59:42","0",NULL,"22",NULL
"1511","2025-08-13","Savings","BinanceTR",NULL,"900.00","1.00","₺","2025-08-13 16:37:32","2025-08-13 16:37:32","0",NULL,"8",NULL
"1512","2025-08-13","Hobby","MilongaQerida","Tuğçe için 100 kendim için 300 lira.","400.00","1.00","₺","2025-08-14 10:46:28","2025-08-14 10:46:28","0",NULL,"14",NULL
"1513","2025-08-14","Alcohol","262Live","1 bira","185.00","1.00","₺","2025-08-14 19:45:55","2025-08-14 19:45:55","0",NULL,"10",NULL
"1514","2025-08-16","Hobby","Gökhan Özavcı","çay kahve.","80.00","1.00","₺","2025-08-16 19:32:33","2025-08-16 19:32:33","0",NULL,"14",NULL
"1515","2025-08-16","Market","File","Market alışverişi.","3117.15","1.00","₺","2025-08-16 19:32:52","2025-08-16 19:32:52","0",NULL,"1",NULL
"1516","2025-08-15","Meal","EMC","Tuğçe ile yemek.","650.00","1.00","₺","2025-08-16 19:36:33","2025-08-16 19:36:33","1","59.09","3",NULL
"1517","2025-08-18","Alcohol","Rocknrolla","1 bira.","170.00","1.00","₺","2025-08-21 11:07:51","2025-08-21 11:07:51","0",NULL,"10",NULL
"1518","2025-08-20","Market","A101","aburcubur.","107.00","1.00","₺","2025-08-21 11:08:11","2025-08-21 11:08:11","0",NULL,"1",NULL
"1519","2025-08-18","Market","Petrol Ofisi","abur cubur.","130.00","1.00","₺","2025-08-21 11:08:51","2025-08-21 11:08:51","0",NULL,"1",NULL
"1520","2025-08-17","Market","Migros","abur cubur.","199.95","1.00","₺","2025-08-21 11:09:24","2025-08-21 11:09:24","0",NULL,"1",NULL
"1521","2025-08-19","Alcohol","262Live","Beril ile 2 bira sohbet.","370.00","1.00","₺","2025-08-21 11:11:42","2025-08-21 11:11:42","0",NULL,"10",NULL
"1522","2025-08-20","Market","Total","gong çikolata nane şekeri.","175.00","1.00","₺","2025-08-21 11:13:36","2025-08-21 11:13:36","0",NULL,"1",NULL
"1523","2025-08-21","Meal","Opet","Kahvaltılık sandviç","175.00","1.00","₺","2025-08-21 16:08:12","2025-08-21 16:08:12","0",NULL,"3",NULL
"1524","2025-08-19","Benefaction","262Live","Bahşiş","60.00","1.00","₺","2025-08-21 16:47:51","2025-08-21 16:47:51","0",NULL,"7",NULL
"1525","2025-08-22","Meal","Taş Pilove","Pilav ayran","125.00","1.00","₺","2025-08-22 16:08:27","2025-08-22 16:08:27","0",NULL,"3",NULL
"1526","2025-08-22","Market","Onyaka","Market alışverişi","317.20","1.00","₺","2025-08-22 16:09:57","2025-08-22 16:09:57","0",NULL,"1",NULL
"1527","2025-08-22","Parking","S&S","Araç yıkama","700.00","1.00","₺","2025-08-22 16:17:12","2025-08-22 16:17:12","0",NULL,"5",NULL
"1528","2025-09-04","Bills","İSU","Su faturası.","172.00","1.00","₺","2025-08-23 14:55:58","2025-12-29 15:21:57","0",NULL,"18",NULL
"1529","2025-08-19","Parking","İspark","otopark.","200.00","1.00","₺","2025-08-23 14:56:34","2025-08-23 14:56:34","1","33.33","5",NULL
"1530","2025-08-18","Meal","Pilavcı Baba","pilav ayran.","150.00","1.00","₺","2025-08-23 14:57:19","2025-08-23 14:57:19","1","13.64","3",NULL
"1531","2025-08-14","Parking","Ulaşımpark",NULL,"30.00","1.00","₺","2025-08-23 14:57:49","2025-08-23 14:57:49","0",NULL,"5",NULL
"1532","2025-08-20","Parking","Ulaşımpark",NULL,"60.00","1.00","₺","2025-08-23 14:58:11","2025-08-23 14:58:11","1",NULL,"5",NULL
"1533","2025-08-15","Meal","Doco Petrol","Tuğçe ile sandviç kahve çikolata.","595.00","1.00","₺","2025-08-23 14:59:22","2025-08-23 14:59:22","0",NULL,"3",NULL
"1534","2025-08-15","Meal","Maçka","Melike Öztürk ile çorba tatlı.","600.00","1.00","₺","2025-08-23 15:00:26","2025-08-23 15:00:26","1","54.55","3",NULL
"1535","2025-08-18","Fuel","Total","51,15lt x 51,42₺","2630.00","1.00","₺","2025-08-23 15:01:16","2025-08-23 15:01:16","1","438.33","2",NULL
"1536","2025-08-21","Parking","Ulaşımpark","otopark.","40.00","1.00","₺","2025-08-23 15:01:55","2025-08-23 15:01:55","1","6.67","5",NULL
"1537","2025-08-23","Meal","Köfteci Yusuf","Babamlarla çorba burger.","400.00","1.00","₺","2025-08-23 15:02:38","2025-08-23 15:02:38","1","36.36","3",NULL
"1538","2025-08-17","Meal","Ayaz","Yeşim için doğum günü pastası.","850.00","1.00","₺","2025-08-23 15:03:20","2025-08-23 15:03:20","1","77.27","3",NULL
"1539","2025-08-14","Meal","Kızılkaya","Tuğçe ile ıslak hamburger.","760.00","1.00","₺","2025-08-23 15:03:58","2025-08-23 15:03:58","1","69.09","3",NULL
"1540","2025-08-02","Coffee","Starbucks","Sandviç ve kahve.","619.00","1.00","₺","2025-08-23 15:04:53","2025-08-23 15:04:53","1","56.27","11",NULL
"1541","2025-08-19","Meal","Adanalı Şehmuz Usta","Tango çıkışı yemek.","780.00","1.00","₺","2025-08-23 15:05:49","2025-08-23 15:05:49","1","70.91","3",NULL
"1542","2025-08-15","Electronic","Apple","MacBook Pro yeni","139999.00","1.00","₺","2025-08-24 11:04:38","2025-09-11 13:30:50","1","23333.17","19",NULL
"1543","2025-08-26","Savings","BinanceTR","Günlük yatırım.","2150.00","1.00","₺","2025-08-26 08:13:05","2025-08-26 08:13:05","0",NULL,"8",NULL
"1544","2025-08-26","Savings","SGK","prim.","7736.63","1.00","₺","2025-08-26 08:13:33","2025-08-26 08:13:51","1",NULL,"8",NULL
"1545","2025-08-26","Tax-Penalty Charge","Devlet","Geçici vergi.","698.10","1.00","₺","2025-08-26 08:14:21","2025-08-26 08:14:21","1",NULL,"13",NULL
"1546","2025-08-26","Bills","Gürkan Öztaban","Muhasebe ödemesi.","1943.70","1.00","₺","2025-08-26 08:54:49","2025-08-26 08:58:36","1","443.70","18",NULL
"1547","2025-07-28","Savings","SGK","Bağkur ödemesi.","7736.63","1.00","₺","2025-08-26 08:56:44","2025-11-26 13:34:13","1",NULL,"8",NULL
"1548","2025-07-28","Bills","Gürkan Öztaban","Muhasebe ödemesi.","1943.70","1.00","₺","2025-08-26 08:57:10","2025-08-26 08:58:28","1","443.70","18",NULL
"1549","2025-08-25","Fuel","Total","50,11 lt x 51,89₺","2600.21","1.00","₺","2025-08-26 09:13:39","2025-08-26 09:13:39","1","433.37","2",NULL
"1550","2025-08-24","Parking","Ulaşımpark","otopark","40.00","1.00","₺","2025-08-26 09:14:20","2025-08-26 09:14:20","1",NULL,"5",NULL
"1551","2025-08-28","Meal","Opet","Üçgen sandviç","120.00","1.00","₺","2025-08-28 11:22:24","2025-08-28 11:22:24","0",NULL,"3",NULL
"1552","2025-08-27","Alcohol","262Live","1 bira","185.00","1.00","₺","2025-08-28 11:22:58","2025-08-28 11:22:58","0",NULL,"10",NULL
"1553","2025-08-27","Alcohol","Tekel","2 bira bir cips.","250.00","1.00","₺","2025-08-28 11:23:32","2025-08-28 11:23:32","0",NULL,"10",NULL
"1554","2025-08-28","Collection","Migros","2 dergi","220.00","1.00","₺","2025-08-28 12:05:11","2025-08-28 12:05:26","0",NULL,"4",NULL
"1555","2025-08-28","Meal","Tavuk Dünyası","Öğlen yemeği","290.00","1.00","₺","2025-08-28 12:06:18","2025-08-28 12:06:18","1","26.36","3",NULL
"1556","2025-09-01","Savings","BinanceTR","Günlük yatırım ve 1000TL WLFI yatırımı","2500.00","1.00","₺","2025-09-01 13:11:06","2025-09-01 13:11:06","0",NULL,"8",NULL
"1557","2025-08-26","Savings","Engin Döviz","kenara koymalık 48,00 liradan 200 EURO","9600.00","1.00","₺","2025-09-01 13:24:59","2025-09-01 13:24:59","0",NULL,"8",NULL
"1558","2025-09-05","Women","Çiçek Sepeti","Nazlı için çiçek.","689.99","1.00","₺","2025-09-05 14:05:08","2025-09-05 14:05:08","0",NULL,"20",NULL
"1559","2025-09-05","Collection","Migros","Dergi.","130.00","1.00","₺","2025-09-05 14:05:47","2025-09-05 14:05:47","0",NULL,"4",NULL
"1560","2025-09-03","Alcohol","262Live","1 bira","185.00","1.00","₺","2025-09-05 14:06:20","2025-09-05 14:06:20","0",NULL,"10",NULL
"1561","2025-09-01","Alcohol","Dallas Büfe","4 bira.","390.00","1.00","₺","2025-09-05 14:07:06","2025-09-05 14:07:06","0",NULL,"10",NULL
"1562","2025-09-01","Alcohol","262Live","1 bira.","185.00","1.00","₺","2025-09-05 14:07:24","2025-09-05 14:07:24","0",NULL,"10",NULL
"1563","2025-09-05","Bills","Google","Youtube Premium","165.78","1.00","₺","2025-09-05 14:09:21","2025-09-05 14:09:21","0",NULL,"18",NULL
"1564","2025-09-04","Bills","Sepaş","elektrik faturası","323.00","1.00","₺","2025-09-05 14:09:48","2025-09-05 14:09:48","0",NULL,"18",NULL
"1566","2025-08-21","Bills","Netflix","Netflix abonelik ücreti.","379.99","1.00","₺","2025-09-05 14:12:37","2025-12-29 14:04:55","0",NULL,"18",NULL
"1567","2025-08-21","Bills","Turkcell","Cep faturası.","766.50","1.00","₺","2025-09-05 14:18:24","2025-09-05 14:18:24","1",NULL,"18",NULL
"1568","2025-08-21","Savings","Türkiye Sigorta","dolar yatırım.","2048.80","1.00","₺","2025-09-05 14:20:28","2025-09-05 14:20:28","0",NULL,"8",NULL
"1569","2025-08-15","Savings","Allianz","BES yatırım.","2000.00","1.00","₺","2025-09-05 14:23:10","2025-09-05 14:23:10","0",NULL,"8",NULL
"1570","2025-08-16","Bills","Apple","2tb üyelik.","249.99","1.00","₺","2025-09-05 14:29:20","2025-09-05 14:29:20","0",NULL,"18",NULL
"1571","2025-08-16","Bills","Amazon","Amazon Prime üyeliği.","49.90","1.00","₺","2025-09-05 14:31:47","2025-12-29 13:55:18","0",NULL,"18",NULL
"1572","2025-09-05","Alcohol","Dallas Büfe","6 bira","590.00","1.00","₺","2025-09-06 10:37:39","2025-09-06 10:37:39","0",NULL,"10",NULL
"1573","2025-09-06","Market","A101","Abur cubur","249.00","1.00","₺","2025-09-06 12:55:02","2025-09-06 12:55:02","0",NULL,"1",NULL
"1574","2025-09-07","Savings","BinanceTR","Günlük yatırım","2000.00","1.00","₺","2025-09-07 07:18:42","2025-09-07 07:18:42","0",NULL,"8",NULL
"1575","2025-08-31","Fuel","Total","44,69lt x 53,11₺","2373.49","1.00","₺","2025-09-07 08:25:17","2025-09-07 08:25:17","1","395.58","2",NULL
"1576","2025-09-06","Fuel","Total","40,94lt x 53,20₺","2178.01","1.00","₺","2025-09-07 08:29:00","2025-09-07 08:29:00","1","363.00","2",NULL
"1577","2025-08-31","Collection","GS Store","5 Yıldızlı Atkı","299.99","1.00","₺","2025-09-07 08:29:49","2025-09-07 08:29:49","0",NULL,"4",NULL
"1578","2025-08-31","Meal","Ayaz Pastanesi","Kahvaltılık","165.00","1.00","₺","2025-09-07 08:30:37","2025-09-07 08:30:37","1","15.00","3",NULL
"1579","2025-08-31","Parking","Ulaşımpark",NULL,"50.00","1.00","₺","2025-09-07 08:31:07","2025-09-07 08:31:07","1",NULL,"5",NULL
"1580","2025-08-29","Women","MacroCenter","Nazlı ile cin ve market alışverişi.","1283.35","1.00","₺","2025-09-07 08:32:32","2025-09-07 08:32:32","0",NULL,"20",NULL
"1581","2025-09-08","Coffee","Miles","1 amerikano","165.00","1.00","₺","2025-09-08 08:18:35","2025-09-08 08:18:35","1","15.00","11",NULL
"1582","2025-08-28","Meal","Tavuk Dünyası","öğle yemeği.","290.00","1.00","₺","2025-09-08 08:20:15","2025-09-08 08:20:15","1","26.36","3",NULL
"1583","2025-08-28","Parking","Ulaşımpark",NULL,"30.00","1.00","₺","2025-09-08 08:21:16","2025-09-08 08:21:16","1",NULL,"5",NULL
"1584","2025-08-26","Coffee","Kahve Dünyası","Nazlı ile kahve.","338.00","1.00","₺","2025-09-08 08:26:02","2025-09-08 08:26:02","1","30.73","11",NULL
"1585","2025-08-30","Meal","The Co Coffee","sandviç ve kahve.","360.00","1.00","₺","2025-09-08 08:27:04","2025-09-08 08:27:04","1","32.73","3",NULL
"1586","2025-08-30","Meal","The Co Coffee","sandviç ve kahve.","295.00","1.00","₺","2025-09-08 08:28:07","2025-09-08 08:28:07","1","26.82","3",NULL
"1587","2025-08-28","Coffee","Kahve Dünyası","Nazlı ile kahve.","230.00","1.00","₺","2025-09-08 08:29:04","2025-09-08 08:29:04","1","20.91","11",NULL
"1588","2025-08-29","Meal","Sukragurme","Akşam yemeği.","1085.00","1.00","₺","2025-09-08 08:30:21","2025-09-08 08:30:21","1","98.64","3",NULL
"1589","2025-09-07","Coffee","Starbucks","Nazlı ile kahve sandviç","499.00","1.00","₺","2025-09-08 08:31:15","2025-09-08 08:31:15","1","45.36","11",NULL
"1590","2025-09-06","Meal","Metin Usta Gece Dönercisi","Beril ile gece yemek.","645.00","1.00","₺","2025-09-08 08:33:18","2025-09-08 08:33:18","1","58.64","3",NULL
"1591","2025-08-26","Collection","Migros","Z Raporu dergisi.","100.00","1.00","₺","2025-09-08 08:36:25","2025-09-08 08:36:25","0",NULL,"4",NULL
"1592","2025-08-26","Market","Migros","Abur cubur.","119.59","1.00","₺","2025-09-08 08:36:52","2025-09-08 08:36:52","0",NULL,"1",NULL
"1593","2025-08-12","Market","Migros","Bahçe lambası avokado vs.","310.68","1.00","₺","2025-09-08 08:40:02","2025-09-08 08:40:02","0",NULL,"1",NULL
"1594","2025-08-23","Meal","Happy Moons","Nazlı ile yemek","1275.00","1.00","₺","2025-09-08 08:41:02","2025-09-08 08:41:02","1","115.91","3",NULL
"1595","2025-08-26","Meal","Yakamoz","Yemek.","190.00","1.00","₺","2025-09-08 08:42:27","2025-09-08 08:42:27","1","17.27","3",NULL
"1596","2025-08-24","Meal","Taka Sushi","Tuğçe ile son yemek.","1270.00","1.00","₺","2025-09-08 08:43:28","2025-09-08 08:43:28","1","115.45","3",NULL
"1597","2025-08-24","Meal","Zarif Çiğ Köfte","Nazlı ile gece çiğ köfte.","150.00","1.00","₺","2025-09-08 08:44:17","2025-09-08 08:44:17","1","13.64","3",NULL
"1598","2025-09-03","Meal","Antikkapı","kardeşlerimle atıştırmalık","220.00","1.00","₺","2025-09-08 08:54:29","2025-09-08 08:54:29","1","20.00","3",NULL
"1599","2025-09-03","Parking","Ulaşımpark",NULL,"40.00","1.00","₺","2025-09-08 08:55:02","2025-09-08 08:55:02","1",NULL,"5",NULL
"1600","2025-09-01","Meal","Antikkapı","Nazlı ile yemek.","710.00","1.00","₺","2025-09-08 08:56:03","2025-09-08 08:56:03","1","64.55","3",NULL
"1601","2025-09-04","Meal","Green Salads","Nazlı ile yemek.","540.00","1.00","₺","2025-09-08 08:57:26","2025-09-08 08:57:26","1","49.09","3",NULL
"1602","2025-09-06","Meal","Green Salads","Nazlı ile akşam yemeği.","695.00","1.00","₺","2025-09-08 08:58:18","2025-09-08 08:58:18","1","63.18","3",NULL
"1603","2025-09-08","Tax-Penalty Charge","Devlet","Trafik cezası.","744.75","1.00","₺","2025-09-08 12:51:38","2025-09-08 12:51:38","0",NULL,"13",NULL
"1604","2025-09-11","Meal","Meraklı Köfteci","Ofiste öğle yemeği köfte","300.00","1.00","₺","2025-09-11 12:43:39","2025-09-11 12:43:39","1","27.27","3",NULL
"1605","2025-09-11","Hobby","Tunç Coşgun","2 saatlik ders ve kort ücreti.","1260.00","1.00","₺","2025-09-12 00:52:32","2025-09-12 00:52:32","0",NULL,"14",NULL
"1606","2025-09-12","Savings","BinanceTR","Otomatik alım","2000.00","1.00","₺","2025-09-12 00:53:05","2025-09-12 00:53:05","0",NULL,"8",NULL
"1607","2025-09-11","Fuel","Otojet","Mustafa’nın arabası için elektrik şarj","581.41","1.00","₺","2025-09-14 11:53:13","2025-09-14 11:53:13","0",NULL,"2",NULL
"1608","2025-09-13","Alcohol","Baron Bar","Baron barda Yeşimlerle eğlence herkese Shot ve kendime 3 bira","2375.00","1.00","₺","2025-09-14 11:54:22","2025-09-14 11:54:22","0",NULL,"10",NULL
"1609","2025-09-13","Coffee","Starbucks","Elif Çınar ile tanışma","240.00","1.00","₺","2025-09-14 11:55:29","2025-09-14 11:55:29","0",NULL,"11",NULL
"1610","2025-09-13","Fuel","Total","47,82lt x 52,91₺","2530.00","1.00","₺","2025-09-14 12:00:18","2025-09-14 12:00:18","1","421.67","2",NULL
"1611","2025-09-13","Meal","Köfteci Yusuf","Babamların yediği yemek fişi.","320.00","1.00","₺","2025-09-14 12:01:11","2025-09-14 12:01:11","1","29.09","3",NULL
"1612","2025-09-13","Meal","Köfteci Yusuf","Babamların yediği yemeğin masraf düşümü.","-320.00","1.00","₺","2025-09-14 12:01:51","2025-09-14 12:01:51","1",NULL,"3",NULL
"1613","2025-09-15","Coffee","Starbucks","Ice amerikano.","130.00","1.00","₺","2025-09-15 09:41:20","2025-09-15 09:41:20","1","11.82","11",NULL
"1614","2025-09-09","Alcohol","Özdilek","4lü bira ve haribo","417.95","1.00","₺","2025-09-15 09:44:12","2025-09-15 09:44:12","0",NULL,"10",NULL
"1615","2025-09-15","Meal","Petrol Ofisi","Kahvaltılık sandviç ve kahve.","245.00","1.00","₺","2025-09-15 09:47:36","2025-09-15 09:47:36","1","10.13","3",NULL
"1616","2025-09-14","Meal","Metin Usta Gece Dönercisi","Tombik Et Döner","360.00","1.00","₺","2025-09-15 09:49:13","2025-09-15 09:49:13","1","3.56","3",NULL
"1617","2025-09-10","Meal","Ziyafe Kayseri Mutfağı","yiyecek","420.00","1.00","₺","2025-09-15 09:50:46","2025-09-15 09:50:46","1","38.18","3",NULL
"1618","2025-09-09","Meal","Özdilek","Nazlı ile yemek","595.00","1.00","₺","2025-09-15 09:52:11","2025-09-15 09:52:11","1","54.09","3",NULL
"1619","2025-09-14","Electrical Material","Macit","Macitten kağıt bant.","50.00","1.00","₺","2025-09-15 09:53:28","2025-09-15 09:53:28","0",NULL,"22",NULL
"1620","2025-09-14","Meal","Akmeşe Unlu Mamülleri","3 poğaça","45.00","1.00","₺","2025-09-15 09:54:00","2025-09-15 09:54:00","0",NULL,"3",NULL
"1621","2025-09-09","Market","Özdilek","Nazlı ile market alışverişi.","473.05","1.00","₺","2025-09-15 10:06:45","2025-09-15 10:06:45","0",NULL,"1",NULL
"1622","2025-09-08","Meal","Komagene","çiğ köfte dürüm","135.00","1.00","₺","2025-09-15 10:07:28","2025-09-15 10:07:28","1","12.27","3",NULL
"1623","2025-09-15","Market","PO","abur cubur.","90.00","1.00","₺","2025-09-16 08:58:04","2025-09-16 08:58:04","0",NULL,"1",NULL
"1624","2025-09-16","Meal","Pastane","kahvaltılık 3 poğaça","45.00","1.00","₺","2025-09-16 08:58:27","2025-09-16 08:58:27","0",NULL,"3",NULL
"1625","2025-09-16","Savings","BinanceTR","Otomatik yatırım","2000.00","1.00","₺","2025-09-16 13:57:05","2025-09-16 13:57:05","0",NULL,"8",NULL
"1626","2025-09-20","Digital Asset","Hosting Dünyam","Datafili için 6 aylık VDS kiralama","4128.00","1.00","₺","2025-09-20 09:37:12","2025-09-20 09:37:12","1","688.00","21",NULL
"1627","2025-09-19","Women","Wyndham","Nazlı ile doğum günü için Jigger Roof Barda birer kokteyl.","2035.00","1.00","₺","2025-09-20 09:55:53","2025-09-20 09:55:53","0",NULL,"20",NULL
"1628","2025-09-19","Clothes","Flo","Beyaz USPolo ayakkabı ve beyazlatıcı köpük.","2304.98","1.00","₺","2025-09-20 09:57:10","2025-09-20 09:57:10","0",NULL,"15",NULL
"1629","2025-09-19","Women","Koton","Nazlı için doğum günü hediyesi kaban ve kolye.","2561.98","1.00","₺","2025-09-20 09:58:01","2025-09-20 09:58:01","0",NULL,"20",NULL
"1630","2025-09-20","Meal","Seka Pilavcısı","Pilav üstü tavuk.","200.00","1.00","₺","2025-09-20 12:13:49","2025-09-20 12:13:49","1","18.18","3",NULL
"1631","2025-09-30","Accommodation","Yayla Butik","Nazlı ile Abant'ta tek gece konaklama.","4200.00","1.00","₺","2025-09-20 12:15:00","2025-10-09 15:04:42","1","375.00","16",NULL
"1632","2025-09-17","Meal","Cengiz Tavukçuluk","Tavuk ayran.","150.00","1.00","₺","2025-09-20 12:15:58","2025-09-20 12:15:58","1","1.49","3",NULL
"1633","2025-09-11","Meal","Boşnak Pita","3 poğaça.","45.00","1.00","₺","2025-09-20 12:17:12","2025-09-20 12:17:29","1","4.09","3",NULL
"1634","2025-09-16","Meal","Tavuk Dünyası","Öğlen yemeği","325.00","1.00","₺","2025-09-20 12:18:06","2025-09-20 12:18:06","1","29.55","3",NULL
"1635","2025-09-20","Coffee","Market","su","17.50","1.00","₺","2025-09-20 12:18:41","2025-09-20 12:18:41","0",NULL,"11",NULL
"1636","2025-09-17","Meal","Altıntaş Börek","simit poğaça meyve suyu.","90.00","1.00","₺","2025-09-20 12:19:31","2025-09-20 12:19:31","1","8.18","3",NULL
"1637","2025-09-19","Meal","Doco Petrol","Kahvaltılık simit su.","345.00","1.00","₺","2025-09-20 12:20:49","2025-09-20 12:20:49","1","3.42","3",NULL
"1638","2025-09-20","Meal","Starbucks","Nazlı ile kahve ve latte.","355.00","1.00","₺","2025-09-20 12:22:48","2025-09-20 12:22:48","1","32.27","3",NULL
"1639","2025-09-16","Collection","Özdilek","FullMetal Alchemist serisinden 14 kitap.","770.00","1.00","₺","2025-09-20 12:25:14","2025-09-20 12:25:25","0",NULL,"4",NULL
"1640","2025-09-16","Market","Özdilek","Stanley Termos, tava ve market alışverişi.","2484.10","1.00","₺","2025-09-20 12:27:47","2025-09-20 12:27:47","0",NULL,"1",NULL
"1641","2025-09-16","Alcohol","Özdilek","4lü 2 adet 8 bira.","759.90","1.00","₺","2025-09-20 12:28:47","2025-09-20 12:28:47","0",NULL,"10",NULL
"1642","2025-09-24","Savings","BinanceTR","otomatik yatırım.","2000.00","1.00","₺","2025-09-24 14:57:08","2025-09-24 14:57:08","0",NULL,"8",NULL
"1643","2025-09-24","Meal","Meraklı Köfteci","Ofiste öğle yemeği.","600.00","1.00","₺","2025-09-24 14:57:44","2025-09-24 14:57:44","1","54.55","3",NULL
"1644","2025-09-24","Meal","Altıntaş Börek","Kahvaltılık sandviç ve meyvesuyu.","70.00","1.00","₺","2025-09-24 14:58:38","2025-09-24 14:58:38","1","6.36","3",NULL
"1645","2025-10-01","Digital Asset","İsimtecil","5 yıllık hanedan1453.com.tr adresinin alış bedeli.","2801.80","1.00","₺","2025-10-01 12:27:51","2025-10-09 15:21:03","1","466.97","21",NULL
"1646","2025-10-02","Alcohol","262Live","2 bira","270.00","1.00","₺","2025-10-03 10:52:11","2025-10-03 10:52:11","0",NULL,"10",NULL
"1647","2025-10-03","Tax-Penalty Charge","Polis Teşkilatı","79km/s hız cezası. Emre'yi fabrikaya bırakırken.","1625.25","1.00","₺","2025-10-03 20:41:21","2025-10-03 20:41:21","0",NULL,"13",NULL
"1648","2025-10-03","Savings","BinanceTR","Otomatik yatırım.","2000.00","1.00","₺","2025-10-03 20:43:14","2025-10-03 20:43:14","0",NULL,"8",NULL
"1649","2025-09-28","Alcohol","Şirince Şarapevi","4 şişe şarap","2100.00","1.00","₺","2025-10-04 15:45:40","2025-10-04 15:45:40","0",NULL,"10",NULL
"1650","2025-10-06","Digital Asset","Uğur Kaçamer","4 adet vesikalık foto","350.00","1.00","₺","2025-10-06 09:05:54","2025-10-06 09:05:54","1","58.33","21",NULL
"1651","2025-10-05","Meal","Komagene","çiğ köfte ayran.","140.00","1.00","₺","2025-10-06 09:15:02","2025-10-06 09:15:02","1","12.73","3",NULL
"1652","2025-09-22","Meal","Emfat","yiyecek.","220.00","1.00","₺","2025-10-06 09:16:10","2025-10-06 09:16:10","1","20.00","3",NULL
"1653","2025-10-04","Coffee","Monte Air Cafe","Yeşimlerle 4 çay.","160.00","1.00","₺","2025-10-06 09:24:04","2025-10-06 09:24:04","1","14.55","11",NULL
"1654","2025-10-01","Meal","BurgerKing","yemek","269.00","1.00","₺","2025-10-06 09:25:15","2025-10-06 09:25:15","1","24.45","3",NULL
"1655","2025-09-21","Collection","Özdilek","Death Note kitapları","260.00","1.00","₺","2025-10-06 09:27:40","2025-10-06 09:27:40","0",NULL,"4",NULL
"1656","2025-09-21","Market","Özdilek","Bolu Özdilek'te alışveriş abur cubur.","310.00","1.00","₺","2025-10-06 09:30:26","2025-10-06 09:30:26","0",NULL,"1",NULL
"1657","2025-10-05","Meal","Yakamoz","tantuni ayran.","225.00","1.00","₺","2025-10-06 09:34:46","2025-10-06 09:34:46","1","20.45","3",NULL
"1658","2025-10-02","Meal","Opet","kahvaltılık sandviç","220.00","1.00","₺","2025-10-06 10:18:44","2025-10-06 10:18:44","0",NULL,"3",NULL
"1659","2025-10-07","Fuel","Total","45,49lt x 53,65₺","2440.54","1.00","₺","2025-10-08 08:34:46","2025-10-08 08:34:46","1","406.76","2",NULL
"1660","2025-09-26","Meal","Cici Şirince","yiyecek.","450.00","1.00","₺","2025-10-08 08:39:25","2025-10-08 08:39:25","1","40.91","3",NULL
"1661","2025-09-26","Meal","Cici Şirince","yiyecek.","400.00","1.00","₺","2025-10-08 08:40:20","2025-10-08 08:40:20","1","36.36","3",NULL
"1662","2025-09-25","Meal","Starbucks","Kahve ve sandviç","585.00","1.00","₺","2025-10-08 08:41:07","2025-10-08 08:41:07","1","53.18","3",NULL
"1663","2025-10-08","Savings","BinanceTR",NULL,"2000.00","1.00","₺","2025-10-08 09:41:04","2025-10-08 09:41:37","0",NULL,"8",NULL
"1664","2025-10-08","Market","File","market alışverişi","1231.66","1.00","₺","2025-10-08 09:57:57","2025-10-08 09:57:57","0",NULL,"1",NULL
"1665","2025-10-08","Meal","Maydonoz Döner","100gr tavuk dürüm","210.00","1.00","₺","2025-10-08 16:54:41","2025-10-08 16:54:41","1","19.09","3",NULL
"1666","2025-10-07","Collection","Türk Tarih Kurumu","koleksiyonluk kitap","601.00","1.00","₺","2025-10-08 16:56:28","2025-10-08 16:56:28","1",NULL,"4",NULL
"1667","2025-10-09","Meal","Tavuk Dünyası","Öğlen yemeği sriracha ve sade soda","350.00","1.00","₺","2025-10-09 12:58:12","2025-10-09 12:58:12","1","31.82",NULL,NULL
"1668","2025-09-21","Clothes","Özdilek","Kemer çift taraflı mavi.","399.99","1.00","₺","2025-10-09 13:00:00","2025-10-09 13:00:00","0",NULL,NULL,NULL
"1669","2025-10-05","Collection","TDK","TDK kitapları koleksiyonluk.","1485.00","1.00","₺","2025-10-09 13:01:04","2025-10-09 13:01:04","0",NULL,NULL,NULL
"1670","2025-09-27","Meal","Şirince Çağan Döner","dürüm.","180.00","1.00","₺","2025-10-09 13:02:13","2025-10-09 13:02:13","1","16.36",NULL,NULL
"1671","2025-09-29","Meal","Saha Bed","muhtelif gıda","195.00","1.00","₺","2025-10-09 13:03:17","2025-10-09 13:03:17","1","1.93",NULL,NULL
"1672","2025-09-29","Meal","Yakamoz","Tantuni ayran","270.00","1.00","₺","2025-10-09 13:04:10","2025-10-09 13:04:10","1","24.55",NULL,NULL
"1673","2025-12-19","Tax-Penalty Charge","Şirin Sürücü Kursu","A Motor Ehliyeti için kurs ücreti, belge harçları vs.","19000.00","1.00","₺","2025-10-09 13:05:17","2025-12-29 11:42:10","1","1727.27",NULL,NULL
"1674","2025-10-06","Meal","Bülent Taş","2 pilav üstü tavuk","260.00","1.00","₺","2025-10-09 13:06:28","2025-10-09 13:06:28","1","2.57",NULL,NULL
"1675","2025-09-25","Meal","Şirincem Restorant","Yemek.","540.00","1.00","₺","2025-10-09 13:07:43","2025-10-09 13:07:43","1","49.09",NULL,NULL
"1676","2025-10-01","Health","Eczane","antidepresan magnezyum melatonin","1425.00","1.00","₺","2025-10-09 13:09:08","2025-10-09 13:09:08","0",NULL,NULL,NULL
"1677","2025-09-30","Fuel","Total","46,38lt x 53,48","2480.40","1.00","₺","2025-10-09 13:10:17","2025-10-09 13:10:17","1","413.40",NULL,NULL
"1678","2025-09-26","Meal","Şirince Dondurma","dondurma","250.00","1.00","₺","2025-10-09 13:18:41","2025-10-09 13:18:41","1","22.73",NULL,NULL
"1679","2025-10-03","Meal","Yakamoz","Dürüm","190.00","1.00","₺","2025-10-09 13:19:23","2025-10-09 13:19:23","1","17.27",NULL,NULL
"1680","2025-09-23","Coffee","Antikkapı","su ve limonata","75.00","1.00","₺","2025-10-09 13:20:47","2025-10-09 13:20:47","1","6.82",NULL,NULL
"1681","2025-10-07","Meal","Antikkapı","yiyecek","205.00","1.00","₺","2025-10-09 13:21:33","2025-10-09 13:21:33","1","18.64",NULL,NULL
"1682","2025-10-01","Coffee","Starbucks","amerikano","130.00","1.00","₺","2025-10-09 13:22:15","2025-10-09 13:22:15","1","11.82",NULL,NULL
"1683","2025-09-28","Meal","Muhtarın Yeri Restorant","Akşam yemeği","460.00","1.00","₺","2025-10-09 13:24:30","2025-10-09 13:24:30","1","41.82",NULL,NULL
"1684","2025-09-28","Meal","Muhtarın Yeri Restorant","Akşam yemeği","735.00","1.00","₺","2025-10-09 13:25:24","2025-10-09 13:25:24","1","66.82",NULL,NULL
"1685","2025-09-29","Meal","Tavuk Dünyası","Burak ve kendim için akşam yemeği","1040.00","1.00","₺","2025-10-09 13:26:27","2025-10-09 13:26:27","1","94.55",NULL,NULL
"1686","2025-09-30","Meal","Köfteci Yusuf","Burger çorba","300.00","1.00","₺","2025-10-09 13:30:22","2025-10-09 13:30:22","1","27.27",NULL,NULL
"1687","2025-10-01","Coffee","Starbucks","Decaf 250gr kahve.","549.00","1.00","₺","2025-10-09 13:31:30","2025-10-09 13:31:30","1","49.91",NULL,NULL
"1688","2025-09-23","Digital Asset","Hosting Dünyam","6 Aylık Datafili Sunucu kiralama","4128.00","1.00","₺","2025-10-09 15:22:55","2025-10-09 15:22:55","1","688.00",NULL,NULL
"1689","2025-09-22","Bills","Turkcell","Cep Faturası","441.50","1.00","₺","2025-10-09 15:32:38","2026-02-16 12:00:08","1",NULL,NULL,"0"
"1690","2025-10-10","Market","Bim","Burak'ın ofise market alışverişi.","206.21","1.00","₺","2025-10-10 09:43:31","2025-10-10 09:43:31","0",NULL,NULL,NULL
"1691","2025-09-30","Collection","Migros","2 kitap.","120.00","1.00","₺","2025-10-10 09:44:30","2025-10-10 09:44:30","0",NULL,NULL,NULL
"1692","2025-09-30","Market","Migros","Abur cubur.","149.11","1.00","₺","2025-10-10 09:45:01","2025-10-10 09:45:01","0",NULL,NULL,NULL
"1693","2025-09-22","Market","Onyaka","Market alışverişi.","1726.89","1.00","₺","2025-10-10 09:46:14","2025-10-10 09:46:25","0",NULL,NULL,NULL
"1694","2025-09-20","Meal","Oklava","Nazlı ile yemek.","750.00","1.00","₺","2025-10-10 09:47:55","2025-10-10 09:47:55","1","68.18",NULL,NULL
"1695","2025-09-17","Parking","Ulaşımpark",NULL,"50.00","1.00","₺","2025-10-10 09:49:19","2025-10-10 09:49:19","1","8.33",NULL,NULL
"1696","2025-09-20","Fuel","Çeliksoy Petrol","38,02lt x 52,61₺","2000.23","1.00","₺","2025-10-10 09:51:13","2025-10-10 09:51:13","1","333.37",NULL,NULL
"1697","2025-09-18","Fuel","Başyıldız Akaryakıt","46,77lt x 53,36₺","2495.65","1.00","₺","2025-10-10 09:54:41","2025-10-10 09:54:41","1","415.94",NULL,NULL
"1698","2025-09-18","Meal","Boşnak Pita","Poğaça simit.","35.00","1.00","₺","2025-10-10 10:28:06","2025-10-10 10:28:06","1","3.18",NULL,NULL
"1699","2025-09-20","Meal","Bolçi","Çikolata hediye.","870.00","1.00","₺","2025-10-10 10:29:16","2025-10-10 10:29:16","1","79.09",NULL,NULL
"1700","2025-09-09","Meal","Antikkapı","Yemek limonata.","730.00","1.00","₺","2025-10-10 10:29:59","2025-10-10 10:29:59","1","66.36",NULL,NULL
"1701","2025-09-22","Meal","Komagene","çiğ köfte.","120.00","1.00","₺","2025-10-10 10:31:00","2025-10-10 10:31:00","1","10.91",NULL,NULL
"1702","2025-09-12","Meal","Köfteci Yusuf","Burger çorba","320.00","1.00","₺","2025-10-10 10:31:39","2025-10-10 10:31:39","1","29.09",NULL,NULL
"1703","2025-10-05","Alcohol","Metro","Smirnoff north","1140.00","1.00","₺","2025-10-10 10:34:20","2025-10-10 10:34:20","0",NULL,NULL,NULL
"1704","2025-10-05","Market","Metro","Ev alışverişi","1195.20","1.00","₺","2025-10-10 10:35:31","2025-10-10 10:35:31","0",NULL,NULL,NULL
"1705","2025-10-11","Hobby","Los Amigos","Milonga giriş ücreti","300.00","1.00","₺","2025-10-12 09:40:42","2025-10-12 09:40:42","0",NULL,NULL,NULL
"1706","2025-10-07","Meal","Palmiye Kafe","Melike ve Nazlı ile oturma.","500.00","1.00","₺","2025-10-12 09:41:54","2025-10-12 09:41:54","1","45.45",NULL,NULL
"1707","2025-09-28","Coffee","Şirince Artemis","Türk kahvesi","390.00","1.00","₺","2025-10-12 09:43:05","2025-10-12 09:43:05","1","35.45",NULL,NULL
"1708","2025-10-10","Market","Çitlekçi","Abur cubur","518.58","1.00","₺","2025-10-12 09:44:28","2025-10-12 09:44:28","0",NULL,NULL,NULL
"1709","2025-10-09","Market","File","market alışverişi","350.30","1.00","₺","2025-10-12 09:45:20","2025-10-12 09:45:20","0",NULL,NULL,NULL
"1710","2025-10-12","Fuel","Total","47,65lt x 52,47₺","2500.20","1.00","₺","2025-10-12 13:18:43","2025-10-12 13:18:43","1","416.70",NULL,NULL
"1711","2025-10-13","Electrical Material","Erkan Kablo","Babam için kablo.","3600.00","1.00","₺","2025-10-13 10:54:27","2025-10-13 10:54:27","0",NULL,NULL,NULL
"1712","2025-10-12","Meal","Alaçatı","Simit kahvaltı ve çay kahve Nazlı ile.","280.00","1.00","₺","2025-10-13 10:56:28","2025-10-13 10:56:28","1","52.73",NULL,NULL
"1713","2025-10-10","Meal","Köfteci Yusuf","Akşam yemeği.","290.00","1.00","₺","2025-10-13 10:57:32","2025-10-13 10:57:32","1","26.36",NULL,NULL
"1714","2025-10-13","Tax-Penalty Charge","ÖSYM","ALES3 sınav harcı.","850.00","1.00","₺","2025-10-13 12:55:03","2025-10-13 12:55:03","0",NULL,NULL,NULL
"1715","2025-10-11","Savings","BinanceTR","Otomatik yatırım.","1500.00","1.00","₺","2025-10-13 12:56:52","2025-10-13 12:56:52","0",NULL,NULL,NULL
"1716","2025-09-29","Savings","BinanceTR",NULL,"2000.00","1.00","₺","2025-10-13 12:57:51","2025-10-13 12:57:51","0",NULL,NULL,NULL
"1717","2025-09-21","Savings","BinanceTR",NULL,"2000.00","1.00","₺","2025-10-13 12:58:42","2025-10-13 12:58:42","0",NULL,NULL,NULL
"1718","2025-09-03","Savings","BinanceTR",NULL,"1600.00","1.00","₺","2025-10-13 12:59:59","2025-10-13 12:59:59","0",NULL,NULL,NULL
"1719","2025-08-31","Savings","BinanceTR",NULL,"2000.00","1.00","₺","2025-10-13 13:01:01","2025-10-13 13:01:01","0",NULL,NULL,NULL
"1720","2025-08-22","Savings","BinanceTR",NULL,"2000.00","1.00","₺","2025-10-13 13:01:51","2025-10-13 13:01:51","0",NULL,NULL,NULL
"1721","2025-08-16","Savings","BinanceTR",NULL,"2000.00","1.00","₺","2025-10-13 13:02:29","2025-10-13 13:02:29","0",NULL,NULL,NULL
"1722","2025-10-09","Tax-Penalty Charge","AÖF","Açık Öğretim Sosyoloji harcı.","3120.00","1.00","₺","2025-10-13 13:17:39","2025-10-13 13:17:51","0",NULL,NULL,NULL
"1723","2025-10-13","Alcohol","262Live","2 bira","400.00","1.00","₺","2025-10-14 08:57:07","2025-10-14 08:57:07","0",NULL,NULL,NULL
"1724","2025-10-13","Meal","Müzeyyen Yıldırım","Makarna akşam yemeği","200.00","1.00","₺","2025-10-14 08:57:59","2025-10-14 08:57:59","1","18.18",NULL,NULL
"1725","2025-09-15","Meal","Divan","Nazlı ile yemek","920.00","1.00","₺","2025-10-14 08:59:49","2025-10-14 08:59:49","1","83.64",NULL,NULL
"1726","2025-10-12","Meal","Hebun","Eray ile çorba","450.00","1.00","₺","2025-10-14 09:01:10","2025-10-14 09:01:10","1","40.91",NULL,NULL
"1727","2025-10-12","Meal","Hebun","Çorba parasını Eray ödedi. Düşüm","-450.00","1.00","₺","2025-10-14 09:01:39","2025-10-14 09:01:39","1",NULL,NULL,NULL
"1728","2025-10-07","Meal","Antikkapı","Yiyecek","195.00","1.00","₺","2025-10-14 09:02:31","2025-10-14 09:02:31","1","17.73",NULL,NULL
"1729","2025-10-15","Savings","BinanceTR","otomatik yatırım.","1040.00","1.00","₺","2025-10-15 14:35:28","2025-10-15 14:35:28","0",NULL,NULL,NULL
"1730","2025-10-16","Alcohol","262Live","1 bira","200.00","1.00","₺","2025-10-16 18:48:06","2025-10-16 18:48:06","0",NULL,NULL,NULL
"1731","2025-10-16","Meal","Altıntaş Börek","Kahvaltılık","90.00","1.00","₺","2025-10-16 18:49:32","2025-10-16 18:49:32","0",NULL,NULL,NULL
"1732","2025-10-16","Alcohol","Dallas Büfe","4 bira abur cubur","450.00","1.00","₺","2025-10-17 08:13:34","2025-10-17 08:13:34","0",NULL,NULL,NULL
"1733","2025-10-27","Savings","BinanceTR","2k günlük yatırım 2k short","4000.00","1.00","₺","2025-10-27 07:08:12","2025-10-27 07:08:12","0",NULL,NULL,NULL
"1734","2025-10-27","Tax-Penalty Charge","Devlet","Stopaj vergisi.","1090.00","1.00","₺","2025-10-27 07:09:06","2025-10-27 07:09:06","1",NULL,NULL,NULL
"1735","2025-10-27","Hobby","Aktiffelsefe","Nisan Mayıs Haziran ve Temmuz ayları için 500'er ₺ aidat bedeli.","2000.00","1.00","₺","2025-10-27 07:28:19","2025-10-27 07:28:19","0",NULL,NULL,NULL
"1736","2025-10-27","Bills","Gürkan Öztaban","Muhasebeci ücreti","2165.00","1.00","₺","2025-10-27 07:29:03","2025-11-26 13:27:38","1",NULL,NULL,NULL
"1737","2025-10-17","Savings","BinanceTR","Otomatik yatırım.","1750.00","1.00","₺","2025-10-27 11:20:01","2025-10-27 11:20:01","0",NULL,NULL,NULL
"1738","2025-10-27","Coffee","Miles Coffee","Amerikano","165.00","1.00","₺","2025-10-27 11:34:39","2025-10-27 11:34:39","1","15.00",NULL,NULL
"1739","2025-10-27","Electrical Material","Koçtaş","2 adet armatür.","999.80","1.00","₺","2025-10-27 11:37:27","2025-10-27 11:37:27","1","166.63",NULL,NULL
"1740","2025-11-03","Benefaction","Amazon","Üsame ve Aydan için kitap.","202.22","1.00","₺","2025-11-03 13:07:53","2025-11-03 13:07:53","0",NULL,NULL,NULL
"1741","2025-11-02","Market","A101","Babamlarla çalışırken yemek için bisküvi","421.25","1.00","₺","2025-11-03 13:09:23","2025-11-03 13:09:23","0",NULL,NULL,NULL
"1742","2025-11-05","Savings","BinanceTR","Otomatik yatırım.","2500.00","1.00","₺","2025-11-05 16:47:53","2025-11-05 16:47:53","0",NULL,NULL,NULL
"1743","2025-11-04","Market","Görpet","Abur cubur.","135.00","1.00","₺","2025-11-05 16:49:57","2025-11-05 16:49:57","0",NULL,NULL,NULL
"1744","2025-11-04","Fuel","Görpet","48,64lt x 53,98₺","2625.59","1.00","₺","2025-11-05 16:50:47","2025-11-05 16:50:47","1","437.60",NULL,NULL
"1746","2025-11-05","Meal","Starbucks","Amerikano ve sandviç","165.00","1.00","₺","2025-11-05 16:53:51","2025-11-05 16:53:51","1","15.00",NULL,NULL
"1747","2025-11-05","Clothes","Defacto","Tango için 2 pantolon, parfüm ve çorap.","3254.96","1.00","₺","2025-11-05 16:55:29","2025-11-05 16:55:29","0",NULL,NULL,NULL
"1748","2025-10-29","Hobby","MilongaQerida","Yeşimle benim giriş ücretimiz.","700.00","1.00","₺","2025-11-05 17:09:27","2025-11-05 17:09:27","0",NULL,NULL,NULL
"1749","2025-11-05","Meal","KöfteciYusuf","Et suyu çorba, hamburger.","320.00","1.00","₺","2025-11-05 17:09:59","2025-11-05 17:09:59","1","29.09",NULL,NULL
"1750","2025-11-05","Hobby","Tunç Cosgun","4 derslik tenis ücreti","2520.00","1.00","₺","2025-11-05 17:18:54","2025-11-05 17:18:54","0",NULL,NULL,NULL
"1751","2025-11-05","Meal","Mikayil","Tenis ekibi ile mangal için ödeme","285.00","1.00","₺","2025-11-05 17:23:54","2025-11-05 17:23:54","0",NULL,NULL,NULL
"1752","2025-11-10","Savings","BinanceTR","Oto yatırım","1000.00","1.00","₺","2025-11-10 13:07:05","2025-11-10 13:07:05","0",NULL,NULL,NULL
"1753","2025-11-10","Fuel","Total","48,66 x 55,79₺","2714.74","1.00","₺","2025-11-10 13:08:26","2025-11-10 13:08:26","1","452.46",NULL,NULL
"1754","2025-11-10","Digital Asset","Canva","Canva yıllık abonelik ücreti","1920.00","1.00","₺","2025-11-10 13:09:50","2025-11-10 13:09:50","0",NULL,NULL,NULL
"1755","2025-11-10","Market","Total","3 tane karam","105.00","1.00","₺","2025-11-10 13:10:28","2025-11-10 13:10:28","0",NULL,NULL,NULL
"1756","2025-11-14","Health","Eczane","Magnezyum Glisinat 60'lı kapsül","800.00","1.00","₺","2025-11-15 07:11:03","2025-11-15 07:11:03","0",NULL,NULL,NULL
"1757","2025-11-14","Alcohol","262Live","2 adet bira","410.00","1.00","₺","2025-11-15 07:11:56","2025-11-15 07:11:56","0",NULL,NULL,NULL
"1758","2025-11-13","Alcohol","262Live","2 Bira 2 shot. Filizle.","700.00","1.00","₺","2025-11-15 07:12:33","2025-11-15 07:12:33","0",NULL,NULL,NULL
"1759","2025-11-15","Savings","BinanceTR","otomatik yatırım.","1500.00","1.00","₺","2025-11-15 07:14:06","2025-11-15 07:14:06","0",NULL,NULL,NULL
"1760","2025-11-15","Savings","BinanceTR","Otomatik yatırım.","2000.00","1.00","₺","2025-11-15 07:15:19","2025-11-15 07:15:19","0",NULL,NULL,NULL
"1761","2025-11-14","Meal","Yakamoz Tantuni","yoğurlu tavuk ve ayran.","225.00","1.00","₺","2025-11-15 07:21:17","2025-11-15 07:21:17","1","20.45",NULL,NULL
"1762","2025-11-13","Coffee","Starbucks","Filizle kahve ve su.","311.00","1.00","₺","2025-11-15 07:22:29","2025-11-15 07:22:29","1","28.27",NULL,NULL
"1763","2025-11-13","Meal","Bursa İshakbey","İskender ve çorba.","295.00","1.00","₺","2025-11-15 07:23:32","2025-11-15 07:23:32","1",NULL,NULL,NULL
"1764","2025-11-06","Bills","İSU","Su faturası.","172.00","1.00","₺","2025-11-15 07:52:54","2025-12-29 15:21:13","0",NULL,NULL,NULL
"1765","2025-10-29","Meal","Starbucks","Filiz Yeşim ben kahvaltı niyetine kahve ve sandviç.","870.00","1.00","₺","2025-11-15 07:54:17","2025-11-15 07:54:17","1","79.09",NULL,NULL
"1766","2025-10-29","Meal","Hebun","Çorba","380.00","1.00","₺","2025-11-15 08:00:28","2025-11-15 08:00:28","1","34.55",NULL,NULL
"1767","2025-10-29","Meal","Flare İstanbul","Yeşimlerle tatlı kahve çay","1765.00","1.00","₺","2025-11-15 08:05:30","2025-11-15 08:05:30","1","160.46",NULL,NULL
"1768","2025-10-29","Parking","Taksim Camii","Otopark","400.00","1.00","₺","2025-11-15 08:06:14","2025-11-15 08:06:14","1","66.67",NULL,NULL
"1769","2025-10-28","Fuel","Mehmetçik Vakfı","38,34lt x 52,17₺","2000.00","1.00","₺","2025-11-15 08:07:37","2025-11-15 08:07:37","1","333.33",NULL,NULL
"1770","2025-10-28","Market","Doco Petrol","Aburcubur.","215.00","1.00","₺","2025-11-15 08:08:29","2025-11-15 08:08:29","0",NULL,NULL,NULL
"1771","2025-10-28","Meal","Sbarro","Nazlı ile pizza","410.00","1.00","₺","2025-11-15 08:09:25","2025-11-15 08:09:25","1","37.27",NULL,NULL
"1772","2025-11-01","Meal","Maçka","çorba","220.00","1.00","₺","2025-11-15 08:10:43","2025-11-15 08:10:43","1","20.00",NULL,NULL
"1773","2025-11-06","Meal","Muhammed Emin Kadan","tost içecek.","255.00","1.00","₺","2025-11-15 08:12:39","2025-11-15 08:12:39","1","36.82",NULL,NULL
"1774","2025-10-29","Meal","Primitif","Yeşim ve Filizle akşam yemeği içkili.","2370.50","1.00","₺","2025-11-15 08:15:23","2025-11-15 08:15:23","0",NULL,NULL,NULL
"1775","2025-11-12","Market","Çağrı Market","Ev için market alışverişi.","924.65","1.00","₺","2025-11-15 08:16:08","2025-11-15 08:16:08","0",NULL,NULL,NULL
"1776","2025-11-12","Fuel","Görpet","48,07lt x 54,09₺","2600.11","1.00","₺","2025-11-15 08:18:16","2025-11-15 08:18:16","1","433.35",NULL,NULL
"1777","2025-11-10","Meal","Refika Tesisleri","Eray ve Melike ile yemek.","1490.00","1.00","₺","2025-11-15 08:19:22","2025-11-15 08:19:22","1","135.45",NULL,NULL
"1778","2025-11-05","Coffee","Starbucks","Çay kahve.","310.00","1.00","₺","2025-11-15 08:20:37","2025-11-15 08:20:37","1","28.18",NULL,NULL
"1779","2025-11-06","Meal","Muhammed Emin Kadan","tost ayran","230.00","1.00","₺","2025-11-15 08:21:55","2025-11-15 08:21:55","1","34.55",NULL,NULL
"1780","2025-11-06","Meal","Muhammed Emin Kadan","Tost","360.00","1.00","₺","2025-11-15 08:22:56","2025-11-15 08:22:56","1","60.00",NULL,NULL
"1781","2025-10-31","Coffee","İta Coffee","kahve.","160.00","1.00","₺","2025-11-15 08:24:21","2025-11-15 08:24:21","1","14.55",NULL,NULL
"1782","2025-11-12","Meal","Ümit Bozkurt","çiğ köfte","120.00","1.00","₺","2025-11-15 08:25:49","2025-11-15 08:25:49","1","0.00",NULL,NULL
"1783","2025-11-15","Meal","Ümit Bozkurt","çiğ köfte","145.00","1.00","₺","2025-11-15 08:27:06","2025-11-15 08:27:06","1","0.00",NULL,NULL
"1784","2025-10-23","Fuel","Görpet","38,04lt x 52,58₺","2000.14","1.00","₺","2025-11-15 08:32:06","2025-11-15 08:32:06","1","333.36",NULL,NULL
"1785","2025-10-22","Meal","Profiterol Atölyesi","Nazlı ile tatlı.","455.00","1.00","₺","2025-11-15 08:33:37","2025-11-15 08:33:37","1","40.45",NULL,NULL
"1786","2025-10-31","Meal","Karadeniz Pide Salonu","Melikelerle pide ayran.","360.00","1.00","₺","2025-11-15 08:34:53","2025-11-15 08:34:53","1","32.73",NULL,NULL
"1787","2025-10-31","Meal","Avşarbey","yiyecek.","225.00","1.00","₺","2025-11-15 08:35:46","2025-11-15 08:35:46","1","20.45",NULL,NULL
"1788","2025-10-26","Meal","Marangoz Bahçe Kafe","Nazlı ile kahvaltı.","1635.00","1.00","₺","2025-11-15 08:37:02","2025-11-15 08:37:02","1","148.64",NULL,NULL
"1789","2025-10-31","Meal","Leo Restoran","yiyecek.","750.00","1.00","₺","2025-11-15 08:37:47","2025-11-15 08:37:47","1","68.18",NULL,NULL
"1790","2025-10-26","Coffee","İta Coffee","Melike ile çay kahve.","310.00","1.00","₺","2025-11-15 08:38:33","2025-11-15 08:38:33","1","28.18",NULL,NULL
"1791","2025-10-30","Meal","Komagene","yiyecek","140.00","1.00","₺","2025-11-15 08:39:32","2025-11-15 08:39:32","1","12.73",NULL,NULL
"1792","2025-10-21","Meal","Yakamoz Tantuni","yiyecek","560.00","1.00","₺","2025-11-15 08:40:41","2025-11-15 08:40:41","1","50.91",NULL,NULL
"1793","2025-10-18","Meal","Taka Sushi","noodle.","425.00","1.00","₺","2025-11-15 08:41:46","2025-11-15 08:41:46","1","38.64",NULL,NULL
"1794","2025-10-19","Coffee","Altınkılıçlar Kahve","kahve.","301.00","1.00","₺","2025-11-15 08:42:56","2025-11-15 08:42:56","1","27.36",NULL,NULL
"1795","2025-10-18","Fuel","Görpet","47,24lt x 52,53₺","2481.52","1.00","₺","2025-11-15 08:44:26","2025-11-15 08:44:26","1","413.59",NULL,NULL
"1796","2025-10-18","Meal","Dumlupınar Ekmek","Ekmek","55.00","1.00","₺","2025-11-15 08:45:30","2025-11-15 08:45:30","0",NULL,NULL,NULL
"1797","2025-10-26","Parking","Ulaşımpark","otopark ücreti.","40.00","1.00","₺","2025-11-15 08:52:51","2025-11-15 08:52:51","1","6.67",NULL,NULL
"1798","2025-10-20","Hobby","Decathlon","Raket için overstrip.","190.00","1.00","₺","2025-11-15 09:07:36","2025-11-15 09:07:36","0",NULL,NULL,NULL
"1799","2025-10-16","Meal","Yakamoz","yiyecek.","285.00","1.00","₺","2025-11-15 09:09:36","2025-11-15 09:09:36","1","25.91",NULL,NULL
"1800","2025-10-25","Parking","Ulaşımpark","otopark","50.00","1.00","₺","2025-11-15 09:10:20","2025-11-15 09:10:20","1","8.33",NULL,NULL
"1801","2025-11-15","Meal","Pilavcıbaba","pilav.","260.00","1.00","₺","2025-11-15 09:11:10","2025-11-15 09:11:10","0",NULL,NULL,NULL
"1802","2025-10-27","Meal","Salash Burger","Aydan ile burger.","946.00","1.00","₺","2025-11-15 09:11:52","2025-11-15 09:11:52","1","86.00",NULL,NULL
"1803","2025-10-27","Market","Bim","aburcubur","247.85","1.00","₺","2025-11-15 09:18:14","2025-11-15 09:18:14","0",NULL,NULL,NULL
"1804","2025-10-18","Coffee","Starbucks","Nazlı ile kahve.","422.00","1.00","₺","2025-11-15 09:19:03","2025-11-15 09:19:03","1","38.59",NULL,NULL
"1805","2025-11-13","Alcohol","MacroCenter","Smirnoff North","1100.00","1.00","₺","2025-11-15 10:53:14","2025-11-15 10:53:14","0",NULL,NULL,NULL
"1806","2025-11-11","Women","Yarış Tekel Büfe","2 şişe şarap 2 bira ve çerez Büşra ile içmek için.","1320.00","1.00","₺","2025-11-15 10:55:18","2025-11-15 10:55:18","0",NULL,NULL,NULL
"1807","2025-11-11","Alcohol","262Live","2 bira kendime 2 bira Tunç hocaya.","800.00","1.00","₺","2025-11-15 10:55:55","2025-11-15 10:55:55","0",NULL,NULL,NULL
"1808","2025-11-10","Benefaction","Afyon Dinlenme Tesisi","Kaynamlı lokum annemlere hediye.","645.30","1.00","₺","2025-11-15 10:58:02","2025-11-15 10:58:02","0",NULL,NULL,NULL
"1809","2025-11-06","Market","Şeker Petrol","aburcubur","210.00","1.00","₺","2025-11-15 10:59:26","2025-11-15 10:59:26","0",NULL,NULL,NULL
"1810","2025-11-06","Market","Migros Jet","aburcubır","84.24","1.00","₺","2025-11-15 11:00:07","2025-11-15 11:00:07","0",NULL,NULL,NULL
"1811","2025-11-05","Market","Migros","aburcubur","59.92","1.00","₺","2025-11-15 11:00:55","2025-11-15 11:00:55","0",NULL,NULL,NULL
"1812","2025-11-04","Market","Erkan Tülek","aburcubur","145.00","1.00","₺","2025-11-15 11:02:26","2025-11-15 11:02:26","0",NULL,NULL,NULL
"1813","2025-11-03","Alcohol","262Live","1 bira.","200.00","1.00","₺","2025-11-15 11:03:23","2025-11-15 11:03:23","0",NULL,NULL,NULL
"1814","2025-11-15","Coffee","Antikkapı","Mustafalarla çay kahve","95.00","1.00","₺","2025-11-15 13:35:45","2025-11-15 13:35:45","1","8.64",NULL,NULL
"1815","2025-11-15","Alcohol","262Live","5 bira 3 kendime 2 tiyatroculara","1000.00","1.00","₺","2025-11-16 19:53:14","2025-11-16 19:53:14","0",NULL,NULL,NULL
"1816","2025-11-15","Market","Erkan Tülek","Abur cubur","115.00","1.00","₺","2025-11-16 19:54:39","2025-11-16 19:54:39","0",NULL,NULL,NULL
"1817","2025-11-15","Tax-Penalty Charge","Esoto","Araç 30k bakımı","19416.11","1.00","₺","2025-11-16 19:58:23","2025-11-16 19:58:23","0",NULL,NULL,NULL
"1818","2025-11-18","Alcohol","262Live","1 bira","200.00","1.00","₺","2025-11-19 09:38:45","2025-11-19 09:38:45","0",NULL,NULL,NULL
"1819","2025-11-19","Meal","Yakamoz","1 yoğurtlu tantuni","190.00","1.00","₺","2025-11-19 09:39:26","2025-11-19 09:41:17","1","17.27",NULL,NULL
"1820","2025-11-19","Fuel","Total","32,38lt x 55,27₺","1789.64","1.00","₺","2025-11-19 09:40:44","2025-11-19 09:40:44","1","298.27",NULL,NULL
"1821","2025-11-18","Meal","Uzunköy Köftecisi","annem babam ve kendim için köfte ekmek.","825.00","1.00","₺","2025-11-19 09:42:12","2025-11-19 09:42:12","1","75.00",NULL,NULL
"1822","2025-11-17","Meal","Ümit Bozkurt","çiğ köfte","120.00","1.00","₺","2025-11-19 09:43:29","2025-11-19 09:43:29","1","0.00",NULL,NULL
"1823","2025-11-27","Bills","Sepaş","elektrik faturası.","247.00","1.00","₺","2025-11-19 09:46:47","2025-11-19 09:47:07","0",NULL,NULL,NULL
"1824","2025-11-19","Savings","BinanceTR","Otomatik yatırım.","2500.00","1.00","₺","2025-11-19 10:53:22","2025-11-19 10:53:22","0",NULL,NULL,NULL
"1825","2025-10-21","Bills","Turkcell","Son fatura.","3576.67","1.00","₺","2025-11-19 13:36:55","2025-11-19 13:36:55","1",NULL,NULL,NULL
"1826","2025-10-20","Electrical Material","Amazon","Boru Anahtarı","711.38","1.00","₺","2025-11-19 13:38:27","2025-11-19 13:38:27","1","118.56",NULL,NULL
"1827","2025-10-20","Electrical Material","KyroTech","İngiliz fiş dönüştürücü.","192.00","1.00","₺","2025-11-19 13:39:57","2025-11-19 13:39:57","1","32.00",NULL,NULL
"1828","2025-10-23","Electrical Material","Ancheyn","HDMI VGA dönüştürücü.","135.88","1.00","₺","2025-11-19 13:54:21","2025-11-19 13:54:21","1","22.65",NULL,NULL
"1829","2025-10-28","Electrical Material","Koçtaş","Malzeme","104.90","1.00","₺","2025-11-19 14:07:40","2025-11-19 14:07:40","1","17.48",NULL,NULL
"1830","2025-10-28","Electrical Material","Amazon","Maket Bıçağı","404.00","1.00","₺","2025-11-19 14:09:34","2025-11-19 14:09:34","1","67.33",NULL,NULL
"1831","2025-11-19","Alcohol","262Live","1 bira","200.00","1.00","₺","2025-11-19 16:05:12","2025-11-19 16:05:12","0",NULL,NULL,NULL
"1832","2025-11-19","Market","Durak Market","Muz ve su","96.25","1.00","₺","2025-11-19 16:12:40","2025-11-19 16:12:40","0",NULL,NULL,NULL
"1833","2025-11-18","Market","Görpet","Abur Cubur","77.00","1.00","₺","2025-11-19 16:13:12","2025-11-19 16:13:36","0",NULL,NULL,NULL
"1834","2025-11-17","Alcohol","Meymenet","2 bira","400.00","1.00","₺","2025-11-19 16:14:31","2025-11-19 16:14:31","0",NULL,NULL,NULL
"1835","2025-11-19","Meal","Pilavcı Baba","Pilav üstü tavuk ve ciğer","230.00","1.00","₺","2025-11-19 16:15:29","2025-11-19 16:15:29","1","20.91",NULL,NULL
"1836","2025-11-21","Alcohol","262Live","2 bira","400.00","1.00","₺","2025-11-21 23:13:55","2025-11-21 23:13:55","0",NULL,NULL,NULL
"1837","2025-11-22","Alcohol","262Live",NULL,"200.00","1.00","₺","2025-11-22 19:45:56","2025-11-22 19:45:56","0",NULL,NULL,NULL
"1838","2025-11-22","Meal","McDonalds","Küçük menü","170.00","1.00","₺","2025-11-22 19:46:45","2025-11-22 19:46:45","1","15.45",NULL,NULL
"1839","2025-11-24","Savings","BinanceTR",NULL,"1000.00","1.00","₺","2025-11-24 09:05:00","2025-11-24 09:05:00","0",NULL,NULL,NULL
"1840","2025-11-24","Meal","Simitçi","1 soğuk sandviç 1 çay","100.00","1.00","₺","2025-11-24 09:05:56","2025-11-24 09:05:56","0",NULL,NULL,NULL
"1841","2025-11-23","Alcohol","262Live","2 bira","410.00","1.00","₺","2025-11-24 09:07:06","2025-11-24 09:07:06","0",NULL,NULL,NULL
"1842","2025-11-24","Tax-Penalty Charge","E-Tuğra","3 Yıllık E-imza alımı yapıldı.","3069.00","1.00","₺","2025-11-24 21:12:15","2025-11-24 21:12:15","1",NULL,NULL,NULL
"1843","2025-11-24","Alcohol","262Live","1 bira","200.00","1.00","₺","2025-11-24 21:12:38","2025-11-24 21:12:38","0",NULL,NULL,NULL
"1844","2025-11-24","Benefaction","A101","Yeşim'e öğretmenler günü hediyesi.","99.50","1.00","₺","2025-11-24 21:16:29","2025-12-08 15:38:55","0",NULL,NULL,NULL
"1845","2025-11-26","Tax-Penalty Charge","Halkbank","TOKİ başvurusu için yaptığım ödeme.","5000.00","1.00","₺","2025-11-26 13:26:16","2025-11-26 13:26:16","0",NULL,NULL,NULL
"1846","2025-11-26","Bills","Gürkan Öztaban","Muhasebeci ücreti","2165.00","1.00","₺","2025-11-26 13:27:25","2025-11-26 13:27:25","1","665.00",NULL,NULL
"1847","2025-05-26","Bills","Gürkan Öztaban","Muhasebeci ücreti.","1943.70","1.00","₺","2025-11-26 13:31:13","2025-11-26 13:31:13","1","443.70",NULL,NULL
"1848","2025-09-26","Bills","Gürkan Öztaban","Muhasebe ödemesi.","1943.70","1.00","₺","2025-11-26 13:33:47","2025-11-26 13:33:47","1","443.70",NULL,NULL
"1849","2025-11-29","Hobby","Kerem Göllü","Selçuk-Müge Workshop ve Milonga giriş ücreti","1200.00","1.00","₺","2025-11-29 06:02:50","2025-11-29 06:02:50","0",NULL,NULL,NULL
"1850","2025-11-27","Hobby","TangoPort","Milonga giriş ücreti","400.00","1.00","₺","2025-11-29 06:03:43","2025-11-29 06:03:43","0",NULL,NULL,NULL
"1851","2025-11-28","Market","Benzinlik","Su çikolata","50.00","1.00","₺","2025-11-29 06:34:32","2025-11-29 06:34:32","0",NULL,NULL,NULL
"1852","2025-11-29","Coffee","Taze","Su","10.00","1.00","₺","2025-11-29 12:36:41","2025-11-29 12:36:41","0",NULL,NULL,NULL
"1853","2025-11-29","Hobby","Decathlon","Ter bilekliği ve spor eldiveni","445.00","1.00","₺","2025-11-29 12:38:36","2025-11-29 12:38:36","0",NULL,NULL,NULL
"1854","2025-11-29","Health","Medikalci","Fare bilekliği","245.00","1.00","₺","2025-11-29 12:39:19","2025-11-29 12:39:19","0",NULL,NULL,NULL
"1855","2025-12-01","Coffee","Reev","su","25.00","1.00","₺","2025-12-01 19:24:45","2025-12-01 19:25:22","0",NULL,NULL,NULL
"1856","2025-12-01","Benefaction","Mr DIY","Fatmanur için resim çerçevesi.","105.00","1.00","₺","2025-12-01 19:25:13","2025-12-01 19:25:13","0",NULL,NULL,NULL
"1857","2025-12-01","Savings","BinanceTR","Otomatik yatırım.","2500.00","1.00","₺","2025-12-01 19:25:40","2025-12-01 19:25:40","0",NULL,NULL,NULL
"1858","2025-12-06","Benefaction","Pompacı","Pompacı çocuğa bahşiş.","100.00","1.00","₺","2025-12-08 14:26:46","2025-12-08 14:26:46","0",NULL,NULL,NULL
"1859","2025-12-06","Fuel","Total","49,49lt x 54,76₺","2710.07","1.00","₺","2025-12-08 15:23:39","2025-12-08 15:23:39","1","451.68",NULL,NULL
"1860","2025-11-24","Fuel","Total","46,62lt x 55,35₺","2580.42","1.00","₺","2025-12-08 15:35:57","2025-12-08 15:35:57","1","430.07",NULL,NULL
"1861","2025-11-25","Electrical Material","Avcı Elektrik","Elektrik Malzemesi","70.00","1.00","₺","2025-12-08 15:38:08","2025-12-08 15:38:08","1","11.67",NULL,NULL
"1862","2025-12-05","Transportation","HGS","HGS otomatik yükleme.","400.00","1.00","₺","2025-12-08 15:43:59","2026-01-01 13:58:53","0",NULL,NULL,NULL
"1863","2025-11-30","Transportation","HGS","HGS otomatik yükleme.","400.00","1.00","₺","2025-12-08 15:44:31","2025-12-08 15:45:08","0",NULL,NULL,NULL
"1864","2025-11-27","Transportation","HGS","HGS otomatik yükleme.","400.00","1.00","₺","2025-12-08 15:45:36","2025-12-08 15:45:36","0",NULL,NULL,NULL
"1865","2025-11-21","Transportation","HGS","HGS otomatik yükleme.","400.00","1.00","₺","2025-12-08 15:45:58","2025-12-08 15:45:58","0",NULL,NULL,NULL
"1866","2025-11-21","Bills","Netflix","Netflix abonelik ücreti.","379.99","1.00","₺","2025-12-08 15:46:30","2025-12-29 14:04:44","0",NULL,NULL,NULL
"1867","2025-11-21","Savings","Türkiye Sigorta","50$ hayat sigortası birikimi.","2121.40","1.00","₺","2025-12-08 15:51:33","2025-12-08 15:53:32","0",NULL,NULL,NULL
"1868","2025-10-21","Savings","Türkiye Sigorta","50$ hayat sigortası birikimi.","2100.76","1.00","₺","2025-12-08 15:55:37","2025-12-08 15:55:37","0",NULL,NULL,NULL
"1869","2025-10-27","Bills","Sepaş","elektrik faturası.","421.00","1.00","₺","2025-12-08 15:58:09","2025-12-08 15:58:09","0",NULL,NULL,NULL
"1870","2025-11-21","Meal","Ümit Bozkurt","çiğ köfte","120.00","1.00","₺","2025-12-08 16:46:49","2025-12-08 16:46:49","1",NULL,NULL,NULL
"1871","2025-11-21","Women","Hakan Şerbetçi","Deniz Berfin Ayaydın ile akşam yemeği ve şarap...","2370.00","1.00","₺","2025-12-08 16:52:39","2025-12-08 16:52:39","0",NULL,NULL,NULL
"1872","2025-11-20","Parking","İspark","otopark","220.00","1.00","₺","2025-12-08 16:56:49","2025-12-08 16:56:49","1","36.67",NULL,NULL
"1873","2025-11-22","Meal","Leo Restorant","yiyecek","150.00","1.00","₺","2025-12-08 16:58:30","2025-12-08 16:58:30","1","13.64",NULL,NULL
"1874","2025-11-22","Meal","Yakamoz Tantuni","tavuk ayran","225.00","1.00","₺","2025-12-08 17:01:27","2025-12-08 17:01:27","1","20.45",NULL,NULL
"1875","2025-11-18","Electrical Material","Migros","Viko üçlü priz 2 adet.","419.90","1.00","₺","2025-12-08 17:02:38","2025-12-08 17:02:38","1","69.98",NULL,NULL
"1876","2025-12-07","Parking","Ulaşımpark","otopark","50.00","1.00","₺","2025-12-08 17:03:25","2025-12-08 17:03:25","1","8.33",NULL,NULL
"1877","2025-12-04","Meal","Pilavcı Baba","yiyecek.","460.00","1.00","₺","2025-12-08 17:05:30","2025-12-08 17:05:30","1","41.82",NULL,NULL
"1878","2025-12-04","Meal","Pilavcı Baba","yiyecek.","460.00","1.00","₺","2025-12-08 17:06:14","2025-12-08 17:06:14","1","41.82",NULL,NULL
"1879","2025-12-02","Clothes","Tarz Giyim","giyim","350.00","1.00","₺","2025-12-08 17:12:12","2025-12-08 17:13:57","0",NULL,NULL,NULL
"1880","2025-11-28","Meal","Komagene","çiğ köfte","130.00","1.00","₺","2025-12-08 17:13:19","2025-12-08 17:13:19","1","11.82",NULL,NULL
"1881","2025-12-03","Meal","Köfteci Yusuf","Yemek","860.00","1.00","₺","2025-12-08 17:15:08","2025-12-08 17:15:08","1","78.18",NULL,NULL
"1882","2025-12-05","Meal","Galaksi Otelcilik","Eray Yeşim ben bira patates.","2090.00","1.00","₺","2025-12-08 17:17:16","2025-12-08 17:17:16","1","190.00",NULL,NULL
"1883","2025-12-05","Market","Benzinlik","abur cubur","330.50","1.00","₺","2025-12-08 17:18:35","2025-12-08 17:18:35","0",NULL,NULL,NULL
"1884","2025-12-07","Market","Akmar market","market alışverişi","121.22","1.00","₺","2025-12-08 17:19:47","2025-12-08 17:19:47","0",NULL,NULL,NULL
"1885","2025-11-27","Market","Bim","çiğ köfte ayran.","27.15","1.00","₺","2025-12-08 17:21:07","2025-12-08 17:21:07","0",NULL,NULL,NULL
"1886","2025-11-28","Parking","Kasdas","otopark","600.00","1.00","₺","2025-12-08 17:22:05","2025-12-08 17:22:05","1","100.00",NULL,NULL
"1887","2025-11-27","Parking","İspark","otopark","220.00","1.00","₺","2025-12-08 17:24:31","2025-12-08 17:24:31","1","36.67",NULL,NULL
"1888","2025-12-04","Meal","Pilavcı Baba","yemek","150.00","1.00","₺","2025-12-08 17:25:52","2025-12-08 17:25:52","1","13.64",NULL,NULL
"1889","2025-12-06","Meal","Köfteci Yusuf","az et suyu çorba ve burger","330.00","1.00","₺","2025-12-08 17:27:13","2025-12-08 17:27:13","1","30.00",NULL,NULL
"1890","2025-11-23","Market","File","simit kruvasan abur cubur","233.10","1.00","₺","2025-12-08 17:29:13","2025-12-08 17:29:13","0",NULL,NULL,NULL
"1891","2025-12-03","Tax-Penalty Charge","Noter","Noter'den İmza Beyan alımı.","664.06","1.00","₺","2025-12-08 17:31:04","2025-12-08 17:35:18","1","36.24",NULL,NULL
"1892","2025-11-26","Meal","Komagene","çiğ köfte","130.00","1.00","₺","2025-12-08 17:43:40","2025-12-08 17:43:40","1","11.82",NULL,NULL
"1893","2025-11-29","Market","Onyaka","market alışverişi.","1331.36","1.00","₺","2025-12-08 17:44:49","2025-12-08 17:44:49","0",NULL,NULL,NULL
"1894","2025-11-23","Coffee","Miles Coffee","kahve.","370.00","1.00","₺","2025-12-08 18:02:07","2025-12-08 18:02:07","1","33.64",NULL,NULL
"1895","2025-12-03","Market","File","market alışverişi.","1816.84","1.00","₺","2025-12-08 18:03:15","2025-12-08 18:03:15","0",NULL,NULL,NULL
"1896","2025-12-02","Market","File","market alışverişi","397.14","1.00","₺","2025-12-08 18:04:06","2025-12-08 18:04:06","0",NULL,NULL,NULL
"1897","2025-11-28","Meal","Bülent Taş","pilav","135.00","1.00","₺","2025-12-08 18:05:36","2025-12-08 18:05:36","1","0.00",NULL,NULL
"1898","2025-12-03","Fuel","Başyıldız","hatalı yakıt alımı.","14.20","1.00","₺","2025-12-08 18:06:41","2025-12-08 18:06:41","0","2.37",NULL,NULL
"1899","2025-12-03","Fuel","Başyıldız","51,29lt x 54,62₺","2801.46","1.00","₺","2025-12-08 18:07:36","2025-12-08 18:07:36","1","466.91",NULL,NULL
"1900","2025-12-01","Meal","Burger King","Yemek","370.00","1.00","₺","2025-12-08 18:15:56","2025-12-08 18:15:56","1","33.64",NULL,NULL
"1901","2025-12-08","Savings","BinanceTR","otomatik yatırım.","1000.00","1.00","₺","2025-12-08 18:32:56","2025-12-08 18:32:56","0",NULL,NULL,NULL
"1902","2025-12-06","Savings","BinanceTR","otomatik yatırım.","1000.00","1.00","₺","2025-12-08 18:54:32","2025-12-08 18:54:32","0",NULL,NULL,NULL
"1903","2025-11-30","Meal","Yakamoz","çiğ köfte ayran","110.00","1.00","₺","2025-12-08 21:21:34","2025-12-08 21:21:34","1","10.00",NULL,NULL
"1904","2025-12-02","Meal","Zenka","Akşam yemeği","580.00","1.00","₺","2025-12-08 21:29:58","2025-12-08 21:29:58","1","52.73",NULL,NULL
"1905","2025-11-27","Meal","Çiya Kebab","Deniz Berfin ile akşam yemeği.","1110.00","1.00","₺","2025-12-08 21:30:59","2025-12-08 21:30:59","1","100.91",NULL,NULL
"1906","2025-11-26","Coffee","Gölkenarı Gıda","amerikano su","190.00","1.00","₺","2025-12-08 21:32:07","2025-12-08 21:32:07","1","17.27",NULL,NULL
"1907","2025-11-28","Meal","Arda Ada Gıda","Deniz Berfin ile kahvaltı.","715.00","1.00","₺","2025-12-08 21:33:21","2025-12-08 21:33:21","1","65.00",NULL,NULL
"1908","2025-11-28","Meal","Flare","tatlı çay","430.00","1.00","₺","2025-12-08 21:34:10","2025-12-08 21:34:10","1","39.09",NULL,NULL
"1909","2025-11-29","Meal","Mavi Kartal","Tavuk soda","450.00","1.00","₺","2025-12-08 21:35:21","2025-12-08 21:35:21","1","40.91",NULL,NULL
"1910","2025-11-29","Clothes","Kentim Bilişim AŞ","Kocaeli T-shirt'ü","500.00","1.00","₺","2025-12-08 21:36:50","2025-12-08 21:36:50","0",NULL,NULL,NULL
"1911","2025-11-29","Collection","Kentim Bilişim AŞ","Kocaeli atkı ve kartpostal.","180.00","1.00","₺","2025-12-08 21:37:34","2025-12-08 21:37:34","0",NULL,NULL,NULL
"1912","2025-12-02","Coffee","Kocaeli Üniversitesi","Amerikano","90.00","1.00","₺","2025-12-08 21:38:26","2025-12-08 21:38:26","1","8.18",NULL,NULL
"1913","2025-11-29","Meal","Antikkapı","Kahvaltı","305.00","1.00","₺","2025-12-08 21:39:29","2025-12-08 21:39:29","1","27.73",NULL,NULL
"1914","2025-11-30","Coffee","Starbucks","Kahve sandviç","438.00","1.00","₺","2025-12-08 21:40:28","2025-12-08 21:40:28","1","39.82",NULL,NULL
"1915","2025-12-07","Meal","Müzeyyen Yıldırım","Tost","90.00","1.00","₺","2025-12-08 21:41:05","2025-12-08 21:41:05","1","8.18",NULL,NULL
"1916","2025-11-24","Meal","Taka Sushi","Akşam yemeği.","1448.00","1.00","₺","2025-12-08 21:41:56","2025-12-08 21:41:56","1","131.64",NULL,NULL
"1917","2025-12-06","Meal","Altıntaş Börek","Kahvaltılık","130.00","1.00","₺","2025-12-08 21:43:14","2025-12-08 21:43:14","1","11.82",NULL,NULL
"1918","2025-12-07","Alcohol","262Live","1 bira","200.00","1.00","₺","2025-12-08 23:05:29","2025-12-08 23:06:00","0",NULL,NULL,NULL
"1919","2025-12-06","Alcohol","262Live","2 blanc","450.00","1.00","₺","2025-12-08 23:05:53","2025-12-08 23:05:53","0",NULL,NULL,NULL
"1920","2025-12-07","Market","Şok","Market alışverişi","137.02","1.00","₺","2025-12-08 23:06:44","2025-12-08 23:06:44","0",NULL,NULL,NULL
"1921","2025-12-05","Alcohol","Meydan Tekel","1 bira","105.00","1.00","₺","2025-12-08 23:07:47","2025-12-08 23:07:47","0",NULL,NULL,NULL
"1922","2025-12-10","Hobby","Qerida","Giriş ücreti","350.00","1.00","₺","2025-12-11 11:58:19","2025-12-11 11:58:19","0",NULL,NULL,NULL
"1923","2025-12-10","Alcohol","Qerida","1 bira","200.00","1.00","₺","2025-12-11 11:59:01","2025-12-11 11:59:01","0",NULL,NULL,NULL
"1924","2025-12-10","Market","Benzinlik","Abur cubur","155.00","1.00","₺","2025-12-11 12:01:27","2025-12-11 12:01:27","0",NULL,NULL,NULL
"1925","2025-12-10","Market","FO Otomat","Kahve bisküvi","26.00","1.00","₺","2025-12-11 12:02:05","2025-12-11 12:02:23","0",NULL,NULL,NULL
"1926","2025-12-14","Market","File","Market alışverişi.","1094.63","1.00","₺","2025-12-14 19:06:43","2025-12-14 19:06:43","0",NULL,NULL,NULL
"1927","2025-12-13","Alcohol","262Live","2 blanc","420.00","1.00","₺","2025-12-14 19:07:09","2025-12-14 19:07:09","0",NULL,NULL,NULL
"1928","2025-12-17","Savings","BinanceTR","Otomatik yatırım.","2000.00","1.00","₺","2025-12-17 09:59:34","2025-12-17 09:59:34","0",NULL,NULL,NULL
"1929","2025-12-15","Hobby","KOÜ","KOÜ Milonga giriş ücreti.","300.00","1.00","₺","2025-12-17 10:02:08","2025-12-17 10:02:08","0",NULL,NULL,NULL
"1930","2025-12-16","Market","Total","abur cubur.","75.00","1.00","₺","2025-12-17 10:03:00","2025-12-17 10:03:00","0",NULL,NULL,NULL
"1931","2025-12-16","Alcohol","Hayal Kahvesi Kocaeli","Eray ile Salsa gecesinde 2 bira bir soda","750.00","1.00","₺","2025-12-17 10:03:55","2025-12-17 10:03:55","0",NULL,NULL,NULL
"1932","2025-12-15","Alcohol","Meymenet","1 bira","250.00","1.00","₺","2025-12-17 10:05:09","2025-12-29 12:30:12","1","22.73",NULL,NULL
"1933","2025-12-17","Alcohol","Fil","1 bira","225.00","1.00","₺","2025-12-17 18:27:23","2025-12-17 18:27:23","0",NULL,NULL,NULL
"1934","2025-12-17","Hobby","Qerida","Milonga giriş ücreti","350.00","1.00","₺","2025-12-17 18:27:52","2025-12-17 18:27:52","0",NULL,NULL,NULL
"1935","2025-12-17","Alcohol","Bakkal","2 blanc","220.00","1.00","₺","2025-12-18 14:37:09","2025-12-18 14:37:09","0",NULL,NULL,NULL
"1936","2025-11-24","Meal","Diego","Pizza","290.00","1.00","₺","2025-12-19 13:30:58","2025-12-19 13:30:58","1","26.36",NULL,NULL
"1937","2025-12-19","Alcohol","262Live","2 bira","400.00","1.00","₺","2025-12-20 11:11:47","2025-12-20 11:11:47","0",NULL,NULL,NULL
"1938","2025-12-20","Alcohol","JJ","2 bira","1000.00","1.00","₺","2025-12-21 06:02:34","2025-12-21 06:02:34","0",NULL,NULL,NULL
"1939","2025-12-20","Market","Görpet","Abur cubur","110.00","1.00","₺","2025-12-21 06:04:13","2025-12-21 06:04:13","0",NULL,NULL,NULL
"1940","2025-12-23","Savings","BinanceTR","Binance otomatik yatırım.","2000.00","1.00","₺","2025-12-23 16:53:25","2025-12-23 16:53:25","0",NULL,NULL,NULL
"1941","2025-12-22","Transportation","Lastikçi","Sağ arka teker lastik tamiri.","400.00","1.00","₺","2025-12-23 16:53:56","2025-12-23 16:53:56","0",NULL,NULL,NULL
"1942","2025-12-22","Tax-Penalty Charge","Hepiyi Sigorta","Zorunlu araç trafik sigortası (41AYP681)","8759.60","1.00","₺","2025-12-23 21:46:09","2025-12-23 21:46:09","1",NULL,NULL,NULL
"1943","2025-12-24","Hobby","Qerida","Milonga giriş ücreti.","350.00","1.00","₺","2025-12-24 19:38:09","2025-12-29 11:35:47","0",NULL,NULL,NULL
"1944","2025-12-24","Alcohol","Rock’n Rolla","1 bira","155.00","1.00","₺","2025-12-24 19:38:37","2025-12-24 19:38:37","0",NULL,NULL,NULL
"1945","2025-12-24","Alcohol","Tekel","2 bira 1 su","240.00","1.00","₺","2025-12-24 19:39:42","2025-12-24 19:39:42","0",NULL,NULL,NULL
"1946","2025-12-24","Health","Eczane","İlaç ve naneli anla sürülen taş.","400.00","1.00","₺","2025-12-24 19:41:14","2025-12-24 19:41:14","0",NULL,NULL,NULL
"1947","2025-12-26","Health","Amazon","D3-K2 vitamini.","226.34","1.00","₺","2025-12-26 17:04:05","2025-12-26 17:04:05","0",NULL,NULL,NULL
"1948","2025-12-28","Alcohol","Tekel","3 bira","285.00","1.00","₺","2025-12-29 10:36:31","2025-12-29 10:36:31","0",NULL,NULL,NULL
"1949","2025-12-28","Women","Feriye","Filiz’e 1 kendime 1 bira","900.00","1.00","₺","2025-12-29 10:37:06","2025-12-29 10:37:06","0",NULL,NULL,NULL
"1950","2025-12-28","Hobby","Feriye Milonga","Giriş ücreti","600.00","1.00","₺","2025-12-29 10:37:44","2025-12-29 10:37:44","0",NULL,NULL,NULL
"1951","2025-12-28","Market","Benzinlik","4 su ve Abur cubur","510.00","1.00","₺","2025-12-29 10:38:51","2025-12-29 10:38:51","0",NULL,NULL,NULL
"1952","2025-12-25","Meal","Yakamoz","Yoğurtlu","190.00","1.00","₺","2025-12-29 10:47:03","2025-12-29 10:47:03","1","17.27",NULL,NULL
"1953","2025-12-28","Fuel","Total","47,55lt x 51,74","2460.00","1.00","₺","2025-12-29 10:51:23","2025-12-29 10:51:23","1","410.00",NULL,NULL
"1954","2025-12-25","Meal","Müzeyyen Yıldırım","Tavuklu makarna.","200.00","1.00","₺","2025-12-29 10:52:21","2025-12-29 10:52:21","1","18.18",NULL,NULL
"1955","2025-12-27","Alcohol","262Live","Meze 3 bira","630.00","1.00","₺","2025-12-29 10:55:03","2025-12-29 10:55:03","1","57.27",NULL,NULL
"1956","2025-12-29","Parking","Feriye","Otopark","500.00","1.00","₺","2025-12-29 10:56:02","2025-12-29 10:56:02","1","83.33",NULL,NULL
"1957","2025-12-29","Meal","Kayseri Mutfağı","4 tane çorba","500.00","1.00","₺","2025-12-29 10:57:29","2025-12-29 10:57:29","1","45.45",NULL,NULL
"1958","2025-12-22","Meal","Avşar Gıda","yiyecek","190.00","1.00","₺","2025-12-29 10:58:31","2025-12-29 10:58:31","1","17.27",NULL,NULL
"1959","2025-12-28","Coffee","Starbucks","4 kahve ve 3 sandviç","1150.00","1.00","₺","2025-12-29 10:59:35","2025-12-29 10:59:35","1","104.55",NULL,NULL
"1960","2025-12-25","Market","Benzinlik","Abur cubur","65.00","1.00","₺","2025-12-29 11:36:16","2025-12-29 11:36:16","0",NULL,NULL,NULL
"1961","2025-12-08","Bills","Türk Telekom","Telefon Faturası","411.50","1.00","₺","2025-12-29 12:17:56","2025-12-29 12:17:56","1",NULL,NULL,NULL
"1962","2025-12-18","Market","Benzinlik","abur cubur","142.00","1.00","₺","2025-12-29 12:28:05","2025-12-29 12:28:05","0",NULL,NULL,NULL
"1963","2025-12-20","Market","Bim","Tuvalet kokusu ve çiğ köfte","168.75","1.00","₺","2025-12-29 12:29:02","2025-12-29 12:29:02","0",NULL,NULL,NULL
"1964","2025-12-14","Parking","Ulaşımpark","otopark","50.00","1.00","₺","2025-12-29 12:30:58","2025-12-29 12:30:58","1","8.33",NULL,NULL
"1965","2025-12-21","Fuel","Total","49,36lt x 52,07₺","2570.18","1.00","₺","2025-12-29 12:32:03","2025-12-29 12:32:03","1","428.36",NULL,NULL
"1966","2025-12-21","Market","Total","abur cubur","110.00","1.00","₺","2025-12-29 12:33:06","2025-12-29 12:33:06","0",NULL,NULL,NULL
"1967","2025-12-19","Market","Onyaka","Market alışverişi","908.16","1.00","₺","2025-12-29 12:33:48","2025-12-29 12:33:48","0",NULL,NULL,NULL
"1968","2025-12-19","Market","Ankara Market","muz ve lifalif","243.94","1.00","₺","2025-12-29 12:34:26","2025-12-29 12:34:26","0",NULL,NULL,NULL
"1969","2025-09-15","Savings","Allianz","BES yatırım.","2000.00","1.00","₺","2025-12-29 12:36:21","2025-12-29 12:36:21","0",NULL,NULL,NULL
"1970","2025-10-15","Savings","Allianz","BES yatırım.","2000.00","1.00","₺","2025-12-29 12:36:46","2025-12-29 12:36:46","0",NULL,NULL,NULL
"1971","2025-11-17","Savings","Allianz","BES yatırım.","2670.00","1.00","₺","2025-12-29 12:38:22","2025-12-29 12:38:22","0",NULL,NULL,NULL
"1972","2025-12-15","Savings","Allianz","BES yatırım.","2670.00","1.00","₺","2025-12-29 12:38:50","2025-12-29 12:38:50","0",NULL,NULL,NULL
"1973","2025-12-24","Savings","Allianz","BES yatırım.","330.00","1.00","₺","2025-12-29 12:39:07","2025-12-29 12:39:07","0",NULL,NULL,NULL
"1974","2025-12-17","Parking","İspark","otopark","180.00","1.00","₺","2025-12-29 13:04:20","2025-12-29 13:04:20","1","30.00",NULL,NULL
"1975","2025-12-27","Coffee","Colombia","2 çay","150.00","1.00","₺","2025-12-29 13:09:20","2025-12-29 13:09:20","1","13.64",NULL,NULL
"1976","2025-12-26","Bills","Sepaş","elektrik faturası.","243.00","1.00","₺","2025-12-29 13:27:25","2025-12-29 13:27:25","0",NULL,NULL,NULL
"1977","2025-11-10","Bills","Türk Telekom","Telefon Faturası","234.00","1.00","₺","2025-12-29 13:30:30","2025-12-29 13:30:30","1",NULL,NULL,NULL
"1978","2025-12-15","Bills","İzgaz","doğalgaz faturası","300.00","1.00","₺","2025-12-29 13:47:52","2025-12-29 13:47:52","0",NULL,NULL,NULL
"1979","2025-12-21","Savings","Türkiye Sigorta","50$ hayat sigortası birikimi.","2139.71","1.00","₺","2025-12-29 13:49:28","2025-12-29 13:49:28","0",NULL,NULL,NULL
"1980","2025-12-16","Bills","Amazon","Amazon Prime üyeliği.","69.90","1.00","₺","2025-12-29 13:51:03","2025-12-29 13:55:54","0",NULL,NULL,NULL
"1981","2025-11-16","Bills","Amazon","Amazon Prime üyeliği.","49.90","1.00","₺","2025-12-29 13:52:03","2025-12-29 13:56:39","0",NULL,NULL,NULL
"1982","2025-10-16","Bills","Amazon","Amazon Prime üyeliği.","49.90","1.00","₺","2025-12-29 13:53:57","2025-12-29 13:56:19","0",NULL,NULL,NULL
"1983","2025-09-16","Bills","Amazon","Amazon Prime üyeliği.","49.90","1.00","₺","2025-12-29 13:54:41","2025-12-29 13:55:27","0",NULL,NULL,NULL
"1984","2025-07-16","Bills","Amazon","Amazon Prime üyeliği.","49.90","1.00","₺","2025-12-29 13:58:07","2025-12-29 13:58:07","0",NULL,NULL,NULL
"1985","2025-06-16","Bills","Amazon","Amazon Prime üyeliği.","49.90","1.00","₺","2025-12-29 13:58:26","2025-12-29 13:58:26","0",NULL,NULL,NULL
"1986","2025-05-16","Bills","Amazon","Amazon Prime üyeliği.","39.00","1.00","₺","2025-12-29 13:59:23","2025-12-29 13:59:23","0",NULL,NULL,NULL
"1987","2025-04-16","Bills","Amazon","Amazon Prime üyeliği.","39.00","1.00","₺","2025-12-29 13:59:44","2025-12-29 13:59:44","0",NULL,NULL,NULL
"1988","2025-03-16","Bills","Amazon","Amazon Prime üyeliği.","39.00","1.00","₺","2025-12-29 14:00:21","2025-12-29 14:00:21","0",NULL,NULL,NULL
"1989","2025-01-16","Bills","Amazon","Amazon Prime üyeliği.","39.00","1.00","₺","2025-12-29 14:00:55","2025-12-29 14:00:55","0",NULL,NULL,NULL
"1990","2024-12-16","Bills","Amazon","Amazon Prime üyeliği.","39.00","1.00","₺","2025-12-29 14:01:48","2025-12-29 14:01:48","0",NULL,NULL,NULL
"1991","2024-12-21","Bills","Netflix","Netflix abonelik ücreti.","299.99","1.00","₺","2025-12-29 14:03:06","2025-12-29 14:03:06","0",NULL,NULL,NULL
"1992","2025-01-21","Bills","Netflix","Netflix abonelik ücreti.","299.99","1.00","₺","2025-12-29 14:06:08","2025-12-29 14:06:08","0",NULL,NULL,NULL
"1993","2025-02-21","Bills","Netflix","Netflix abonelik ücreti.","299.99","1.00","₺","2025-12-29 14:07:16","2025-12-29 14:07:16","0",NULL,NULL,NULL
"1994","2025-04-21","Bills","Netflix","Netflix abonelik ücreti.","299.99","1.00","₺","2025-12-29 14:09:10","2025-12-29 14:09:10","0",NULL,NULL,NULL
"1995","2025-05-21","Bills","Netflix","Netflix abonelik ücreti.","299.99","1.00","₺","2025-12-29 14:10:24","2025-12-29 14:10:24","0",NULL,NULL,NULL
"1996","2025-06-21","Bills","Netflix","Netflix abonelik ücreti.","299.99","1.00","₺","2025-12-29 14:11:14","2025-12-29 14:11:14","0",NULL,NULL,NULL
"1997","2025-09-21","Bills","Netflix","Netflix abonelik ücreti.","379.99","1.00","₺","2025-12-29 14:13:18","2025-12-29 14:13:18","0",NULL,NULL,NULL
"1998","2025-10-21","Bills","Netflix","Netflix abonelik ücreti.","379.99","1.00","₺","2025-12-29 14:14:14","2025-12-29 14:14:14","0",NULL,NULL,NULL
"1999","2025-12-21","Bills","Netflix","Netflix abonelik ücreti.","379.99","1.00","₺","2025-12-29 14:15:44","2025-12-29 14:15:44","0",NULL,NULL,NULL
"2000","2025-12-17","Alcohol","Fil","Bira","225.00","1.00","₺","2025-12-29 15:01:46","2025-12-29 15:01:46","1","20.45",NULL,NULL
"2001","2025-12-21","Parking","41Burada AVM","otopark","120.00","1.00","₺","2025-12-29 15:03:49","2025-12-29 15:03:49","1","20.00",NULL,NULL
"2002","2025-12-20","Alcohol","Migros","bira ve mint şeker","252.33","1.00","₺","2025-12-29 15:04:55","2025-12-29 15:04:55","0",NULL,NULL,NULL
"2003","2025-12-16","Meal","Avşarbey","yiyecek","225.00","1.00","₺","2025-12-29 15:05:31","2025-12-29 15:05:31","1","20.45",NULL,NULL
"2004","2025-12-11","Coffee","Starbucks","kahve sandviç","295.00","1.00","₺","2025-12-29 15:06:29","2025-12-29 15:06:29","1","26.82",NULL,NULL
"2005","2025-12-10","Coffee","Starbucks","kahve sandviç","463.00","1.00","₺","2025-12-29 15:07:59","2025-12-29 15:07:59","1","42.09",NULL,NULL
"2006","2025-12-13","Market","File","Simit Kruvasan","299.25","1.00","₺","2025-12-29 15:09:22","2025-12-29 15:09:22","1","2.96",NULL,NULL
"2007","2025-12-13","Meal","Asmalı Pera","Filiz Yeşim ben yemek.","1260.00","1.00","₺","2025-12-29 15:10:37","2025-12-29 15:10:37","1","114.55",NULL,NULL
"2008","2025-12-12","Meal","McDonalds","köfteburger","150.00","1.00","₺","2025-12-29 15:11:30","2025-12-29 15:11:30","1","13.64",NULL,NULL
"2009","2026-01-02","Bills","İSU","Su faturası.","206.00","1.00","₺","2025-12-29 15:20:43","2025-12-29 15:20:43","0",NULL,NULL,NULL
"2010","2025-12-10","Collection","Migros","Post Öykü","80.00","1.00","₺","2025-12-29 15:23:18","2025-12-29 15:23:18","0",NULL,NULL,NULL
"2011","2025-12-10","Alcohol","Migros","2 blanc","213.60","1.00","₺","2025-12-29 15:23:45","2025-12-29 15:23:45","0",NULL,NULL,NULL
"2012","2025-12-12","Fuel","Opet","49,82lt x 54,8₺","2730.00","1.00","₺","2025-12-29 15:25:10","2025-12-29 15:25:10","0","455.00",NULL,NULL
"2013","2025-12-13","Fuel","Başyıldız","16,44lt x 54,8₺","900.91","1.00","₺","2025-12-29 15:26:20","2025-12-29 15:26:20","1","150.15",NULL,NULL
"2014","2025-12-27","Meal","Kaşık Gıda","içecek","750.00","1.00","₺","2025-12-29 15:28:22","2025-12-29 15:28:22","1","68.18",NULL,NULL
"2015","2025-12-28","Meal","Avşarbey","Yoğurtlu tantuni","200.00","1.00","₺","2025-12-29 15:29:18","2025-12-29 15:29:18","1","18.18",NULL,NULL
"2016","2025-12-26","Meal","Bülent Taş","pilav üstü tavuk.","135.00","1.00","₺","2025-12-29 15:30:05","2025-12-29 15:30:05","1","0.00",NULL,NULL
"2017","2025-12-27","Coffee","Starbucks","Amerikano","135.00","1.00","₺","2025-12-29 15:30:45","2025-12-29 15:30:45","1","12.27",NULL,NULL
"2018","2025-12-28","Alcohol","262Live","2 bira","400.00","1.00","₺","2025-12-29 15:31:23","2025-12-29 15:31:23","1","36.36",NULL,NULL
"2019","2025-12-28","Parking","Ulaşımpark","otopark","50.00","1.00","₺","2025-12-29 15:32:25","2025-12-29 15:32:25","1","8.33",NULL,NULL
"2020","2025-12-14","Coffee","Starbucks","Amerikano","145.00","1.00","₺","2025-12-29 15:32:57","2025-12-29 15:32:57","1","13.18",NULL,NULL
"2021","2025-12-13","Parking","Şişhane","otopark","450.00","1.00","₺","2025-12-29 15:33:39","2025-12-29 15:33:39","1","75.00",NULL,NULL
"2022","2025-12-13","Market","Market","abur cubur","85.00","1.00","₺","2025-12-29 15:34:35","2025-12-29 15:34:35","0",NULL,NULL,NULL
"2023","2025-12-12","Coffee","Costai","içecek","415.00","1.00","₺","2025-12-29 15:36:09","2025-12-29 15:36:09","1","37.73",NULL,NULL
"2024","2025-12-12","Meal","Alaçatı","Kahvaltı","1000.00","1.00","₺","2025-12-29 15:37:22","2025-12-29 15:37:22","1","90.91",NULL,NULL
"2025","2025-12-06","Meal","Kapadokya Kebapzade","Annemlerin yediği yemek.","1775.00","1.00","₺","2025-12-29 15:38:40","2025-12-29 15:38:40","1","161.36",NULL,NULL
"2026","2025-12-29","Market","File","Market alışverişi","1649.53","1.00","₺","2025-12-30 16:27:12","2025-12-30 16:27:12","0",NULL,NULL,NULL
"2027","2025-12-31","Market","Market","Abur cubur","220.00","1.00","₺","2025-12-31 12:35:00","2025-12-31 12:35:00","0",NULL,NULL,NULL
"2028","2025-12-30","Alcohol","262Live","2 bira","400.00","1.00","₺","2025-12-31 12:35:16","2025-12-31 12:35:16","0",NULL,NULL,NULL
"2029","2025-12-30","Meal","Zenka","Filiz ile lahmacun ve tatlı.","1060.00","1.00","₺","2025-12-31 12:35:53","2025-12-31 12:35:53","1","96.38",NULL,NULL
"2030","2025-12-31","Alcohol","Migros","100'lük cin.","1175.00","1.00","₺","2025-12-31 16:28:36","2025-12-31 16:28:36","0",NULL,NULL,NULL
"2031","2025-12-31","Digital Asset","GoDaddy","mahiryildizhan.com adresi 5 yıllık uzatma bedeli.","3120.96","1.00","₺","2025-12-31 16:29:13","2025-12-31 16:29:13","1",NULL,NULL,NULL
"2032","2025-12-31","Electrical Material","Tomzn Türkiye","2 adet akım gerilim koruma rölesi temini.","2478.00","1.00","₺","2025-12-31 16:30:40","2025-12-31 16:30:40","1",NULL,NULL,NULL
"2033","2025-12-31","Hobby","Hakikat Kırtasiye","2026 ajandası","350.00","1.00","₺","2025-12-31 16:31:46","2025-12-31 16:31:46","1","31.82",NULL,NULL
"2034","2025-12-31","Market","Onyaka","Market alışverişi","220.12","1.00","₺","2025-12-31 16:32:23","2025-12-31 16:32:23","0",NULL,NULL,NULL
"2035","2025-12-31","Alcohol","262Live","Yılbaşı için 262'ye giriş bedeli.","500.00","1.00","₺","2025-12-31 16:50:00","2025-12-31 16:50:00","0",NULL,NULL,NULL
"2036","2025-12-31","Savings","BinanceTR","otomatik yatırım.","1000.00","1.00","₺","2025-12-31 17:35:56","2025-12-31 17:35:56","0",NULL,NULL,NULL
"2037","2025-12-31","Alcohol","262Live","Yılbaşı gecesi içtiklerimin bedeli.","1200.00","1.00","₺","2026-01-01 12:55:01","2026-01-01 12:55:01","0",NULL,NULL,NULL
"2038","2026-01-01","Collection","Amazon","Dragon ball 19 - 20","240.00","1.00","₺","2026-01-01 13:54:20","2026-01-01 13:54:20","0",NULL,NULL,NULL
"2039","2026-01-01","Clothes","Amazon","2 tshirt 2 çarşaf","861.22","1.00","₺","2026-01-01 13:55:39","2026-01-01 13:55:39","0",NULL,NULL,NULL
"2040","2026-01-02","Digital Asset","GoDaddy","Life App 41 alan adının 2 yıllık satın alımı.","702.67","1.00","₺","2026-01-02 13:27:12","2026-01-02 13:27:12","0",NULL,NULL,NULL
"2041","2026-01-04","Savings","BinanceTR","Otomatik yatırım.","750.00","1.00","₺","2026-01-04 21:51:35","2026-01-04 21:51:35","0",NULL,NULL,NULL
"2042","2026-01-03","Coffee","Opet","Benzinlikten makine kahvesi aldım.","85.00","1.00","₺","2026-01-04 22:41:25","2026-01-04 22:41:25","0",NULL,NULL,NULL
"2043","2026-01-02","Meal","Çınarlatı Künefe","Eraylarla künefe","1332.00","1.00","₺","2026-01-04 22:42:05","2026-01-04 22:42:05","1","121.09",NULL,NULL
"2044","2026-01-03","Meal","Burger Amca","Akşam yemeği.","470.00","1.00","₺","2026-01-04 22:42:41","2026-01-04 22:42:41","1","42.73",NULL,NULL
"2045","2026-01-01","Transportation","Taksi","Yılbaşı gecesi taksi ile kaptana dönüş.","324.68","1.00","₺","2026-01-05 16:38:50","2026-01-05 16:38:50","0",NULL,NULL,NULL
"2046","2026-01-01","Meal","Yakamoz","Yoğurtlu tantuni.","220.00","1.00","₺","2026-01-05 16:40:23","2026-01-05 16:40:23","1","20.00",NULL,NULL
"2047","2026-01-02","Market","Migros","Market alışverişi.","217.90","1.00","₺","2026-01-05 16:41:06","2026-01-05 16:41:06","0",NULL,NULL,NULL
"2048","2026-01-02","Meal","Makarnam","Tavuklu makarna ayran.","240.00","1.00","₺","2026-01-05 16:41:47","2026-01-05 16:41:47","1","21.82",NULL,NULL
"2049","2026-01-03","Meal","Çınarlatı Künefe","Melike'lerle künefe.","954.00","1.00","₺","2026-01-05 16:42:49","2026-01-05 16:42:49","1","86.73",NULL,NULL
"2050","2026-01-07","Savings","BinanceTR","otomatik yatırım.","960.00","1.00","₺","2026-01-07 23:25:59","2026-01-07 23:25:59","0",NULL,NULL,NULL
"2051","2026-01-08","Hobby","TangoPort","Milonga giriş ücreti","350.00","1.00","₺","2026-01-09 10:45:53","2026-01-09 10:46:09","0",NULL,NULL,NULL
"2052","2026-01-10","Savings","BinanceTR","Otomatik yatırım","930.00","1.00","₺","2026-01-10 17:25:00","2026-01-10 17:25:00","0",NULL,NULL,NULL
"2053","2026-01-10","Savings","Acil Durum Hesabı","Acil durumlar için hesaba transfer.","300.00","1.00","₺","2026-01-10 17:26:24","2026-01-10 17:26:24","0",NULL,NULL,NULL
"2054","2026-01-11","Coffee","Doco Petrol","Amerikano","75.00","1.00","₺","2026-01-11 11:23:55","2026-01-11 11:23:55","1",NULL,NULL,NULL
"2055","2026-01-10","Market","Benzinlik","abur cubur","95.00","1.00","₺","2026-01-11 11:24:23","2026-01-11 11:24:23","0",NULL,NULL,NULL
"2056","2026-01-10","Alcohol","262Live","Nazlı ile 2 bira bir kokteyl","660.00","1.00","₺","2026-01-11 11:24:53","2026-01-11 11:24:53","0",NULL,NULL,NULL
"2057","2025-12-09","Savings","Acil Durum Hesabı","Acil durumlar için hesaba transfer.","500.00","1.00","₺","2026-01-11 11:30:31","2026-01-11 11:30:31","0",NULL,NULL,NULL
"2058","2025-12-24","Savings","Acil Durum Hesabı","Acil durumlar için hesaba transfer.","500.00","1.00","₺","2026-01-11 11:30:45","2026-01-11 11:30:45","0",NULL,NULL,NULL
"2059","2026-01-12","Market","Görpet","abur cubur","60.00","1.00","₺","2026-01-13 14:18:29","2026-01-13 14:18:29","0",NULL,NULL,NULL
"2060","2026-01-12","Alcohol","262Live","3 bira","700.00","1.00","₺","2026-01-13 14:18:48","2026-01-13 14:18:48","0",NULL,NULL,NULL
"2061","2026-01-07","Fuel","Görpet","46,53lt x 53,19₺","2474.93","1.00","₺","2026-01-13 14:19:41","2026-01-13 14:19:41","1","412.49",NULL,NULL
"2062","2026-01-13","Fuel","Görpet","43,51lt x 52,99₺","2305.59","1.00","₺","2026-01-13 14:32:44","2026-01-13 14:32:44","1","384.27",NULL,NULL
"2063","2026-01-06","Fuel","Başyıldız","9,35lt x 53,46₺","500.00","1.00","₺","2026-01-13 14:35:10","2026-01-13 14:35:10","1","83.33",NULL,NULL
"2064","2026-01-13","Digital Asset","GoDaddy","vita41 uygulaması için alan adı satın alımı.","1016.38","1.00","₺","2026-01-13 14:37:09","2026-01-13 14:37:09","1",NULL,NULL,NULL
"2065","2026-01-13","Savings","BinanceTR","Otomatik yatırım.","620.00","1.00","₺","2026-01-13 14:46:21","2026-01-13 14:46:21","0",NULL,NULL,NULL
"2066","2026-01-13","Barber","Murat Söyük","Tıraş parası","800.00","1.00","₺","2026-01-14 06:39:34","2026-01-14 06:39:52","0",NULL,NULL,NULL
"2067","2026-01-13","Market","A101","Market alışverişi","1455.38","1.00","₺","2026-01-14 10:10:43","2026-01-14 10:10:43","0",NULL,NULL,NULL
"2068","2026-01-14","Alcohol","Market","2 blanc kutu","216.00","1.00","₺","2026-01-14 18:48:53","2026-01-14 18:48:53","0",NULL,NULL,NULL
"2069","2026-01-14","Alcohol","Rocknrolla","1 casberg fıçı","166.00","1.00","₺","2026-01-14 18:58:57","2026-01-14 18:58:57","0",NULL,NULL,NULL
"2070","2026-01-14","Hobby","Milonga Qerida","Giriş ücreti","400.00","1.00","₺","2026-01-14 19:03:25","2026-01-15 18:05:57","0",NULL,NULL,NULL
"2071","2026-01-15","Market","A101","Cips baharat çerez.","277.50","1.00","₺","2026-01-15 18:05:44","2026-01-15 18:05:44","0",NULL,NULL,NULL
"2072","2026-01-16","Savings","BinanceTR","Otomatik yatırım","930.00","1.00","₺","2026-01-16 10:52:34","2026-01-16 10:52:34","0",NULL,NULL,NULL
"2073","2026-01-19","Savings","BinanceTR","Otomatik yatırım.","930.00","1.00","₺","2026-01-19 10:23:40","2026-01-19 10:23:40","0",NULL,NULL,NULL
"2074","2026-01-19","Market","Benzimlik","Ozmo süpriz yumurta","45.00","1.00","₺","2026-01-19 10:32:25","2026-01-19 10:32:25","0",NULL,NULL,NULL
"2075","2025-12-22","Bills","Türk Telekom","Aralık Telefon Faturası","411.50","1.00","₺","2026-01-19 10:40:09","2026-02-16 11:31:27","1",NULL,NULL,"0"
"2076","2025-12-26","Transportation","HGS","HGS otomatik yükleme.","400.00","1.00","₺","2026-01-19 10:41:24","2026-01-19 10:41:24","0",NULL,NULL,NULL
"2077","2025-12-19","Transportation","HGS","HGS otomatik yükleme.","400.00","1.00","₺","2026-01-19 10:42:48","2026-01-19 10:42:48","0",NULL,NULL,NULL
"2078","2025-12-13","Transportation","HGS","HGS otomatik yükleme.","400.00","1.00","₺","2026-01-19 10:44:34","2026-01-19 10:44:34","0",NULL,NULL,NULL
"2079","2025-12-11","Transportation","HGS","HGS otomatik yükleme.","400.00","1.00","₺","2026-01-19 10:44:44","2026-01-19 10:44:44","0",NULL,NULL,NULL
"2080","2026-01-17","Alcohol","262Live","2 fıçı","460.00","1.00","₺","2026-01-19 11:25:09","2026-01-19 11:25:09","0",NULL,NULL,NULL
"2081","2026-01-13","Digital Asset","Apple","Storytel Yıllık abonelik yenileme.","1199.99","1.00","₺","2026-01-19 11:28:04","2026-01-19 11:28:04","0",NULL,NULL,NULL
"2082","2026-01-15","Savings","Allianz","BES yatırım.","3000.00","1.00","₺","2026-01-19 11:28:33","2026-01-19 11:28:33","0",NULL,NULL,NULL
"2083","2026-01-11","Transportation","HGS","HGS otomatik yükleme.","400.00","1.00","₺","2026-01-19 11:28:52","2026-01-19 11:28:52","0",NULL,NULL,NULL
"2084","2026-01-16","Hobby","Apple","Mu Online first top-up.","124.99","1.00","₺","2026-01-19 11:29:51","2026-01-19 11:29:51","0",NULL,NULL,NULL
"2085","2026-01-16","Bills","İzgaz","doğalgaz faturası","1126.00","1.00","₺","2026-01-19 11:30:24","2026-01-19 11:30:24","0",NULL,NULL,NULL
"2086","2026-01-16","Bills","Apple","2TB üyelik.","399.99","1.00","₺","2026-01-19 11:31:04","2026-02-16 10:25:24","0",NULL,NULL,"0"
"2087","2026-01-16","Bills","Amazon","Amazon Prime üyeliği.","69.90","1.00","₺","2026-01-19 11:31:55","2026-01-19 11:31:55","0",NULL,NULL,NULL
"2088","2026-01-19","Meal","Starbucks","Sandviç ve su.","240.00","1.00","₺","2026-01-19 13:06:38","2026-01-19 13:06:38","1","21.82",NULL,NULL
"2089","2026-01-19","Collection","Migros","Post Öykü","150.00","1.00","₺","2026-01-19 13:34:06","2026-01-19 13:34:06","0",NULL,NULL,NULL
"2090","2026-01-20","Fuel","Opet","47,86lt x 54,33₺","2600.00","1.00","₺","2026-01-20 10:01:15","2026-01-20 10:01:27","1","433.33",NULL,NULL
"2091","2026-01-20","Market","Benzinlik","Abur cubur","105.00","1.00","₺","2026-01-20 11:45:48","2026-01-20 11:45:48","0",NULL,NULL,NULL
"2092","2026-01-19","Alcohol","262Live","1 bira","230.00","1.00","₺","2026-01-20 11:46:12","2026-01-20 11:46:12","0",NULL,NULL,NULL
"2093","2026-01-21","Health","Allianz","Yıllık TSS ödemesi. 3 taksitle ödeyeceğim.","30784.00","1.00","₺","2026-01-21 22:01:47","2026-01-21 22:01:47","0",NULL,NULL,NULL
"2094","2026-01-22","Savings","BinanceTR","Otomatik yatırım.","1395.00","1.00","₺","2026-01-22 09:35:02","2026-01-22 09:35:02","0",NULL,NULL,NULL
"2095","2026-01-20","Coffee","Cafferino","amerikano","185.00","1.00","₺","2026-01-22 09:51:11","2026-01-22 09:51:11","1","16.82",NULL,NULL
"2096","2026-01-26","Bills","Sepaş","Elektrik faturası.","271.00","1.00","₺","2026-01-22 09:52:51","2026-01-22 09:52:51","0",NULL,NULL,NULL
"2097","2026-01-16","Electrical Material","Salı Pazarı","Elektrik malzemeleri için kutu.","120.00","1.00","₺","2026-01-22 10:03:17","2026-01-22 10:03:17","0",NULL,NULL,NULL
"2098","2026-01-21","Market","Akmar","Market alışverişi.","384.57","1.00","₺","2026-01-22 10:04:11","2026-01-22 10:04:11","0",NULL,NULL,NULL
"2099","2026-01-17","Meal","Yakamoz","Yoğurtlu tantuni.","200.00","1.00","₺","2026-01-22 10:04:56","2026-01-22 10:04:56","1","18.18",NULL,NULL
"2100","2026-01-19","Meal","Pilavcı Baba","Pilav tavuk.","170.00","1.00","₺","2026-01-22 10:07:24","2026-01-22 10:07:24","1","15.45",NULL,NULL
"2101","2026-01-16","Meal","Antikkapı","Nazlı ile kruvasan kahve.","310.00","1.00","₺","2026-01-22 10:09:10","2026-01-22 10:09:17","1","28.18",NULL,NULL
"2102","2026-01-16","Meal","Alkan Catering","Öğle yemeği.","640.00","1.00","₺","2026-01-22 10:10:46","2026-01-22 10:10:46","1","58.18",NULL,NULL
"2103","2026-01-18","Meal","Antikkapı","Nazlı ile kahvaltı.","655.00","1.00","₺","2026-01-22 10:11:49","2026-01-22 10:11:49","1","59.55",NULL,NULL
"2104","2026-01-16","Market","File","Market alışverişi.","916.30","1.00","₺","2026-01-22 10:13:19","2026-01-22 10:13:19","0",NULL,NULL,NULL
"2105","2026-01-05","Meal","Yakamoz","Yoğurtlu yemek.","300.00","1.00","₺","2026-01-22 10:14:47","2026-01-22 10:14:47","1","27.27",NULL,NULL
"2106","2026-01-01","Meal","Bodrum Gurme","içecek.","950.00","1.00","₺","2026-01-22 10:16:40","2026-01-22 10:16:40","1","86.36",NULL,NULL
"2107","2026-01-08","Parking","Dophin Otopark","otopark.","200.00","1.00","₺","2026-01-22 10:17:27","2026-01-22 10:17:32","1","33.33",NULL,NULL
"2108","2026-01-08","Meal","McDonalds","Nazlı ile öğle yemeği.","452.00","1.00","₺","2026-01-22 10:19:29","2026-01-22 10:19:29","1","41.09",NULL,NULL
"2109","2026-01-06","Meal","Makarnam","Nazlı ile akşam yemeği.","410.00","1.00","₺","2026-01-22 10:20:42","2026-01-22 10:20:42","1","37.27",NULL,NULL
"2110","2026-01-20","Alcohol","Castle Iris Pub","Dans Dans ekibiyle oturma 2 blanc","660.00","1.00","₺","2026-01-22 10:24:19","2026-01-22 10:24:19","0",NULL,NULL,NULL
"2111","2026-01-20","Coffee","Cafferino","Ozan abi ile çay ve magnolia.","370.00","1.00","₺","2026-01-22 10:25:06","2026-01-22 10:25:06","1","33.64",NULL,NULL
"2112","2026-01-08","Parking","İspark","otopark","140.00","1.00","₺","2026-01-22 10:46:45","2026-01-22 10:46:45","1","23.33",NULL,NULL
"2113","2026-01-13","Meal","Salash Burger","Filiz ile burger.","537.00","1.00","₺","2026-01-22 10:48:00","2026-01-22 10:48:00","1","48.82",NULL,NULL
"2114","2026-01-05","Market","Onyaka","Market alışverişi","612.19","1.00","₺","2026-01-22 10:48:49","2026-01-22 10:48:49","0",NULL,NULL,NULL
"2115","2026-01-07","Coffee","Starbucks","3 tane amerikano","450.00","1.00","₺","2026-01-22 10:49:34","2026-01-22 10:49:34","1","40.91",NULL,NULL
"2116","2026-01-13","Coffee","Aıcha Restoran","Cafe latte","215.00","1.00","₺","2026-01-22 10:50:36","2026-01-22 10:50:36","1","19.55",NULL,NULL
"2117","2026-01-08","Meal","Fiççi House","Yeşim ile akşam yemeği.","890.00","1.00","₺","2026-01-22 10:51:25","2026-01-22 10:51:25","1","80.91",NULL,NULL
"2118","2026-01-07","Alcohol","262Live","2 bira (meze)","460.00","1.00","₺","2026-01-22 11:21:04","2026-01-22 11:21:04","1","41.82",NULL,NULL
"2119","2026-01-09","Coffee","M2 Gıda","içecek","395.00","1.00","₺","2026-01-22 11:22:52","2026-01-22 11:22:52","1","35.91",NULL,NULL
"2120","2026-01-11","Meal","Köfteci Yusuf","Burger","240.00","1.00","₺","2026-01-22 11:23:36","2026-01-22 11:23:36","1","21.82",NULL,NULL
"2121","2026-01-11","Meal","Köfteci Yusuf","Annemler için tatlı","170.00","1.00","₺","2026-01-22 11:24:14","2026-01-22 11:24:14","1","15.45",NULL,NULL
"2122","2026-01-08","Coffee","Starbucks","Amerikano ve latte","325.00","1.00","₺","2026-01-22 11:25:44","2026-01-22 11:25:44","1","29.55",NULL,NULL
"2123","2026-01-07","Coffee","Starbucks","Amerikano ve latte","365.00","1.00","₺","2026-01-22 11:26:35","2026-01-22 11:26:35","1","33.18",NULL,NULL
"2124","2026-01-08","Benefaction","Playland","Kıvanç için oyuncaklara kart yükleme.","200.00","1.00","₺","2026-01-22 11:40:44","2026-01-22 11:40:44","0",NULL,NULL,NULL
"2125","2026-01-24","Alcohol","262Live","2 bira","490.00","1.00","₺","2026-01-25 07:37:27","2026-01-25 07:37:27","0",NULL,NULL,NULL
"2126","2026-01-25","Market","benzinlik","Eti Karam","35.00","1.00","₺","2026-01-26 12:31:25","2026-01-26 12:31:25","0",NULL,NULL,NULL
"2127","2026-01-22","Meal","Avşarbey","Çiğ Köfte","120.00","1.00","₺","2026-01-26 12:32:02","2026-01-26 12:32:02","1","10.91",NULL,NULL
"2128","2026-01-23","Meal","Avşarbey","Yoğurtlu tantuni","200.00","1.00","₺","2026-01-26 12:32:49","2026-01-26 12:32:49","1","18.18",NULL,NULL
"2129","2026-01-26","Fuel","Görpet","46,39lt x 53,88₺","2499.49","1.00","₺","2026-01-26 13:03:50","2026-01-26 13:03:50","1","416.58",NULL,NULL
"2130","2025-12-26","Bills","Gürkan Öztaban","Muhasebeci ücreti","1500.00","1.00","₺","2026-01-26 13:09:16","2026-01-26 13:09:16","1","250.00",NULL,NULL
"2131","2026-01-26","Bills","Gürkan Öztaban","Muhasebeci ücreti","2000.00","1.00","₺","2026-01-26 13:11:10","2026-01-26 13:11:10","1","333.33",NULL,NULL
"2132","2026-01-26","Tax-Penalty Charge","Devlet","Devlete ödenen KDV vergisi.","791.00","1.00","₺","2026-01-26 13:13:04","2026-01-26 13:13:04","0",NULL,NULL,NULL
"2133","2026-01-26","Tax-Penalty Charge","Devlet","Stopaj vergisi","1239.70","1.00","₺","2026-01-26 13:13:37","2026-01-26 13:13:37","0",NULL,NULL,NULL
"2134","2026-01-26","Savings","SGK","Bağkur ödemesi","7736.63","1.00","₺","2026-01-26 13:14:42","2026-01-26 13:14:42","1",NULL,NULL,NULL
"2135","2026-01-28","Hobby","Qerida","milonga giriş ücreti.","400.00","1.00","₺","2026-01-29 13:09:45","2026-01-29 13:09:45","0",NULL,NULL,"0"
"2136","2026-01-26","Savings","BinanceTR","otomatik yatırım.","2170.00","1.00","₺","2026-01-29 13:18:22","2026-01-29 13:18:22","0",NULL,NULL,"0"
"2137","2026-01-28","Alcohol","RocknRolla","2 bira bir çörçil","410.00","1.00","₺","2026-01-29 13:19:10","2026-01-29 13:19:10","0",NULL,NULL,"0"
"2138","2026-01-30","Market","File","Market alışverişi","221.89","1.00","₺","2026-01-30 07:28:32","2026-01-30 07:28:32","0",NULL,NULL,"0"
"2139","2026-01-30","Savings","Acil Durum Hesabı","Acil durumlar için hesaba transfer.","200.00","1.00","₺","2026-01-30 11:12:35","2026-01-30 11:12:35","0",NULL,NULL,"0"
"2140","2026-01-27","Coffee","Gölkenarı Gıda","2 su","70.00","1.00","₺","2026-01-30 11:15:36","2026-01-30 11:15:36","0",NULL,NULL,"0"
"2141","2026-02-03","Market","Benzinlik","abur cubur","182.00","1.00","₺","2026-02-04 13:09:02","2026-02-04 13:09:02","0",NULL,NULL,"0"
"2142","2026-01-31","Clothes","Metro","Kışlık bot ayakkabı","849.90","1.00","₺","2026-02-04 13:09:51","2026-02-04 13:09:51","0",NULL,NULL,"0"
"2143","2026-01-31","Alcohol","Metro","Smirnoff North ve 1 bira","1250.00","1.00","₺","2026-02-04 13:10:28","2026-02-04 13:11:03","0",NULL,NULL,"0"
"2144","2026-02-01","Women","Takıcı","Nazlı için bakır bileklik hediye.","300.00","1.00","₺","2026-02-04 13:14:32","2026-02-04 13:14:32","0",NULL,NULL,"0"
"2145","2026-01-31","Alcohol","CSO","CSO içinde 1 bira içtim.","250.00","1.00","₺","2026-02-04 13:16:54","2026-02-04 13:16:54","0",NULL,NULL,"0"
"2146","2026-01-31","Collection","Anıtkabir","Anıtkabir hatırası kartpostal.","50.00","1.00","₺","2026-02-04 13:17:42","2026-02-04 13:17:42","0",NULL,NULL,"0"
"2147","2026-01-29","Alcohol","262Live","1 bira","230.00","1.00","₺","2026-02-04 13:18:36","2026-02-04 13:18:36","0",NULL,NULL,"0"
"2148","2026-02-05","Alcohol","262Live","2 bira","460.00","1.00","₺","2026-02-06 11:38:03","2026-02-06 11:38:03","0",NULL,NULL,"0"
"2149","2026-02-05","Women","262Live","3 north shot","510.00","1.00","₺","2026-02-06 11:38:56","2026-02-06 11:38:56","0",NULL,NULL,"0"
"2150","2026-02-04","Coffee","Starbucks","Amerikano","150.00","1.00","₺","2026-02-07 16:19:08","2026-02-07 16:19:08","0",NULL,NULL,"0"
"2152","2026-02-13","Bills","İzgaz","doğalgaz faturası","731.00","1.00","₺","2026-02-09 00:41:10","2026-02-09 00:41:10","0",NULL,NULL,"0"
"2153","2026-02-04","Hobby","Royal Petshop","Çipil için balık yemi.","100.00","1.00","₺","2026-02-09 00:42:09","2026-02-09 00:42:09","0",NULL,NULL,"0"
"2154","2026-01-31","Hobby","CSO Ankara","Ankara'daki milonga girişi.","350.00","1.00","₺","2026-02-09 00:43:32","2026-02-09 00:43:32","0",NULL,NULL,"0"
"2155","2026-02-02","Market","File","Market alışverişi","1278.04","1.00","₺","2026-02-09 00:44:02","2026-02-09 00:44:02","0",NULL,NULL,"0"
"2156","2026-02-06","Meal","Cadı Evi","Melike ve Nazlı ile tatlıcıda tatlı.","1560.00","1.00","₺","2026-02-09 00:45:28","2026-02-09 00:45:28","1","141.82",NULL,"0"
"2157","2026-01-30","Meal","Komagene","çiğ köfte","280.00","1.00","₺","2026-02-09 00:46:25","2026-02-09 00:46:25","1","25.45",NULL,"0"
"2158","2025-12-31","Market","Starbucks","Eray Filiz Yeşim'le kahve.","475.00","1.00","₺","2026-02-09 00:47:42","2026-02-09 00:47:42","1","43.18",NULL,"1"
"2159","2026-01-31","Coffee","Starbucks","Kahve ortaklaşa payıma düşen.","118.75","1.00","₺","2026-02-09 00:48:39","2026-02-09 00:48:39","0",NULL,NULL,"0"
"2160","2026-02-02","Meal","Tavuk Dünyası","Nazlı ile öğlen yemeği.","815.00","1.00","₺","2026-02-09 01:05:05","2026-02-09 01:05:05","1","74.09",NULL,"0"
"2161","2026-01-30","Market","Onyaka","Market alışverişi","510.59","1.00","₺","2026-02-09 01:06:03","2026-02-09 01:06:03","0",NULL,NULL,"0"
"2162","2026-01-26","Meal","Londra Farma İlaç Gıda","yiyecek.","500.00","1.00","₺","2026-02-09 01:07:18","2026-02-09 01:07:18","1","45.45",NULL,"0"
"2163","2025-12-30","Meal","Avşarbey","yoğurtlu tantuni","200.00","1.00","₺","2026-02-09 01:08:10","2026-02-09 01:08:10","1","18.18",NULL,"0"
"2164","2026-01-27","Meal","Gölkenarı Gıda","Burger ve tost Nazlı ile.","800.00","1.00","₺","2026-02-09 01:09:33","2026-02-09 16:02:42","1","72.73",NULL,"0"
"2165","2026-01-31","Meal","VKN: 6191321613 Meşhur Ferhat Karataş Lokanta","Boşveer ekibi ile yemek.","3270.00","1.00","₺","2026-02-09 01:11:53","2026-02-09 01:11:53","1","297.27",NULL,"1"
"2166","2026-02-01","Coffee","VKN: 6270264662 Eskiydi Cafe","Boşveer ekibi ile kahve.","725.00","1.00","₺","2026-02-09 01:14:07","2026-02-09 01:14:07","1","65.91",NULL,"1"
"2167","2026-02-01","Hobby","Kelime Müzesi","Müze giriş ücreti.","150.00","1.00","₺","2026-02-09 01:15:05","2026-02-09 01:15:05","0",NULL,NULL,"0"
"2168","2026-02-01","Meal","VKN: 7640875032 Serve Kafe Unlu","Boşveer ekibi ile kahvaltı. Krovasante.","2481.00","1.00","₺","2026-02-09 01:16:37","2026-02-09 01:16:37","1","225.55",NULL,"1"
"2169","2026-02-01","Coffee","Starbucks","Boşveer ekibi ile kahve.","830.00","1.00","₺","2026-02-09 01:18:20","2026-02-09 01:18:20","1","75.45",NULL,"1"
"2170","2026-01-31","Fuel","Shell","48,97lt x 55,96₺","2740.36","1.00","₺","2026-02-09 01:19:33","2026-02-09 01:19:33","1","456.73",NULL,"0"
"2171","2026-02-01","Market","Benzinlik","Ekiple aburcubur.","280.00","1.00","₺","2026-02-09 01:20:31","2026-02-09 01:20:31","0",NULL,NULL,"0"
"2172","2026-02-01","Meal","Özetler","Boşveer ekibi ile yemek.","2300.00","1.00","₺","2026-02-09 01:21:27","2026-02-09 01:21:27","1","209.09",NULL,"1"
"2173","2026-02-01","Fuel","Shell","40,35lt x 56,28₺","2270.90","1.00","₺","2026-02-09 01:23:28","2026-02-09 01:23:28","1","378.48",NULL,"0"
"2174","2026-02-07","Alcohol","Dallas Büfe","3 bira","360.00","1.00","₺","2026-02-09 16:01:29","2026-02-09 16:01:29","0",NULL,NULL,"0"
"2175","2026-02-08","Market","Benzinlik","abur cubur","130.00","1.00","₺","2026-02-09 16:04:22","2026-02-09 16:04:22","0",NULL,NULL,"0"
"2176","2026-02-08","Meal","Zenka","2 lahmacun","380.00","1.00","₺","2026-02-09 16:06:13","2026-02-09 16:06:18","1","34.55",NULL,"0"
"2177","2026-02-08","Meal","Zenka","3 diş kuru baklava","227.80","1.00","₺","2026-02-09 16:06:46","2026-02-09 16:06:46","1","2.26",NULL,"0"
"2178","2026-02-10","Meal","Öncü","Tavuk dürüm ayran","200.00","1.00","₺","2026-02-10 14:17:44","2026-02-10 14:17:44","0",NULL,NULL,"0"
"2179","2026-02-09","Market","Akmar","Abur cubur","33.00","1.00","₺","2026-02-10 14:19:01","2026-02-10 14:19:01","0",NULL,NULL,"0"
"2180","2026-02-10","Benefaction","Kitapçı","Kıvanç için 3 çocuk kitabı","100.00","1.00","₺","2026-02-10 14:21:17","2026-02-10 14:21:17","0",NULL,NULL,"0"
"2181","2026-02-10","Savings","Midas","AFA fonu için haftalık transfer.","600.00","1.00","₺","2026-02-10 14:27:18","2026-02-10 14:27:18","0",NULL,NULL,"0"
"2182","2026-02-11","Tax-Penalty Charge","Belediye","Tuvalet ücreti","15.00","1.00","₺","2026-02-11 16:18:24","2026-02-11 16:18:24","0",NULL,NULL,"0"
"2183","2026-02-11","Hobby","Qerida","milonga giriş ücreti.","400.00","1.00","₺","2026-02-12 06:24:32","2026-02-12 06:24:32","0",NULL,NULL,"0"
"2184","2026-02-12","Alcohol","FilBar","2 blanc fıçı","650.00","1.00","₺","2026-02-12 06:25:06","2026-02-12 06:25:06","0",NULL,NULL,"0"
"2185","2026-02-11","Meal","Çorbacı","Gece az mercimek çorbası","60.00","1.00","₺","2026-02-12 06:25:41","2026-02-12 06:25:41","0",NULL,NULL,"0"
"2186","2026-02-11","Market","Benzinlik","Abur cubur","230.00","1.00","₺","2026-02-12 06:27:27","2026-02-12 06:27:27","0",NULL,NULL,"0"
"2187","2026-02-11","Alcohol","Caurfoure","2 kutu bira","240.00","1.00","₺","2026-02-12 06:27:56","2026-02-12 06:27:56","0",NULL,NULL,"0"
"2188","2026-02-13","Benefaction","Akmeşe Merkez Camii","Cuma camii bağışı","30.00","1.00","₺","2026-02-13 10:58:03","2026-02-13 10:58:03","0",NULL,NULL,"0"
"2189","2026-02-12","Market","Tantunici","Pilav üstü tavuk.","150.00","1.00","₺","2026-02-13 10:58:38","2026-02-13 10:58:38","0",NULL,NULL,"0"
"2190","2026-02-14","Alcohol","Dallas Tekel","4 blanc","480.00","1.00","₺","2026-02-15 18:00:10","2026-02-15 18:00:10","0",NULL,NULL,"0"
"2191","2026-02-16","Savings","Midas","AFA fonu için haftalık transfer.","700.00","1.00","₺","2026-02-16 09:03:06","2026-02-16 09:03:06","0",NULL,NULL,"0"
"2192","2026-02-16","Savings","BinanceTR","otomatik yatırım.","2170.00","1.00","₺","2026-02-16 09:04:50","2026-02-16 09:04:50","0",NULL,NULL,"0"
"2193","2026-02-03","Savings","BinanceTR","otomatik yatırım.","2170.00","1.00","₺","2026-02-16 09:06:44","2026-02-16 09:06:44","0",NULL,NULL,"0"
"2194","2026-01-30","Hobby","Tunç Coşkun","4 derslik tenis ücreti.","3320.00","1.00","₺","2026-02-16 09:08:07","2026-02-16 09:08:07","0",NULL,NULL,"0"
"2195","2026-01-30","Savings","BinanceTR","otomatik yatırım.","2000.00","1.00","₺","2026-02-16 09:09:43","2026-02-16 09:09:43","0",NULL,NULL,"0"
"2196","2026-02-15","Savings","Acil Durum Hesabı","Acil durumlar için hesaba transfer.","200.00","1.00","₺","2026-02-16 09:18:56","2026-02-16 09:18:56","0",NULL,NULL,"0"
"2197","2026-02-15","Savings","Prim Bonusu","Prim Bonusuna transfer.","200.00","1.00","₺","2026-02-16 09:20:30","2026-02-16 09:20:30","0",NULL,NULL,"0"
"2198","2026-01-30","Savings","Prim Bonusu","Prim Bonusuna transfer.","300.00","1.00","₺","2026-02-16 09:25:59","2026-02-16 09:25:59","0",NULL,NULL,"0"
"2199","2026-02-13","Transportation","HGS","HGS otomatik yükleme.","500.00","1.00","₺","2026-02-16 10:22:23","2026-02-16 10:22:23","0",NULL,NULL,"0"
"2200","2026-02-11","Transportation","HGS","HGS otomatik yükleme.","500.00","1.00","₺","2026-02-16 10:22:38","2026-02-16 10:22:38","0",NULL,NULL,"0"
"2201","2026-02-11","Transportation","HGS","HGS otomatik yükleme.","100.00","1.00","₺","2026-02-16 10:22:49","2026-02-16 10:22:49","0",NULL,NULL,"0"
"2202","2026-02-16","Bills","Apple","2TB üyelik.","399.99","1.00","₺","2026-02-16 10:27:01","2026-02-16 10:27:01","0",NULL,NULL,"0"
"2203","2026-01-21","Savings","Türkiye Sigorta","50$ hayat sigortası birikimi.","2167.44","1.00","₺","2026-02-16 10:28:03","2026-02-16 10:28:03","0",NULL,NULL,"0"
"2204","2026-01-21","Transportation","HGS","HGS otomatik yükleme.","400.00","1.00","₺","2026-02-16 10:29:31","2026-02-16 10:29:31","0",NULL,NULL,"0"
"2205","2026-01-22","Transportation","HGS","HGS otomatik yükleme.","400.00","1.00","₺","2026-02-16 10:29:48","2026-02-16 10:29:48","0",NULL,NULL,"0"
"2206","2026-01-23","Transportation","HGS","HGS otomatik yükleme.","400.00","1.00","₺","2026-02-16 10:30:51","2026-02-16 10:30:51","0",NULL,NULL,"0"
"2207","2026-01-29","Transportation","HGS","HGS otomatik yükleme.","400.00","1.00","₺","2026-02-16 10:45:41","2026-02-16 10:45:41","0",NULL,NULL,"0"
"2208","2026-01-21","Bills","Netflix","Netflix abonelik ücreti.","379.99","1.00","₺","2026-02-16 11:19:26","2026-02-16 11:19:26","0",NULL,NULL,"0"
"2209","2026-02-01","Transportation","HGS","HGS otomatik yükleme.","400.00","1.00","₺","2026-02-16 11:19:55","2026-02-16 11:19:55","0",NULL,NULL,"0"
"2210","2026-02-03","Transportation","HGS","HGS otomatik yükleme.","400.00","1.00","₺","2026-02-16 11:20:08","2026-02-16 11:20:08","0",NULL,NULL,"0"
"2211","2026-02-05","Bills","Google","Youtube Premium","159.99","1.00","₺","2026-02-16 11:21:20","2026-02-16 11:21:20","0",NULL,NULL,"0"
"2212","2026-02-15","Market","File","Market alışverişi.","1526.93","1.00","₺","2026-02-16 11:22:00","2026-02-16 11:22:00","0",NULL,NULL,"0"
"2213","2026-02-06","Bills","İSU","Su faturası.","178.00","1.00","₺","2026-02-16 11:28:19","2026-02-16 11:28:19","0",NULL,NULL,"0"
"2214","2026-01-22","Bills","Türk Telekom","Ocak Telefon Faturası","416.75","1.00","₺","2026-02-16 11:29:30","2026-02-16 11:31:06","1",NULL,NULL,"0"
"2215","2026-02-08","Bills","Apple","ChatGPT","499.99","1.00","₺","2026-02-16 11:38:59","2026-02-16 11:38:59","0",NULL,NULL,"0"
"2216","2025-12-16","Bills","Apple","2TB üyelik.","399.99","1.00","₺","2026-02-16 11:41:09","2026-02-16 11:41:09","0",NULL,NULL,"0"
"2217","2026-01-05","Bills","Google","Youtube Premium","159.99","1.00","₺","2026-02-16 11:43:14","2026-02-16 11:43:14","0",NULL,NULL,"0"
"2218","2026-01-08","Bills","Apple","ChatGPT","499.99","1.00","₺","2026-02-16 11:43:57","2026-02-16 11:43:57","0",NULL,NULL,"0"
"2219","2025-11-16","Bills","Apple","2TB üyelik.","399.99","1.00","₺","2026-02-16 11:45:05","2026-02-16 11:45:05","0",NULL,NULL,"0"
"2220","2025-11-17","Bills","İzgaz","doğalgaz faturası","38.00","1.00","₺","2026-02-16 11:45:43","2026-02-16 11:45:43","0",NULL,NULL,"0"
"2221","2025-12-05","Bills","Google","Youtube Premium","159.99","1.00","₺","2026-02-16 11:47:12","2026-02-16 11:47:12","0",NULL,NULL,"0"
"2222","2025-12-08","Bills","Apple","ChatGPT","499.99","1.00","₺","2026-02-16 11:47:57","2026-02-16 11:47:57","0",NULL,NULL,"0"
"2223","2025-10-13","Transportation","HGS","HGS otomatik yükleme.","175.00","1.00","₺","2026-02-16 11:48:54","2026-02-16 11:48:54","0",NULL,NULL,"0"
"2224","2025-10-16","Bills","Apple","2TB üyelik.","399.99","1.00","₺","2026-02-16 11:49:56","2026-02-16 11:49:56","0",NULL,NULL,"0"
"2225","2025-10-17","Bills","İzgaz","doğalgaz faturası","49.00","1.00","₺","2026-02-16 11:50:42","2026-02-16 11:50:42","0",NULL,NULL,"0"
"2226","2025-10-17","Transportation","HGS","HGS otomatik yükleme.","175.00","1.00","₺","2026-02-16 11:51:01","2026-02-16 11:51:01","0",NULL,NULL,"0"
"2227","2025-10-22","Transportation","HGS","HGS otomatik yükleme.","175.00","1.00","₺","2026-02-16 11:51:51","2026-02-16 11:51:51","0",NULL,NULL,"0"
"2228","2025-10-26","Market","Migros","abur cubur.","16.95","1.00","₺","2026-02-16 11:52:27","2026-02-16 11:52:27","0",NULL,NULL,"0"
"2229","2025-10-29","Transportation","HGS","HGS otomatik yükleme.","175.00","1.00","₺","2026-02-16 11:53:12","2026-02-16 11:53:12","0",NULL,NULL,"0"
"2230","2025-10-30","Transportation","HGS","HGS otomatik yükleme.","175.00","1.00","₺","2026-02-16 11:53:39","2026-02-16 11:53:39","0",NULL,NULL,"0"
"2231","2025-11-01","Transportation","HGS","HGS otomatik yükleme.","175.00","1.00","₺","2026-02-16 11:54:01","2026-02-16 11:54:01","0",NULL,NULL,"0"
"2232","2025-11-02","Transportation","HGS","HGS otomatik yükleme.","400.00","1.00","₺","2026-02-16 11:54:28","2026-02-16 11:54:28","0",NULL,NULL,"0"
"2233","2025-11-05","Bills","Google","Youtube Premium","159.99","1.00","₺","2026-02-16 11:55:27","2026-02-16 11:55:27","0",NULL,NULL,"0"
"2234","2025-11-08","Bills","Apple","ChatGPT","499.99","1.00","₺","2026-02-16 11:56:19","2026-02-16 11:56:19","0",NULL,NULL,"0"
"2235","2025-09-14","Transportation","HGS","HGS otomatik yükleme.","175.00","1.00","₺","2026-02-16 11:57:49","2026-02-16 11:57:49","0",NULL,NULL,"0"
"2236","2025-09-16","Bills","Apple","2TB üyelik.","249.99","1.00","₺","2026-02-16 11:58:47","2026-02-16 11:58:47","0",NULL,NULL,"0"
"2237","2025-09-23","Savings","Türkiye Sigorta","50$ hayat sigortası birikimi.","2071.74","1.00","₺","2026-02-16 12:01:25","2026-02-16 12:01:25","0",NULL,NULL,"0"
"2238","2025-09-23","Transportation","HGS","HGS otomatik yükleme.","175.00","1.00","₺","2026-02-16 12:02:08","2026-02-16 12:02:08","0",NULL,NULL,"0"
"2239","2025-09-24","Transportation","HGS","HGS otomatik yükleme.","175.00","1.00","₺","2026-02-16 12:02:18","2026-02-16 12:02:18","0",NULL,NULL,"0"
"2240","2025-09-23","Transportation","HGS","HGS otomatik yükleme.","180.00","1.00","₺","2026-02-16 12:02:38","2026-02-16 12:02:38","0",NULL,NULL,"0"
"2241","2025-10-03","Transportation","HGS","HGS otomatik yükleme.","175.00","1.00","₺","2026-02-16 12:03:06","2026-02-16 12:03:06","0",NULL,NULL,"0"
"2242","2025-10-05","Bills","Google","Youtube Premium","159.99","1.00","₺","2026-02-16 12:03:45","2026-02-16 12:03:45","0",NULL,NULL,"0"
"2243","2025-10-08","Bills","Apple","ChatGPT","499.99","1.00","₺","2026-02-16 12:04:10","2026-02-16 12:04:10","0",NULL,NULL,"0"
"2244","2026-02-16","Alcohol","Emex","1 bira","250.00","1.00","₺","2026-02-16 22:28:02","2026-02-16 22:28:02","0",NULL,NULL,"0"
"2245","2026-02-16","Hobby","KOÜ Dans Kulübü","Milonga giriş ücreti.","400.00","1.00","₺","2026-02-16 22:28:42","2026-02-16 22:28:42","0",NULL,NULL,"0"
"2246","2026-02-17","Benefaction","262Live","Bahşiş","200.00","1.00","₺","2026-02-17 22:37:44","2026-02-17 22:37:44","0",NULL,NULL,"0"
"2247","2026-02-17","Alcohol","262Live","1 bira","230.00","1.00","₺","2026-02-17 22:38:18","2026-02-17 22:38:18","0",NULL,NULL,"0"
"2249","2026-02-17","Hobby","İddaa.com","İddaa parası.","100.00","1.00","₺","2026-02-18 14:12:19","2026-02-18 14:12:19","0",NULL,NULL,"0"
"2250","2026-02-21","Alcohol","262Live","2 bira","460.00","1.00","₺","2026-02-21 21:45:06","2026-02-21 21:45:06","0",NULL,NULL,"0"
"2251","2026-02-22","Meal","VKN: 1050564592","Yoğurtlu tavuk tantuni.","210.00","1.00","₺","2026-02-21 22:39:59","2026-02-27 11:03:50","1","19.09",NULL,"0"
"2252","2026-02-22","Fuel","Görpet","38,65lt x 56,94","2200.73","1.00","₺","2026-02-23 10:45:28","2026-02-23 10:45:28","1","366.79",NULL,"0"
"2253","2026-02-22","Market","File","Market alışverişi.","1631.22","1.00","₺","2026-02-23 10:49:11","2026-02-23 10:49:11","0",NULL,NULL,"0"
"2254","2026-02-20","Meal","Çınaraltı","Filiz ile Çınaraltı'nda tatlı. G?","539.00","1.00","₺","2026-02-23 10:52:51","2026-02-23 10:52:51","1","49.00",NULL,"0"
"2255","2026-02-20","Meal","Çınaraltı","Filiz ile Çınaraltı'nda tatlı.","539.00","1.00","₺","2026-02-23 10:53:10","2026-02-23 10:53:10","1","49.00",NULL,"1"
"2256","2026-02-25","Digital Asset","Google","2TB Depolama Alanı","2049.99","1.00","₺","2026-02-25 10:19:12","2026-02-25 10:19:12","0",NULL,NULL,"0"
"2257","2026-02-24","Barber","Murat Söyük","Tıraş parası","800.00","1.00","₺","2026-02-25 12:13:52","2026-02-25 12:13:52","0",NULL,NULL,"0"
"2258","2026-02-23","Savings","Midas","AFA fonu için haftalık transfer.","700.00","1.00","₺","2026-02-25 12:14:19","2026-02-25 12:14:19","0",NULL,NULL,"0"
"2259","2026-02-23","Savings","BinanceTR","otomatik yatırım.","2240.00","1.00","₺","2026-02-25 12:14:59","2026-02-25 12:14:59","0",NULL,NULL,"0"
"2260","2026-02-19","Savings","BinanceTR","oto trade denemesi","400.00","1.00","₺","2026-02-25 12:15:35","2026-02-25 12:15:46","0",NULL,NULL,"0"
"2261","2026-02-19","Hobby","İddaa.com","İddaa parası. G?","100.00","1.00","₺","2026-02-25 12:16:49","2026-02-25 12:16:49","0",NULL,NULL,"0"
"2262","2026-02-18","Alcohol","Qerida","2 bira","420.00","1.00","₺","2026-02-25 12:18:34","2026-02-25 12:18:34","0",NULL,NULL,"0"
"2263","2026-02-25","Hobby","Qerida","milonga giriş ücreti.","400.00","1.00","₺","2026-02-25 12:19:31","2026-02-25 12:19:31","0",NULL,NULL,"0"
"2264","2026-02-25","Alcohol","Qerida","1 bira","210.00","1.00","₺","2026-02-26 13:38:54","2026-02-26 13:38:54","0",NULL,NULL,"0"
"2265","2026-02-25","Women","Küp","Melinda ile küpte yemek ve şarap.","1285.00","1.00","₺","2026-02-26 13:39:59","2026-02-26 13:39:59","0",NULL,NULL,"0"
"2266","2026-02-25","Meal","Küp","Burger","380.00","1.00","₺","2026-02-26 13:40:21","2026-02-26 13:40:21","0",NULL,NULL,"0"
"2267","2026-02-26","Market","262Live","1 bira G?","230.00","1.00","₺","2026-02-26 23:04:37","2026-02-26 23:04:37","0",NULL,NULL,"0"
"2268","2026-02-26","Market","File","Market alışverişi","854.03","1.00","₺","2026-02-27 08:50:04","2026-02-27 08:50:04","0",NULL,NULL,"0"
"2269","2026-02-25","Parking","İspark","Otopark","300.00","1.00","₺","2026-02-27 10:52:36","2026-02-27 10:52:36","1","50.00",NULL,"0"
"2270","2026-03-06","Bills","İSU","Su faturası.","179.00","1.00","₺","2026-02-27 10:55:28","2026-02-27 10:55:28","0",NULL,NULL,"0"
"2271","2026-02-21","Coffee","Starbucks","Nazlı ile kahve.","325.00","1.00","₺","2026-02-27 10:56:23","2026-02-27 10:56:23","1","29.55",NULL,"0"
"2272","2026-02-20","Coffee","Sanat Evi Cafe","KSM6","210.00","1.00","₺","2026-02-27 10:57:46","2026-02-27 10:57:46","1","19.09",NULL,"0"
"2273","2026-02-12","Alcohol","262Live",NULL,"350.00","1.00","₺","2026-02-27 11:06:06","2026-02-27 11:06:06","0",NULL,NULL,"0"
"2274","2026-02-26","Bills","Gürkan Öztaban","Muhasebeci ücreti","2000.00","1.00","₺","2026-02-27 12:04:22","2026-02-27 12:04:22","1","333.33",NULL,"0"
"2275","2026-02-26","Tax-Penalty Charge","Devlet","Geçici vergi.","1095.20","1.00","₺","2026-02-27 12:04:57","2026-02-27 12:06:28","0",NULL,NULL,"0"
"2276","2026-02-26","Tax-Penalty Charge","Devlet","Devlete ödenen KDV vergisi.","791.00","1.00","₺","2026-02-27 12:06:20","2026-02-27 12:06:44","0",NULL,NULL,"0"
"2277","2026-02-26","Savings","SGK","Bağkur ödemesi","10156.73","1.00","₺","2026-02-27 12:07:23","2026-02-27 12:10:14","1",NULL,NULL,"0"
"2278","2026-02-12","Meal","262Live","Başkasının fişi masraf olarak alındı.","1170.00","1.00","₺","2026-02-27 12:42:39","2026-02-27 12:42:39","1","106.36",NULL,"1"
"2279","2026-02-11","Alcohol","Fil","2 bira içecek masraf","650.00","1.00","₺","2026-02-27 12:46:18","2026-02-27 12:46:18","1","59.09",NULL,"0"
"2280","2026-02-17","Fuel","Görpet","45,72lt x 56,87₺","2600.10","1.00","₺","2026-02-27 12:47:41","2026-02-27 12:47:41","1","433.35",NULL,"0"
"2281","2026-02-19","Coffee","Doco Petrol","Kahve çikolata","165.00","1.00","₺","2026-02-27 12:49:07","2026-02-27 12:49:07","1","10.54",NULL,"0"
"2282","2026-02-13","Meal","33 Mersin Tantuni","Yiyecek","500.00","1.00","₺","2026-02-27 12:49:59","2026-02-27 12:49:59","1","45.45",NULL,"0"
"2283","2026-02-11","Coffee","Shell","Kahve çikolata","165.00","1.00","₺","2026-02-27 12:51:04","2026-02-27 12:51:04","1","9.33",NULL,"0"
"2284","2026-02-11","Fuel","Başyıldız Akaryakıt","48,26lt x 55,75₺","2690.50","1.00","₺","2026-02-27 12:52:11","2026-02-27 12:52:11","1","448.42",NULL,"0"
"2285","2026-02-17","Meal","Tavuk Dünyası","Siriraça tavuk","345.00","1.00","₺","2026-02-27 12:53:09","2026-02-27 12:53:09","1","31.36",NULL,"0"
"2286","2026-02-18","Women","Taze","Nazlı için kahve.","105.00","1.00","₺","2026-02-27 12:54:14","2026-02-27 12:54:14","1","9.55",NULL,"0"
"2287","2026-02-17","Meal","Samet Aktaşlı","Çiğ köfte dürüm.","105.00","1.00","₺","2026-02-27 12:54:50","2026-02-27 12:54:50","1","9.55",NULL,"0"
"2288","2026-02-27","Accommodation","AirBNB","Bakü Konaklama","5451.48","1.00","₺","2026-02-27 13:00:18","2026-02-27 13:00:18","0",NULL,NULL,"0"
"2289","2026-02-28","Market","Akmar","Market alışverişi","389.80","1.00","₺","2026-03-02 12:26:09","2026-03-02 12:26:09","0",NULL,NULL,"0"
"2290","2026-03-03","Fuel","Total","47,68lt x 58,1₺","2770.21","1.00","₺","2026-03-02 23:08:40","2026-03-02 23:08:40","1","461.70",NULL,"0"
"2291","2026-03-04","Meal","Starbucks","Kahve ve sandviç.","365.00","1.00","₺","2026-03-04 08:26:42","2026-03-04 08:26:42","1","33.18",NULL,"0"
"2292","2026-03-02","Market","Market","Aburcubur G?","70.00","1.00","₺","2026-03-04 10:28:30","2026-03-04 10:28:30","0",NULL,NULL,"0"
"2293","2026-03-04","Digital Asset","Godday","Streakfrog.com adresi domain bedeli.","1076.38","1.00","₺","2026-03-04 10:32:19","2026-03-04 10:32:19","0",NULL,NULL,"0"
"2294","2026-02-28","Alcohol","262Live","1 bira G?","230.00","1.00","₺","2026-03-04 10:33:20","2026-03-04 10:35:20","0",NULL,NULL,"0"
"2295","2026-03-04","Digital Asset","Google","Google geliştirici ücreti tek seferlik ödeme. myteknolojitr@gmail.com","1149.64","1.00","₺","2026-03-04 10:34:43","2026-03-04 10:34:43","0",NULL,NULL,"0"
"2296","2026-02-22","Market","Görpet","Aburcubur G?","140.00","1.00","₺","2026-03-04 10:38:11","2026-03-04 10:38:11","0",NULL,NULL,"0"
"2297","2026-02-22","Coffee","Starbucks","Su G?","25.00","1.00","₺","2026-03-04 10:39:19","2026-03-04 10:39:19","0",NULL,NULL,"0"
"2298","2026-03-03","Market","Market","Aburcubur G?","90.00","1.00","₺","2026-03-04 10:40:44","2026-03-04 10:40:44","0",NULL,NULL,"0"
"2299","2026-03-03","Market","Köfteci Yusuf","Etsuyu çorba. G?","120.00","1.00","₺","2026-03-04 10:41:23","2026-03-04 10:41:23","1","20.00",NULL,"0"
"2300","2026-02-18","Alcohol","Özbir Tekel","2 bira","195.00","1.00","₺","2026-03-04 10:42:46","2026-03-04 10:42:46","0",NULL,NULL,"0"
"2301","2026-02-17","Digital Asset","İsimtescil","alicetenfikirler.xyz domain satınalımı.","109.66","1.00","₺","2026-03-04 10:46:37","2026-03-04 10:46:37","0",NULL,NULL,"0"
"2302","2026-02-17","Transportation","Kiwi.com","Bakü için gidiş dönüş uçak bileti payıma düşen.","7784.14","1.00","₺","2026-03-04 10:49:13","2026-03-04 10:49:13","0",NULL,NULL,"0"
"2303","2026-02-14","Clothes","Amazon","Basic siyah tshirt.","299.00","1.00","₺","2026-03-04 10:52:18","2026-03-04 10:52:18","0",NULL,NULL,"0"
"2304","2026-02-14","Hobby","Amazon","Çipil için el pompası ve sticker termostat.","168.90","1.00","₺","2026-03-04 10:52:58","2026-03-04 10:52:58","0",NULL,NULL,"0"
"2305","2026-02-14","Market","Enes Kuruyemiş","G?","35.00","1.00","₺","2026-03-04 10:53:54","2026-03-04 10:53:54","0",NULL,NULL,"0"
"2306","2026-03-04","Market","Starbucks","su G?","25.00","1.00","₺","2026-03-04 11:03:15","2026-03-04 11:03:15","0",NULL,NULL,"0"
"2307","2026-02-13","Meal","İlhan Kasap","Bilmiyorum. G?","340.00","1.00","₺","2026-03-04 11:04:33","2026-03-04 11:04:33","0",NULL,NULL,"0"
"2308","2026-02-12","Market","PO Samandra","aburcubur G?","65.00","1.00","₺","2026-03-04 11:05:34","2026-03-04 11:05:34","0",NULL,NULL,"0"
"2309","2026-02-10","Market","Mustafa Aksu Sahis","Bilmiyorum. G?","271.64","1.00","₺","2026-03-04 11:09:39","2026-03-04 11:09:39","0",NULL,NULL,"0"
"2310","2026-02-05","Market","A101","Aburcubur G?","41.00","1.00","₺","2026-03-04 11:12:06","2026-03-04 11:12:06","0",NULL,NULL,"0"
"2311","2026-02-04","Market","Kaptan Akaryakıt","Bilmiyorum. G?","110.00","1.00","₺","2026-03-04 11:13:37","2026-03-04 11:13:37","0",NULL,NULL,"0"
"2312","2026-02-03","Tax-Penalty Charge","Devlet","MTV ilk taksit.","6036.26","1.00","₺","2026-03-04 11:15:35","2026-03-04 11:15:35","0",NULL,NULL,"0"
"2313","2026-02-02","Digital Asset","Godaddy","Domain yenileme ücreti.","778.19","1.00","₺","2026-03-04 11:17:10","2026-03-04 11:17:10","0",NULL,NULL,"0"
"2314","2026-02-28","Bills","Apple","Claude","799.99","1.00","₺","2026-03-04 11:19:17","2026-03-04 11:19:17","0",NULL,NULL,"0"
"2315","2026-02-27","Transportation","HGS","HGS otomatik yükleme.","500.00","1.00","₺","2026-03-04 11:20:21","2026-03-04 11:20:21","0",NULL,NULL,"0"
"2316","2026-02-26","Bills","Sepaş","Elektrik faturası.","276.00","1.00","₺","2026-03-04 11:21:16","2026-03-04 11:21:16","0",NULL,NULL,"0"
"2317","2026-02-22","Transportation","HGS","HGS otomatik yükleme.","500.00","1.00","₺","2026-03-04 11:21:28","2026-03-04 11:21:28","0",NULL,NULL,"0"
"2318","2026-02-21","Bills","Netflix","Netflix abonelik ücreti.","379.99","1.00","₺","2026-03-04 11:21:59","2026-03-04 11:21:59","0",NULL,NULL,"0"
"2319","2026-02-21","Savings","Türkiye Sigorta","50$ hayat sigortası birikimi.","2191.63","1.00","₺","2026-03-04 11:22:32","2026-03-04 11:22:32","0",NULL,NULL,"0"
"2320","2026-02-16","Bills","Amazon","Amazon Prime üyeliği.","69.90","1.00","₺","2026-03-04 11:23:10","2026-03-04 11:23:10","0",NULL,NULL,"0"
"2321","2026-02-16","Savings","Allianz","BES yatırım.","3000.00","1.00","₺","2026-03-04 11:23:53","2026-03-04 11:23:53","0",NULL,NULL,"0"
"2323","2026-03-04","Savings","Babilin 10da1i","Babil'in en zengin insanı kitabından esinlenerek gelirlerimin 10'da 1'ini ayırdığım hesaba transfer.","540.00","1.00","₺","2026-03-04 11:37:29","2026-03-04 11:37:29","0",NULL,NULL,"0"
"2324","2026-03-02","Savings","Midas","AFA fonu için haftalık transfer.","600.00","1.00","₺","2026-03-04 11:42:42","2026-03-04 11:42:42","0",NULL,NULL,"0"
"2325","2026-03-02","Savings","BinanceTR","otomatik yatırım.","2000.00","1.00","₺","2026-03-04 11:43:06","2026-03-04 11:43:06","0",NULL,NULL,"0"
"2326","2026-03-05","Savings","Babilin 10da1i","Babil'in en zengin insanı kitabından esinlenerek gelirlerimin 10'da 1'ini ayırdığım hesaba transfer.","400.00","1.00","₺","2026-03-05 23:24:30","2026-03-05 23:24:30","0",NULL,NULL,"0"
"2327","2026-03-07","Market","Migros","Muz ve çikolata G?","133.97","1.00","₺","2026-03-07 09:43:50","2026-03-07 09:43:50","0",NULL,NULL,"0"
"2328","2026-03-07","Savings","Babilin 10da1i","Babil'in en zengin insanı kitabından esinlenerek gelirlerimin 10'da 1'ini ayırdığım hesaba transfer.","60.00","1.00","₺","2026-03-07 11:20:33","2026-03-07 11:20:33","0",NULL,NULL,"0"
"2329","2026-03-07","Alcohol","262Live","2 bira","460.00","1.00","₺","2026-03-07 11:21:41","2026-03-07 11:21:41","0",NULL,NULL,"0"
"2330","2026-03-07","Market","File","Market alışverişi","730.69","1.00","₺","2026-03-07 14:39:42","2026-03-07 14:39:42","0",NULL,NULL,"0"
"2331","2026-03-10","Savings","Babilin 10da1i","Babil'in en zengin insanı kitabından esinlenerek gelirlerimin 10'da 1'ini ayırdığım hesaba transfer.","1220.00","1.00","₺","2026-03-10 16:44:03","2026-03-10 16:44:03","0",NULL,NULL,"0"
"2332","2026-03-10","Savings","Midas","AFA fonu için haftalık transfer.","500.00","1.00","₺","2026-03-10 16:44:22","2026-03-10 16:44:22","0",NULL,NULL,"0"
"2333","2026-03-09","Savings","BinanceTR","otomatik yatırım.","1500.00","1.00","₺","2026-03-10 16:45:06","2026-03-10 16:45:20","0",NULL,NULL,"0"
"2334","2026-03-12","Alcohol","DutyFree","2 adet Bacardi Mojito G?","1640.00","1.00","₺","2026-03-13 12:52:40","2026-03-13 12:53:27","0",NULL,NULL,"0"
"2335","2026-03-12","Market","Shell","Abur cubur G?","251.00","1.00","₺","2026-03-13 12:53:20","2026-03-13 12:53:20","0",NULL,NULL,"0"
"2336","2026-03-15","Savings","BinanceTR","otomatik yatırım.","1500.00","1.00","₺","2026-03-15 19:39:00","2026-03-15 19:39:00","0",NULL,NULL,"0"
"2337","2026-03-15","Savings","Midas","AFA fonu için haftalık transfer.","700.00","1.00","₺","2026-03-15 19:39:14","2026-03-15 19:39:14","0",NULL,NULL,"0"
"2338","2026-03-16","Savings","Babilin 10da1i","Babil'in en zengin insanı kitabından esinlenerek gelirlerimin 10'da 1'ini ayırdığım hesaba transfer.","237.00","1.00","₺","2026-03-15 21:14:16","2026-03-16 09:47:17","0",NULL,NULL,"0"
"2339","2026-03-16","Market","Akmar Market","Market alışverişi.","404.00","1.00","₺","2026-03-17 11:24:55","2026-03-17 11:24:55","0",NULL,NULL,"0"
"2340","2026-03-16","Women","Taze","Nazlı ile birer soda.","55.00","1.00","₺","2026-03-17 11:25:24","2026-03-17 11:25:24","0",NULL,NULL,"0"
"2341","2026-03-08","Coffee","Costa","Nazlı ile havaalanında birer kahve.","814.25","1.00","₺","2026-03-17 11:26:40","2026-03-17 11:26:40","1","74.02",NULL,"0"
"2342","2026-03-17","Alcohol","262Live","1 bira","230.00","1.00","₺","2026-03-17 11:27:45","2026-03-17 11:27:45","1","20.91",NULL,"0"
"2343","2025-02-05","Collection","Cemil Fidan","Atkı","450.00","1.00","₺","2026-03-17 11:30:48","2026-03-17 11:30:48","0",NULL,NULL,"0"
"2344","2026-03-16","Bills","İzgaz","doğalgaz faturası","821.00","1.00","₺","2026-03-17 11:32:13","2026-03-17 11:32:13","0",NULL,NULL,"0"
"2345","2026-03-13","Meal","Müzeyyen Yıldırım","Makarna","250.00","1.00","₺","2026-03-17 11:33:05","2026-03-17 11:33:05","1","22.73",NULL,"0"
"2346","2026-03-03","Meal","Köfteci Yusuf","çorba","120.00","1.00","₺","2026-03-17 11:34:17","2026-03-17 11:34:17","1","10.91",NULL,"0"
"2347","2026-03-13","Coffee","Starbucks","Nazlı ile birer kahve.","325.00","1.00","₺","2026-03-17 11:35:31","2026-03-17 11:35:31","1","29.55",NULL,"0"
"2348","2026-03-07","Meal","Yakamoz Tantuni","Tantuni","210.00","1.00","₺","2026-03-17 11:36:52","2026-03-17 11:36:52","1","19.09",NULL,"0"
"2349","2026-03-05","Meal","VKN:2630707216","Boşveer ekibi ile iftar.","2655.00","1.00","₺","2026-03-17 11:38:39","2026-03-17 11:38:39","1","241.36",NULL,"1"
"2350","2026-03-05","Meal","VKN: 2630707216","Boşveer ekibi ile iftar.","664.00","1.00","₺","2026-03-17 11:39:43","2026-03-17 11:39:43","0",NULL,NULL,"0"
"2351","2026-03-07","Coffee","Starbucks","Amerikano","160.00","1.00","₺","2026-03-17 11:40:46","2026-03-17 11:40:46","1","14.55",NULL,"0"
"2352","2026-03-16","Meal","Pilavcı Baba","Pilav üstü tavuk ayran.","170.00","1.00","₺","2026-03-17 11:41:39","2026-03-17 11:41:39","1","15.45",NULL,"0"
"2353","2026-03-04","Meal","Köfteci Yusuf","Antrikot ve Heinz Mayanez","563.60","1.00","₺","2026-03-17 11:43:04","2026-03-17 11:43:04","1","12.87",NULL,"0"
"2354","2026-03-17","Fuel","VKN:1490047981","45,79lt x 61,81₺","2830.28","1.00","₺","2026-03-17 16:26:23","2026-03-17 16:26:23","1","471.71",NULL,"0"
"2355","2026-03-27","Bills","Sepaş","Elektrik faturası.","259.00","1.00","₺","2026-03-17 16:28:28","2026-03-17 16:28:28","0",NULL,NULL,"0"
"2356","2026-03-17","Market","Hakmar","Market alışverişi.","308.50","1.00","₺","2026-03-17 16:29:42","2026-03-17 16:29:42","0",NULL,NULL,"0"
"2357","2026-03-17","Women","Amazon","Nazlı için telefon kılıfı.","214.99","1.00","₺","2026-03-17 19:30:36","2026-03-17 19:30:36","0",NULL,NULL,"0"
"2358","2026-03-17","Electronic","Amazon","Kendim için telefon kılıfı","214.99","1.00","₺","2026-03-17 19:30:54","2026-03-17 19:30:54","0",NULL,NULL,"0"
"2359","2026-03-17","Health","Amazon","HardLine 300gr Kreatin.","919.00","1.00","₺","2026-03-17 19:31:48","2026-03-17 19:31:48","0",NULL,NULL,"0"
"2360","2026-03-17","Electronic","Amazon","Kendim için telefon camı","89.91","1.00","₺","2026-03-17 19:32:20","2026-03-17 19:32:20","0",NULL,NULL,"0"
"2362","2026-03-18","Transportation","Otobüs","Sabiha Gökçen havaalanından dönüş bilet bedeli.","450.00","1.00","₺","2026-03-19 20:15:02","2026-03-19 20:15:02","0",NULL,NULL,"0"
"2363","2026-03-18","Alcohol","Fil","2 bira","550.00","1.00","₺","2026-03-19 20:27:01","2026-03-19 20:27:01","0",NULL,NULL,"0"
"2364","2026-03-17","Transportation","Ulaşımpark","Tramvay ücreti.","31.80","1.00","₺","2026-03-19 20:27:45","2026-03-19 20:27:45","0",NULL,NULL,"0"
"2365","2026-03-18","Meal","VKN: 4860550741","Doyuyo'da akşam yemeği.","495.00","1.00","₺","2026-03-19 20:39:08","2026-03-19 20:39:16","1","45.00",NULL,"0"
"2366","2026-03-18","Meal","VKN: 7690310116","Starbucks'ta kahve ve sandviç","375.00","1.00","₺","2026-03-19 20:40:46","2026-03-19 20:40:46","1","34.09",NULL,"0"
"2367","2026-03-17","Electronic","Amazon","Bıyık makası","124.20","1.00","₺","2026-03-19 20:42:59","2026-03-19 20:42:59","0",NULL,NULL,"0"
"2368","2026-03-17","Electrical Material","Amazon","ElectroLux Blender set.","2659.72","1.00","₺","2026-03-19 20:44:29","2026-03-19 20:44:29","0",NULL,NULL,"0"
"2369","2026-03-16","Meal","Şok","Protein bar.","58.00","1.00","₺","2026-03-19 21:10:30","2026-03-19 21:10:30","0",NULL,NULL,"0"
"2370","2026-03-15","Market","A101","abur cubur G?","37.50","1.00","₺","2026-03-19 21:11:40","2026-03-19 21:11:40","0",NULL,NULL,"0"
"2371","2026-03-13","Market","Shell","abur cubur G?","251.00","1.00","₺","2026-03-19 21:12:22","2026-03-19 21:12:22","0",NULL,NULL,"0"
"2372","2026-03-13","Market","Alperen Başarır",NULL,"50.00","1.00","₺","2026-03-19 21:13:58","2026-03-19 21:13:58","0",NULL,NULL,"0"
"2373","2026-03-09","Clothes","New Yorker Bakü","Kendime kapşonlu swithshirt.","680.51","1.00","₺","2026-03-19 21:15:56","2026-03-19 21:15:56","0",NULL,NULL,"0"
"2374","2026-03-11","Collection","Zinet Bijuteri","Hediyelik eşyalar ve koleksiyonluk atkı shot bardağı vs.","1740.23","1.00","₺","2026-03-19 21:19:43","2026-03-19 21:19:43","0",NULL,NULL,"0"
"2375","2026-03-10","Meal","Shirmanshah Restorant","Nazlı ile Şirmanşah müzesinde akşam yemeği.","2078.74","1.00","₺","2026-03-19 21:21:20","2026-03-19 21:21:20","0",NULL,NULL,"0"
"2376","2026-03-10","Meal","Entree","Nazlı ile kahvaltı.","867.45","1.00","₺","2026-03-19 21:22:13","2026-03-19 21:22:13","0",NULL,NULL,"0"
"2377","2026-03-09","Meal","Qaynana","Nazlı ile kahvaltı.","894.90","1.00","₺","2026-03-19 21:23:01","2026-03-19 21:23:01","0",NULL,NULL,"0"
"2378","2026-03-08","Collection","Libraff","Küçük prens kitabı","630.37","1.00","₺","2026-03-19 21:24:30","2026-03-19 21:24:30","0",NULL,NULL,"0"
"2379","2026-03-08","Bills","Bakcell","Kontürlü Bakcell hattı Oğuz Yeniyapan üzerinden.","406.72","1.00","₺","2026-03-19 21:25:19","2026-03-19 21:25:19","0",NULL,NULL,"0"
"2380","2026-03-09","Collection","Libraff","Küçük prens kitabı","400.08","1.00","₺","2026-03-19 21:27:49","2026-03-19 21:27:49","0",NULL,NULL,"0"
"2381","2026-03-12","Transportation","Bolt","Tüm Bakü'deki Bolt harcamalarımız.","1490.00","1.00","₺","2026-03-19 21:31:13","2026-03-19 21:31:13","0",NULL,NULL,"0"
"2382","2026-03-12","Accommodation","Bakü","Bakü'deki market, müze girişi ufak tefek kahve yiyecek gibi masraflar.","4297.00","1.00","₺","2026-03-19 21:36:37","2026-03-19 21:36:37","0",NULL,NULL,"0"
"2383","2026-03-08","Alcohol","Boorda","Nazlı, Oğuz ve sevgilisi ile akşam bira sohbet.","1274.80","1.00","₺","2026-03-19 21:37:24","2026-03-19 21:37:24","0",NULL,NULL,"0"
"2384","2026-03-05","Market",NULL,NULL,"60.00","1.00","₺","2026-03-19 21:39:03","2026-03-19 21:39:03","0",NULL,NULL,"0"
"2385","2026-03-19","Coffee","Starbucks","su","25.00","1.00","₺","2026-03-19 21:39:39","2026-03-19 21:39:39","0",NULL,NULL,"0"
"2386","2026-03-02","Transportation","Ulaşımpark","Tramvay ücreti.","31.80","1.00","₺","2026-03-19 21:40:44","2026-03-19 21:40:44","0",NULL,NULL,"0"
"2388","2026-03-16","Bills","Amazon","Amazon Prime üyeliği.","69.90","1.00","₺","2026-03-19 21:47:04","2026-03-19 21:47:04","0",NULL,NULL,"0"
"2389","2026-03-16","Bills","Apple","2TB üyelik.","399.99","1.00","₺","2026-03-19 21:47:48","2026-03-19 21:47:48","0",NULL,NULL,"0"
"2390","2026-03-05","Bills","Google","Youtube Premium","159.99","1.00","₺","2026-03-19 21:50:14","2026-03-19 21:50:14","0",NULL,NULL,"0"
"2391","2026-03-07","Tax-Penalty Charge","Devlet","Yurtdışı çıkış harç pul parası.","1250.00","1.00","₺","2026-03-19 21:51:06","2026-03-19 21:51:06","0",NULL,NULL,"0"
"2392","2026-03-08","Transportation","HGS","HGS otomatik yükleme.","945.00","1.00","₺","2026-03-19 21:51:57","2026-03-19 21:51:57","0",NULL,NULL,"0"
"2393","2026-03-09","Bills","Türk Telekom","Şubat Telefon Faturası","417.00","1.00","₺","2026-03-19 21:52:38","2026-03-19 21:52:38","1",NULL,NULL,"0"
"2394","2026-03-09","Transportation","HGS","HGS otomatik yükleme.","500.00","1.00","₺","2026-03-19 21:53:05","2026-03-19 21:53:05","0",NULL,NULL,"0"
"2395","2026-03-21","Alcohol","262Live","Nazlı ile kokteyl ve 3 bira","600.00","1.00","₺","2026-03-22 11:50:01","2026-03-22 11:50:01","0",NULL,NULL,"0"
"2396","2026-03-22","Meal","8150037902","Nazlı ile akşam yemeği.","745.00","1.00","₺","2026-03-22 12:10:26","2026-03-22 12:10:26","1","67.73",NULL,"1"
"2397","2026-03-21","Coffee","0630236290","Kahve ve çikolata.","491.40","1.00","₺","2026-03-22 13:27:18","2026-03-22 13:27:18","1","44.67",NULL,"0"
"2398","2026-03-24","Alcohol","262Live","2 bira","460.00","1.00","₺","2026-03-24 19:46:56","2026-03-24 19:46:56","0",NULL,NULL,"0"
"2399","2026-03-24","Coffee","Starbucks","1 amerikano 2 soda 1 su","375.00","1.00","₺","2026-03-24 19:48:20","2026-03-30 13:22:41","1","34.09",NULL,"0"
"2400","2026-03-21","Savings","BinanceTR","otomatik yatırım.","1999.99","1.00","₺","2026-03-24 19:50:14","2026-03-24 19:50:14","0",NULL,NULL,"0"
"2401","2026-03-21","Savings","Midas","AFA fonu için haftalık transfer.","600.00","1.00","₺","2026-03-24 19:50:35","2026-03-24 19:50:35","0",NULL,NULL,"0"
"2402","2026-03-18","Hobby","Qerida","milonga giriş ücreti.","400.00","1.00","₺","2026-03-24 19:51:39","2026-03-24 19:51:39","0",NULL,NULL,"0"
"2403","2026-03-21","Bills","Netflix","Netflix abonelik ücreti.","379.99","1.00","₺","2026-03-24 20:05:42","2026-03-24 20:05:42","0",NULL,NULL,"0"
"2404","2026-03-21","Savings","Türkiye Sigorta","50$ hayat sigortası birikimi.","2213.92","1.00","₺","2026-03-24 20:07:26","2026-03-24 20:07:26","0",NULL,NULL,"0"
"2405","2026-03-25","Savings","Babilin 10da1i","Babil'in en zengin insanı kitabından esinlenerek gelirlerimin 10'da 1'ini ayırdığım hesaba transfer.","205.00","1.00","₺","2026-03-25 13:59:10","2026-03-25 14:23:17","0",NULL,NULL,"0"
"2406","2026-03-25","Market","Akmar","Market alışverişi","333.30","1.00","₺","2026-03-26 06:02:01","2026-03-26 06:02:01","0",NULL,NULL,"0"
"2407","2026-03-25","Market","Dumlupınar Ekmek Fabrikası","Galata ve simit","150.00","1.00","₺","2026-03-26 06:02:41","2026-03-26 06:02:41","0",NULL,NULL,"0"
"2408","2026-03-26","Savings","Babilin 10da1i","Babil'in en zengin insanı kitabından esinlenerek gelirlerimin 10'da 1'ini ayırdığım hesaba transfer.","660.00","1.00","₺","2026-03-26 18:59:05","2026-03-26 18:59:05","0",NULL,NULL,"0"
"2409","2026-03-26","Hobby","TangoPort","Milonga Soho giriş ücreti","400.00","1.00","₺","2026-03-27 07:07:37","2026-03-27 07:07:37","0",NULL,NULL,"0"
"2410","2026-03-27","Savings","Babilin 10da1i","Babil'in en zengin insanı kitabından esinlenerek gelirlerimin 10'da 1'ini ayırdığım hesaba transfer.","1520.00","1.00","₺","2026-03-27 19:57:51","2026-03-27 19:57:51","0",NULL,NULL,"0"
"2411","2026-03-27","Market","File","Market alışverişi.","2123.30","1.00","₺","2026-03-27 20:01:53","2026-03-27 20:01:53","0",NULL,NULL,"0"
"2412","2026-03-28","Alcohol","Hayal Kahvesi","Bir tabağına ortak oldum. G?","2000.00","1.00","₺","2026-03-29 22:33:01","2026-03-29 22:33:07","0",NULL,NULL,"0"
"2413","2026-03-29","Benefaction","Şok","Hasta ziyareti için meyve suyu.","118.00","1.00","₺","2026-03-30 11:55:58","2026-03-30 11:55:58","0",NULL,NULL,"0"
"2414","2026-03-27","Benefaction","Cami","Akmeşe Camisine bağış.","30.00","1.00","₺","2026-03-30 11:56:30","2026-03-30 11:56:30","0",NULL,NULL,"0"
"2415","2026-03-27","Fuel","Başyıldız","47,72lt x 62,89₺","3001.11","1.00","₺","2026-03-30 13:24:02","2026-03-30 13:24:02","1","500.19",NULL,"0"
"2416","2026-03-25","Meal","Antikkapı","krovasan soda.","150.00","1.00","₺","2026-03-30 13:25:39","2026-03-30 13:25:39","1","13.64",NULL,"0"
"2417","2026-03-20","Market","Şok","abur cubur","323.40","1.00","₺","2026-03-30 13:36:06","2026-03-30 13:36:06","0",NULL,NULL,"0"
"2418","2026-03-29","Savings","Midas","AFA fonu için haftalık transfer.","700.00","1.00","₺","2026-03-30 13:42:32","2026-03-30 13:42:32","0",NULL,NULL,"0"
"2419","2026-03-29","Savings","BinanceTR","otomatik yatırım.","1947.01","1.00","₺","2026-03-30 13:43:17","2026-03-30 13:43:17","0",NULL,NULL,"0"
"2420","2026-03-26","Bills","Gürkan Öztaban","Muhasebeci ücreti","2000.00","1.00","₺","2026-03-30 13:44:25","2026-03-30 13:44:25","1","333.33",NULL,"0"
"2421","2026-03-26","Tax-Penalty Charge","Devlet","Devlete ödenen KDV vergisi.","791.00","1.00","₺","2026-03-30 13:44:49","2026-03-30 13:44:49","0",NULL,NULL,"0"
"2422","2026-03-26","Tax-Penalty Charge","Devlet","Devlete ödenen Yıllık Vergi","1483.70","1.00","₺","2026-03-30 13:45:46","2026-03-30 13:45:46","0",NULL,NULL,"0"
"2423","2026-03-26","Savings","SGK","Bağkur ödemesi","10156.73","1.00","₺","2026-03-30 13:46:07","2026-03-30 13:46:07","1",NULL,NULL,"0"
"2424","2026-03-27","Bills","Apple","Claude","799.99","1.00","₺","2026-03-30 13:49:57","2026-03-30 13:49:57","0",NULL,NULL,"0"
"2425","2026-03-30","Market","Şok","Melike’ye giderken ekmek soda ve aburcubur","252.00","1.00","₺","2026-03-31 06:01:58","2026-03-31 06:01:58","0",NULL,NULL,"0"
"2426","2026-03-31","Market","Benzinlik","Abur cubur G?","125.00","1.00","₺","2026-04-01 22:26:42","2026-04-01 22:26:42","0",NULL,NULL,"0"
"2427","2026-03-31","Savings","Babilin 10da1i","Babil'in en zengin insanı kitabından esinlenerek gelirlerimin 10'da 1'ini ayırdığım hesaba transfer.","20.00","1.00","₺","2026-04-01 22:29:50","2026-04-01 22:29:50","0",NULL,NULL,"0"
