id,date,stakeholder_id,expense_type_id,currency_id,description,price,quantity,tax,total,company_expense,paid_by_others,deleted_at,created_at,updated_at
1,2022-03-28,,8,4,"Market alışverişi.",19.99,1.000,0.00,19.99,0,0,,"2026-04-02 01:39:35","2026-04-02 01:39:35"
2,2022-03-28,,1,4,"6750.7 miles.",1.68,23.170,0.00,38.93,0,0,,"2026-04-02 01:39:35","2026-04-02 01:39:35"
3,2022-05-03,,2,4,"Öğle yemeği.",4.75,1.000,0.00,4.75,0,0,,"2022-05-03 12:53:16","2022-05-03 12:53:16"
4,2022-05-02,,2,4,"Magnum dondurma.",2.50,1.000,0.00,2.50,0,0,,"2022-05-03 12:55:18","2022-05-03 12:55:18"
5,2022-05-02,,1,4,"10204.4 miles",1.64,40.710,0.00,66.76,0,0,,"2022-05-03 13:02:00","2022-05-03 13:02:00"
6,2022-05-02,,9,4,"Pokemon TCG V-Deck",15.00,2.000,0.00,30.00,0,0,,"2022-05-03 13:05:35","2022-05-03 13:05:35"
7,2022-05-02,,9,4,"Pokemon TCG Sleeved Booster",4.00,2.000,0.00,8.00,0,0,,"2022-05-03 13:06:30","2022-05-03 13:06:30"
8,2022-05-03,,2,4,"Akşam yemeği.",32.12,1.000,0.00,32.12,0,0,,"2022-05-03 20:12:58","2022-05-03 20:12:58"
9,2022-05-04,,13,4,"Otel otopark ücreti",7.00,1.000,0.00,7.00,0,0,,"2022-05-04 09:37:04","2022-05-04 09:37:04"
10,2022-05-01,,13,4,"Otel otopark ücreti",34.60,1.000,0.00,34.60,0,0,,"2022-05-04 09:37:39","2022-05-04 09:37:39"
11,2022-05-04,,2,4,"Öğle yemeği.",4.80,1.000,0.00,4.80,0,0,,"2022-05-04 13:02:52","2022-05-04 13:02:52"
12,2022-05-04,,2,4,"Ayşe ile akşam yemeği",31.95,1.000,0.00,31.95,0,0,,"2022-05-04 20:04:02","2022-05-04 20:04:02"
13,2022-05-04,,2,4,"Ayşe ile dondurmalı profiterol",6.87,1.000,0.00,6.87,0,0,,"2022-05-04 20:34:15","2022-05-04 20:34:15"
14,2022-05-05,,14,4,"Kalan eşyaların nakliyesi.",128.00,1.000,0.00,128.00,0,0,,"2022-05-05 09:25:59","2022-05-05 09:25:59"
15,2022-05-05,,2,4,Kahve,1.45,1.000,0.00,1.45,0,0,,"2022-05-05 09:26:34","2022-05-05 09:26:34"
16,2022-05-05,,15,1,Burs,500.00,1.000,0.00,500.00,0,0,,"2022-05-05 09:37:20","2022-05-05 09:37:20"
17,2022-05-05,,2,4,"Öğle yemeği",5.09,1.000,0.00,5.09,0,0,,"2022-05-05 10:08:48","2022-05-05 10:08:48"
18,2022-05-05,,16,1,"Kendi şirketim için altın birikim.",749.97,1.000,0.00,749.97,0,0,,"2022-05-05 11:10:59","2022-05-05 11:10:59"
19,2022-05-05,,16,1,"Birikim için altın alışı.",2505.97,1.000,0.00,2505.97,0,0,,"2022-05-05 11:11:31","2022-05-05 11:11:31"
20,2022-05-05,,13,4,"Otel otopark ücreti",7.00,1.000,0.00,7.00,0,0,,"2022-05-05 15:49:39","2022-05-05 15:49:39"
21,2022-05-05,,2,4,"Ekiple akşam yemeği.",29.50,1.000,0.00,29.50,0,0,,"2022-05-05 18:02:09","2022-05-05 18:02:09"
22,2022-05-05,,2,4,"Ayşe street food",6.50,1.000,0.00,6.50,0,0,,"2022-05-05 19:36:19","2022-05-05 19:36:19"
23,2022-05-05,,2,4,"Viski ve elma prosekosu",17.00,1.000,0.00,17.00,0,0,,"2022-05-05 19:37:14","2022-05-05 19:37:14"
24,2022-05-05,,9,4,"Sweet November filmi satın aldım.",7.99,1.000,0.00,7.99,0,0,,"2022-05-06 05:37:41","2022-05-06 05:37:41"
25,2022-05-05,,8,4,"Market alışverişi.",7.05,1.000,0.00,7.05,0,0,,"2022-05-06 05:39:03","2022-05-06 05:39:03"
26,2022-05-09,,9,4,"Doctor Who dergisi yıllık üyelik.",96.00,1.000,0.00,96.00,0,0,,"2022-05-09 06:52:14","2022-05-09 06:52:14"
27,2022-05-09,,8,1,"Tıraş Makinesi",12.50,1.000,0.00,12.50,0,0,,"2022-05-09 14:32:00","2022-05-09 14:32:00"
28,2022-05-09,,8,1,"Market alışverişi.",26.85,1.000,0.00,26.85,0,0,,"2022-05-09 14:35:00","2022-05-09 14:35:00"
29,2022-05-09,,2,1,"Akşam yemeği yoğurtlu tantuni ve ayran.",36.00,1.000,0.00,36.00,0,0,,"2022-05-09 15:49:18","2022-05-09 15:49:18"
30,2022-05-10,,2,1,"Yeşim ile akşam yemeği.",244.00,1.000,0.00,244.00,0,0,,"2022-05-11 17:40:58","2022-05-11 17:40:58"
31,2022-05-11,,12,1,"Grip ilaçları.",44.00,1.000,0.00,44.00,0,0,,"2022-05-11 17:41:22","2022-05-11 17:41:22"
32,2022-05-11,,2,1,"Melike ile akşam yemeği.",83.00,1.000,0.00,83.00,0,0,,"2022-05-11 18:33:40","2022-05-11 18:33:40"
33,2022-05-10,,17,1,"Yeşim ve Kerem ile eğlence.",37.00,3.000,0.00,111.00,0,0,,"2022-05-11 18:34:10","2022-05-11 18:34:10"
34,2022-05-13,,12,1,"Mahir seans ücreti.",402.44,1.000,0.00,402.44,0,0,,"2022-05-13 13:13:01","2022-05-13 13:13:01"
35,2022-05-13,,18,1,Amerikano,20.50,1.000,0.00,20.50,0,0,,"2022-05-13 13:14:38","2022-05-13 13:14:38"
36,2022-05-13,,8,1,"Market alışverişi.",38.90,1.000,0.00,38.90,0,0,,"2022-05-13 13:15:04","2022-05-13 13:15:04"
37,2022-05-13,,2,1,"Emre ile yemek.",120.00,1.000,0.00,120.00,0,0,,"2022-05-13 15:43:18","2022-05-13 15:43:18"
38,2022-05-12,,8,1,"Market alışverişi.",33.65,1.000,0.00,33.65,0,0,,"2022-05-14 07:07:23","2022-05-14 07:07:23"
39,2022-05-15,,1,1,"Kiralık araç yakıtı.",21.12,37.410,0.00,790.10,0,0,,"2022-05-15 08:39:52","2022-05-15 08:39:52"
40,2022-05-17,,2,1,"Akşam yemeği.",34.99,1.000,0.00,34.99,0,0,,"2022-05-17 19:21:47","2022-05-17 19:21:47"
41,2022-05-17,,9,1,"Beyhan Budak - Mutluluğu Kaybettiğin Yerde Arama",35.00,1.000,0.00,35.00,0,0,,"2022-05-17 19:23:00","2022-05-17 19:23:00"
42,2022-05-17,,19,1,"Saç tıraşı.",80.00,1.000,0.00,80.00,0,0,,"2022-05-17 19:34:23","2022-05-17 19:34:23"
43,2022-05-14,,18,1,Amerikano,27.00,1.000,0.00,27.00,0,0,,"2022-05-17 19:36:08","2022-05-17 19:36:08"
44,2022-05-16,,2,1,"Tolga Karka, Şebnem ve Esra ile öğle yemeği.",290.00,1.000,0.00,290.00,0,0,,"2022-05-17 19:37:37","2022-05-17 19:37:37"
45,2022-05-15,,2,1,"Kelle paça çorbası.",30.00,1.000,0.00,30.00,0,0,,"2022-05-17 19:39:32","2022-05-17 19:39:32"
46,2022-05-15,,17,1,"Alkolsüz içecek ve çerez.",50.00,1.000,0.00,50.00,0,0,,"2022-05-17 19:40:45","2022-05-17 19:40:45"
47,2022-05-15,,2,1,"Pilav üstü tavuk.",25.00,1.000,0.00,25.00,0,0,,"2022-05-17 19:41:53","2022-05-17 19:41:53"
48,2022-05-15,,9,1,"Bilim kurgu kitapları. (7 kitap)",212.00,1.000,0.00,212.00,0,0,,"2022-05-17 19:44:29","2022-05-17 19:44:29"
49,2022-05-15,,9,1,"Oğuzhan Uğur - Mevzular",17.00,1.000,0.00,17.00,0,0,,"2022-05-17 19:45:58","2022-05-17 19:45:58"
50,2022-05-14,,8,1,"Market alışverişi.",388.25,1.000,0.00,388.25,0,0,,"2022-05-17 19:46:55","2022-05-17 19:46:55"
51,2022-05-14,,8,1,"Market alışverişi.",62.57,1.000,0.00,62.57,0,0,,"2022-05-17 19:47:29","2022-05-17 19:47:29"
52,2022-05-14,,9,1,"Tarih kitapları.",97.00,1.000,0.00,97.00,0,0,,"2022-05-17 19:48:29","2022-05-17 19:48:29"
53,2022-05-14,,9,1,"Doğan Cüceloğlu kitapları (5 kitap)",150.00,1.000,0.00,150.00,0,0,,"2022-05-17 19:49:29","2022-05-17 19:49:29"
54,2022-05-18,,8,1,"Market alışverişi.",144.50,1.000,0.00,144.50,0,0,,"2022-05-18 08:18:00","2022-05-18 08:18:00"
55,2022-05-20,,2,1,"Burger Zero",67.90,1.000,0.00,67.90,0,0,,"2022-05-20 10:41:58","2022-05-20 10:41:58"
56,2022-05-20,,12,1,"Burun sprey ve kremi.",111.15,1.000,0.00,111.15,0,0,,"2022-05-20 10:42:36","2022-05-20 10:42:36"
57,2022-05-20,,1,1,"Kiralık araç yakıtı.",23.87,35.620,0.00,850.25,0,0,,"2022-05-20 13:24:54","2022-05-20 13:24:54"
58,2022-05-20,,1,1,"Mustafa'nın aracına yakıt.",22.73,45.560,0.00,1035.58,0,0,,"2022-05-21 09:25:03","2022-05-21 09:25:03"
59,2022-05-20,,20,1,"Ev vergileri Myra ve İzmit.",550.00,1.000,0.00,550.00,0,0,,"2022-05-21 09:26:13","2022-05-21 09:26:13"
60,2022-05-21,,15,1,"Melike düğün için pilav parası.",550.00,1.000,0.00,550.00,0,0,,"2022-05-21 09:26:55","2022-05-21 09:26:55"
61,2022-05-21,,2,1,"Sezar Salata",75.00,1.000,0.00,75.00,0,0,,"2022-05-22 21:25:19","2022-05-22 21:25:19"
62,2022-05-21,,17,1,"Bomonti Filtresiz",57.00,2.000,0.00,114.00,0,0,,"2022-05-22 21:25:51","2022-05-22 21:25:51"
63,2022-05-23,,14,1,Tramvay,4.00,2.000,0.00,8.00,0,0,,"2022-05-23 11:20:40","2022-05-23 11:20:40"
64,2022-05-23,,2,1,"Çay sandiviç limonata.",40.00,1.000,0.00,40.00,0,0,,"2022-05-23 12:14:51","2022-05-23 12:14:51"
65,2022-05-24,,21,1,"Gitar, amfi ve ekipmanları.",5150.00,1.000,0.00,5150.00,0,0,,"2022-05-24 11:03:06","2022-05-24 11:03:06"
66,2022-05-24,,2,1,"Akşam yemeği.",64.00,1.000,0.00,64.00,0,0,,"2022-05-24 17:37:44","2022-05-24 17:37:44"
67,2022-05-24,,9,1,Eğlence,1.00,2.000,0.00,2.00,0,0,,"2022-05-24 17:38:42","2022-05-24 17:38:42"
68,2022-05-24,,14,1,"Şehiriçi gezmek.",4.00,2.000,0.00,8.00,0,0,,"2022-05-24 17:39:17","2022-05-24 17:39:17"
69,2022-05-24,,9,1,"5 adet kitap.",55.00,1.000,0.00,55.00,0,0,,"2022-05-24 17:40:35","2022-05-24 17:40:35"
70,2022-05-27,,21,1,"Gitar dersi 1 aylık.",125.00,4.000,0.00,500.00,0,0,,"2022-05-28 12:43:41","2022-05-28 12:43:41"
71,2022-05-29,,8,1,"Market alışverişi.",43.75,1.000,0.00,43.75,0,0,,"2022-05-29 07:29:00","2022-05-29 07:29:00"
72,2022-05-30,,12,1,"Ayşe seans ücreti.",400.00,1.000,0.00,400.00,0,0,,"2022-05-30 04:41:49","2022-05-30 04:41:49"
73,2022-05-29,,8,1,"Çikolata cips.",24.00,1.000,0.00,24.00,0,0,,"2022-05-30 04:42:58","2022-05-30 04:42:58"
74,2022-05-29,,18,1,"Limonta çay.",17.00,1.000,0.00,17.00,0,0,,"2022-05-30 04:43:53","2022-05-30 04:43:53"
75,2022-05-29,,18,1,"Çay kahve.",20.00,1.000,0.00,20.00,0,0,,"2022-05-30 04:50:46","2022-05-30 04:50:46"
76,2022-05-30,,2,1,"Melike ile akşam yemeği.",150.00,1.000,0.00,150.00,0,0,,"2022-05-30 04:51:29","2022-05-30 04:51:29"
77,2022-06-01,,17,1,"2 Bira",107.00,1.000,0.00,107.00,0,0,,"2022-06-02 10:06:14","2022-06-02 10:06:14"
78,2022-06-01,,2,1,dondurma.,12.00,1.000,0.00,12.00,0,0,,"2022-06-02 10:06:56","2022-06-02 10:06:56"
79,2022-05-31,,2,1,"Nurpelin ile akşam yemeği.",339.00,1.000,0.00,339.00,0,0,,"2022-06-02 10:07:45","2022-06-02 10:07:45"
80,2022-06-01,,1,1,"Mustafa'nın aracına akaryakıt.",25.04,28.750,0.00,719.90,0,0,,"2022-06-02 10:08:59","2022-06-02 10:08:59"
81,2022-06-02,,8,1,"Teknisyen ekip ile öğle yemeği.",470.00,1.000,0.00,470.00,0,0,,"2022-06-02 10:09:49","2022-06-02 10:09:49"
82,2022-06-03,,18,1,"Ekiptekilerle Türk kahvesi.",54.40,1.000,0.00,54.40,0,0,,"2022-06-03 13:28:45","2022-06-03 13:28:45"
83,2022-06-06,,12,1,"Ayşe seans.",400.00,1.000,0.00,400.00,0,0,,"2022-06-06 07:28:29","2022-06-06 07:28:29"
84,2022-06-05,,2,1,"Burger akşam yemeği.",59.00,1.000,0.00,59.00,0,0,,"2022-06-06 09:32:30","2022-06-06 09:32:30"
85,2022-06-06,,8,1,"Ali'den 2011 Ford Fiesta alındı.",227000.00,1.000,0.00,227000.00,0,0,,"2022-06-06 10:10:29","2022-06-06 10:10:29"
86,2022-06-06,,20,1,"Yeni aracım için 41 Plaka parası",140.00,1.000,0.00,140.00,0,0,,"2022-06-06 13:45:06","2022-06-06 13:45:06"
87,2022-06-06,,20,1,"Araç satış noter masrafları.",393.95,1.000,0.00,393.95,0,0,,"2022-06-06 13:45:56","2022-06-06 13:45:56"
88,2022-06-06,,1,1,"121250. km akaryakıt.",26.27,40.300,0.00,1058.68,0,0,,"2022-06-06 15:14:11","2022-06-06 15:14:11"
89,2022-06-04,,22,1,"2 adet T-shirt.",209.98,1.000,0.00,209.98,0,0,,"2022-06-07 18:05:59","2022-06-07 18:05:59"
90,2022-06-07,,2,1,"Akşam yemeği.",54.00,1.000,0.00,54.00,0,0,,"2022-06-07 19:24:31","2022-06-07 19:24:31"
91,2022-06-07,,1,1,"121327. km akaryakıt.",26.27,4.570,0.00,120.05,0,0,,"2022-06-07 19:45:55","2022-06-07 19:45:55"
92,2022-06-09,,2,1,"Ayşe ile akşam yemeği.",338.00,1.000,0.00,338.00,0,0,,"2022-06-10 06:04:51","2022-06-10 06:04:51"
93,2022-06-10,,2,1,"Ayşe ile tatlı.",67.00,1.000,0.00,67.00,0,0,,"2022-06-10 06:05:37","2022-06-10 06:05:37"
94,2022-06-10,,1,1,"121643. km akaryakıt.",28.48,20.370,0.00,580.14,0,0,,"2022-06-10 20:59:49","2022-06-10 20:59:49"
95,2022-06-12,,2,1,"Ayşe ve Mustafa ile akşam yemeği.",174.00,1.000,0.00,174.00,0,0,,"2022-06-12 16:25:41","2022-06-12 16:25:41"
96,2022-06-12,,8,1,"Soda Kitap",58.30,1.000,0.00,58.30,0,0,,"2022-06-12 16:27:04","2022-06-12 16:27:04"
97,2022-06-12,,8,1,"Market alışverişi.",90.71,1.000,0.00,90.71,0,0,,"2022-06-12 16:27:41","2022-06-12 16:27:41"
98,2022-06-13,,2,1,"Ayşe ile akşam yemeği",66.00,1.000,0.00,66.00,0,0,,"2022-06-13 16:29:55","2022-06-13 16:29:55"
99,2022-06-13,,8,1,"Rebull kolonya",66.00,1.000,0.00,66.00,0,0,,"2022-06-13 16:33:36","2022-06-13 16:33:36"
100,2022-06-13,,1,1,"121xxx. km akaryakıt.",28.48,20.370,0.00,580.14,0,0,,"2022-06-13 21:01:55","2022-06-13 21:01:55"
101,2022-06-13,,18,1,"100 TL şirket kartıma çay kahve için yüklendi.",100.00,1.000,0.00,100.00,0,0,,"2022-06-14 06:08:47","2022-06-14 06:08:47"
102,2022-06-17,,2,1,"Ayşe ile akşam yemeği",162.00,1.000,0.00,162.00,0,0,,"2022-06-17 13:11:11","2022-06-17 13:11:11"
103,2022-06-17,,12,1,"Ayşe seans.",400.00,1.000,0.00,400.00,0,0,,"2022-06-17 13:14:56","2022-06-17 13:14:56"
104,2022-06-17,,2,1,"Ayşe ile çorbacıda 2 kellepaça.",105.00,1.000,0.00,105.00,0,0,,"2022-06-17 22:21:33","2022-06-17 22:21:33"
105,2022-06-20,,2,1,"Ayşe ile profiterol.",67.00,1.000,0.00,67.00,0,0,,"2022-06-20 05:06:16","2022-06-20 05:06:16"
106,2022-06-20,,2,1,"Ayşe ile akşam yemeği.",132.00,1.000,0.00,132.00,0,0,,"2022-06-22 04:37:15","2022-06-22 04:37:15"
107,2022-06-23,,21,1,"Milonga girişi.",40.00,2.000,0.00,80.00,0,0,,"2022-06-24 06:19:11","2022-06-24 06:19:11"
108,2022-06-23,,2,1,Lahmacun,25.00,2.000,0.00,50.00,0,0,,"2022-06-24 06:27:08","2022-06-24 06:27:08"
109,2022-06-03,,18,1,"Ekiple Türk Kahvesi.",54.40,1.000,0.00,54.40,0,0,,"2022-06-24 06:29:47","2022-06-24 06:29:47"
110,2022-05-22,,2,1,"Akşam yemeği",213.00,1.000,0.00,213.00,0,0,,"2022-06-24 06:44:42","2022-06-24 06:44:42"
111,2022-06-23,,20,1,"Gecikmiş Dartford cezası.",107.50,1.000,0.00,107.50,0,0,,"2022-06-24 07:01:16","2022-06-24 07:01:16"
112,2022-06-23,,12,1,"Ayşe seans.",700.00,1.000,0.00,700.00,0,0,,"2022-06-24 15:02:19","2022-06-24 15:02:19"
113,2022-06-24,,2,1,"Akşam yemeği.",66.95,1.000,0.00,66.95,0,0,,"2022-06-24 17:32:45","2022-06-24 17:32:45"
114,2022-06-24,,18,1,Amerikano,18.00,1.000,0.00,18.00,0,0,,"2022-06-25 05:13:56","2022-06-25 05:13:56"
115,2022-06-24,,9,1,"2 kitap.",45.50,1.000,0.00,45.50,0,0,,"2022-06-25 05:15:44","2022-06-25 05:15:44"
116,2022-06-24,,8,1,"Market alışverişi.",49.75,1.000,0.00,49.75,0,0,,"2022-06-25 05:16:14","2022-06-25 05:16:14"
117,2022-06-25,,21,1,"Müzik kitabı",150.00,1.000,0.00,150.00,0,0,,"2022-06-25 16:31:49","2022-06-25 16:31:49"
118,2022-06-25,,15,1,Bağış,10.00,1.000,0.00,10.00,0,0,,"2022-06-25 16:32:50","2022-06-25 16:32:50"
119,2022-06-25,,1,1,"122778. km akaryakıt.",27.30,35.530,0.00,969.97,0,0,,"2022-06-25 16:42:25","2022-06-25 16:42:25"
120,2022-06-26,,21,1,"Drone için Micro SD kart.",79.95,1.000,0.00,79.95,0,0,,"2022-06-26 14:24:18","2022-06-26 14:24:18"
121,2022-06-28,,2,1,"Ayşe ile akşam yemeği.",300.00,1.000,0.00,300.00,0,0,,"2022-06-28 15:33:07","2022-06-28 15:33:07"
122,2022-06-28,,8,1,Sakız,7.50,2.000,0.00,15.00,0,0,,"2022-06-28 15:45:13","2022-06-28 15:45:13"
123,2022-06-28,,17,1,Bira,45.00,2.000,0.00,90.00,0,0,,"2022-06-28 19:34:40","2022-06-28 19:34:40"
124,2022-06-29,,2,1,"Ayşe ile yemek.",116.00,1.000,0.00,116.00,0,0,,"2022-06-29 09:52:00","2022-06-29 09:52:00"
125,2022-06-29,,15,1,Hediye,150.00,1.000,0.00,150.00,0,0,,"2022-06-29 10:25:31","2022-06-29 10:25:31"
126,2022-06-29,,9,1,"Pokemon kartı.",79.99,1.000,0.00,79.99,0,0,,"2022-06-29 10:26:09","2022-06-29 10:26:09"
127,2022-06-29,,18,1,"Ayşe ile kahve.",56.00,1.000,0.00,56.00,0,0,,"2022-06-29 10:26:36","2022-06-29 10:26:36"
128,2022-06-29,,8,1,"Susurluk Tostu",34.00,1.000,0.00,34.00,0,0,,"2022-06-29 10:27:30","2022-06-29 10:27:30"
129,2022-06-29,,1,1,"123269. km akaryakıt.",27.49,30.190,0.00,829.92,0,0,,"2022-06-29 12:14:51","2022-06-29 12:14:51"
130,2022-07-02,,1,1,"123856. km akaryakıt.",25.24,39.220,0.00,989.91,0,0,,"2022-07-02 13:30:59","2022-07-02 13:30:59"
131,2022-07-05,,9,1,"Atkı 2 adet.",159.98,1.000,0.00,159.98,0,0,,"2022-07-06 06:07:28","2022-07-06 06:07:28"
132,2022-07-05,,1,1,"124489. km akaryakıt.",25.38,36.770,0.00,933.22,0,0,,"2022-07-06 06:08:45","2022-07-06 06:08:45"
133,2022-07-05,,9,1,"Pokemon Booster kart.",49.99,2.000,0.00,99.98,0,0,,"2022-07-06 06:09:48","2022-07-06 06:09:48"
134,2022-06-30,,14,1,"Bozcaada vapur ücreti.",30.00,2.000,0.00,60.00,0,0,,"2022-07-06 06:10:43","2022-07-06 06:10:43"
135,2022-06-22,,21,1,"Mangal ve kamp sandalyesi.",380.00,1.000,0.00,380.00,0,0,,"2022-07-06 06:11:50","2022-07-06 06:11:50"
136,2022-07-07,,2,1,"Tek kahvaltı",40.00,1.000,0.00,40.00,0,0,,"2022-07-07 04:39:57","2022-07-07 04:39:57"
137,2022-07-07,,18,1,Amerikano,24.50,1.000,0.00,24.50,0,0,,"2022-07-07 05:20:29","2022-07-07 05:20:29"
138,2022-07-07,,9,1,Kitap,9.99,1.000,0.00,9.99,0,0,,"2022-07-07 17:52:19","2022-07-07 17:52:19"
139,2022-07-07,,8,1,"Çöp poşeti fırça vs.",86.70,1.000,0.00,86.70,0,0,,"2022-07-07 17:53:13","2022-07-07 17:53:13"
140,2022-07-14,,1,1,"125093. km akaryakıt.",23.70,37.550,0.00,889.94,0,0,,"2022-07-14 17:41:49","2022-07-14 17:41:49"
141,2022-07-26,,1,1,"125681. km akaryakıt.",22.24,39.820,0.00,885.60,0,0,,"2022-07-26 21:19:51","2022-07-26 21:19:51"
142,2022-07-29,,12,1,"Seans ücreti",400.00,2.000,0.00,800.00,0,0,,"2022-07-29 15:58:59","2022-07-29 15:58:59"
143,2022-07-18,,12,1,Seans.,400.00,1.000,0.00,400.00,0,0,,"2022-08-05 07:16:53","2022-08-05 07:16:53"
144,2022-06-21,,23,1,"Asos Tango Kamp 2022",3450.00,2.000,0.00,6900.00,0,0,,"2022-08-05 09:45:03","2022-08-05 09:45:03"
145,2022-08-01,,23,1,"Asos Tango Kamp 2023",4450.00,2.000,0.00,8900.00,0,0,,"2022-08-05 09:46:03","2022-08-05 09:46:03"
146,2022-07-30,,21,1,"Tango Ayakkabısı",330.00,1.000,0.00,330.00,0,0,,"2022-08-05 09:46:47","2022-08-05 09:46:47"
147,2022-08-05,,16,1,"Myra Peşinat Ödemesi",5000.00,1.000,0.00,5000.00,0,0,,"2022-08-05 09:47:37","2022-08-05 09:47:37"
148,2022-07-06,,16,1,"Myra Peşinat Ödemesi",5000.00,1.000,0.00,5000.00,0,0,,"2022-08-05 09:48:22","2022-08-05 09:48:22"
149,2022-08-04,,15,1,"Mahmut'un kanser olan akrabasına destek.",300.00,1.000,0.00,300.00,0,0,,"2022-08-05 09:50:17","2022-08-05 09:50:17"
150,2022-08-03,,19,1,"Saç kesimi.",100.00,1.000,0.00,100.00,0,0,,"2022-08-05 09:51:21","2022-08-05 09:51:21"
151,2022-08-14,,17,1,"Bomonti Filtresiz",70.00,1.000,0.00,70.00,0,0,,"2022-08-15 14:18:33","2022-08-15 14:18:33"
152,2022-08-13,,17,1,"Tuborg şişe.",50.00,3.000,0.00,150.00,0,0,,"2022-08-15 14:19:12","2022-08-15 14:19:12"
153,2022-08-26,,9,1,"4 adet kitap.",128.90,1.000,0.00,128.90,0,0,,"2022-08-26 13:36:56","2022-08-26 13:36:56"
154,2022-08-28,,17,1,"2 bira.",95.00,1.000,0.00,95.00,0,0,,"2022-08-28 19:34:47","2022-08-28 19:34:47"
155,2022-07-14,,12,1,"Check-up ücreti.",2970.00,1.000,0.00,2970.00,0,0,,"2022-08-31 09:14:41","2022-08-31 09:14:41"
156,2022-08-31,,2,1,"Akşam yemeği.",65.00,1.000,0.00,65.00,0,0,,"2022-08-31 12:40:49","2022-08-31 12:40:49"
157,2022-09-02,,2,1,"Kahvaltı kahve ve sandiviç.",53.40,1.000,0.00,53.40,0,0,,"2022-09-02 04:41:09","2022-09-02 04:41:09"
158,2022-09-02,,2,1,"Öğle yemeği.",62.00,1.000,0.00,62.00,0,0,,"2022-09-02 08:59:08","2022-09-02 08:59:08"
159,2022-09-02,,17,1,"4 adet bira.",172.00,1.000,0.00,172.00,0,0,,"2022-09-02 21:56:49","2022-09-02 21:56:49"
160,2022-09-02,,2,1,"1 kelle paça",48.00,1.000,0.00,48.00,0,0,,"2022-09-02 21:57:08","2022-09-02 21:57:08"
161,2022-09-03,,1,1,"128685. km akaryakıt.",18.74,36.830,0.00,690.19,0,0,,"2022-09-03 16:59:46","2022-09-03 16:59:46"
162,2022-09-04,,8,1,"Market alışverişi.",119.25,1.000,0.00,119.25,0,0,,"2022-09-04 07:54:50","2022-09-04 07:54:50"
163,2022-09-03,,21,1,"Büyükada gidiş geliş.",35.00,2.000,0.00,70.00,0,0,,"2022-09-04 07:56:53","2022-09-04 07:56:53"
164,2022-09-03,,17,1,"FOKK gezisi bira.",55.00,2.000,0.00,110.00,0,0,,"2022-09-04 07:58:10","2022-09-04 07:58:10"
165,2022-09-03,,17,1,"Bira ve volim.",178.00,1.000,0.00,178.00,0,0,,"2022-09-04 07:59:26","2022-09-04 07:59:26"
166,2022-09-04,,18,1,"Yeşimto ile kahve.",67.50,1.000,0.00,67.50,0,0,,"2022-09-04 13:11:25","2022-09-04 13:11:25"
167,2022-09-04,,2,1,"Yeşim ve İsa ile akşam yemeği.",381.60,1.000,0.00,381.60,0,0,,"2022-09-04 17:33:59","2022-09-04 17:33:59"
168,2022-09-04,,9,1,"Kafkaokur ve Metal Simyacı",60.00,1.000,0.00,60.00,0,0,,"2022-09-04 17:34:52","2022-09-04 17:34:52"
169,2022-09-04,,18,1,"Decaf kahve.",21.50,1.000,0.00,21.50,0,0,,"2022-09-04 17:35:19","2022-09-04 17:35:19"
170,2022-09-05,,2,1,"Akşam yemeği.",55.00,1.000,0.00,55.00,0,0,,"2022-09-05 15:26:42","2022-09-05 15:26:42"
171,2022-09-05,,18,1,"Decaf kahve.",21.50,1.000,0.00,21.50,0,0,,"2022-09-05 16:54:31","2022-09-05 16:54:31"
172,2022-09-05,,21,1,"Açılır masa.",290.00,1.000,0.00,290.00,0,0,,"2022-09-05 16:55:33","2022-09-05 16:55:33"
173,2022-09-06,,17,1,"İki bira.",50.00,2.000,0.00,100.00,0,0,,"2022-09-06 05:33:52","2022-09-06 05:33:52"
174,2022-09-08,,17,1,"Bira ve çerez",110.00,1.000,0.00,110.00,0,0,,"2022-09-09 13:51:11","2022-09-09 13:51:11"
175,2022-09-06,,17,1,"4 bira.",180.00,1.000,0.00,180.00,0,0,,"2022-09-09 13:51:48","2022-09-09 13:51:48"
176,2022-09-09,,18,1,"Decaf kahve.",29.00,1.000,0.00,29.00,0,0,,"2022-09-09 14:33:37","2022-09-09 14:33:37"
177,2022-09-10,,18,1,kahve.,26.00,1.000,0.00,26.00,0,0,,"2022-09-10 11:17:13","2022-09-10 11:17:13"
178,2022-09-10,,16,1,"Myra Peşinat.",5900.00,1.000,0.00,5900.00,0,0,,"2022-09-10 11:18:33","2022-09-10 11:18:33"
179,2022-09-21,,1,1,"129759. km yakıt.",19.32,33.640,0.00,649.92,0,0,,"2022-09-21 21:28:37","2022-09-21 21:28:37"
180,2022-09-21,,8,1,"Abur cubur.",69.00,1.000,0.00,69.00,0,0,,"2022-09-21 21:29:14","2022-09-21 21:29:14"
181,2022-09-24,,17,1,"4 bira.",172.00,1.000,0.00,172.00,0,0,,"2022-09-25 12:40:59","2022-09-25 12:40:59"
182,2022-09-25,,18,1,"Decaf kahve.",26.00,1.000,0.00,26.00,0,0,,"2022-09-25 12:50:46","2022-09-25 12:50:46"
183,2022-09-25,,2,1,"Steak burger.",70.00,1.000,0.00,70.00,0,0,,"2022-09-25 15:08:28","2022-09-25 15:08:28"
184,2022-09-25,,18,1,"Kahve ve mozaik pasta.",63.00,1.000,0.00,63.00,0,0,,"2022-09-25 15:09:28","2022-09-25 15:09:28"
185,2022-09-25,,8,1,"Resim defteri kalem.",31.40,1.000,0.00,31.40,0,0,,"2022-09-25 15:10:14","2022-09-25 15:10:14"
186,2022-09-25,,9,1,"Eskişehir'den kitaplar aldım.",329.85,1.000,0.00,329.85,0,0,,"2022-09-25 18:18:16","2022-09-25 18:18:16"
187,2022-09-25,,23,1,"Eskişehir'de 1 gecelik konaklama.",200.00,1.000,0.00,200.00,0,0,,"2022-09-26 09:39:08","2022-09-26 09:39:08"
188,2022-09-25,,17,1,"2 bira ve çerez.",175.00,1.000,0.00,175.00,0,0,,"2022-09-26 09:40:17","2022-09-26 09:40:17"
189,2022-09-26,,2,1,Kahvaltı.,144.00,1.000,0.00,144.00,0,0,,"2022-09-26 11:14:55","2022-09-26 11:14:55"
190,2022-09-26,,1,1,"130300km akaryakıt.",19.33,37.770,0.00,730.09,0,0,,"2022-09-27 06:02:42","2022-09-27 06:02:42"
191,2022-09-29,,17,1,Bira,40.00,2.000,0.00,80.00,0,0,,"2022-09-29 20:32:31","2022-09-29 20:32:31"
192,2022-09-29,,15,1,"Mustafa'ya düğün için 10k borç.",10000.00,1.000,0.00,10000.00,0,0,,"2022-09-30 16:19:40","2022-09-30 16:19:40"
193,2022-10-02,,18,1,"Decaf kahve.",26.00,1.000,0.00,26.00,0,0,,"2022-10-02 14:37:41","2022-10-02 14:37:41"
194,2022-10-02,,1,1,"131070. km yakıt.",19.34,37.610,0.00,727.38,0,0,,"2022-10-02 14:38:51","2022-10-02 14:38:51"
195,2022-10-03,,17,1,"2 Efes özel seri.",30.00,2.000,0.00,60.00,0,0,,"2022-10-04 05:39:18","2022-10-04 05:39:18"
196,2022-10-04,,2,1,Kahvaltı.,53.40,1.000,0.00,53.40,0,0,,"2022-10-04 05:39:40","2022-10-04 05:39:40"
197,2022-10-06,,18,1,kahve.,26.00,1.000,0.00,26.00,0,0,,"2022-10-06 05:06:21","2022-10-06 05:06:21"
198,2022-10-05,,17,1,"Bi bira",40.00,1.000,0.00,40.00,0,0,,"2022-10-06 05:13:22","2022-10-06 05:13:22"
199,2022-10-06,,1,1,"131500. km yakıt.",19.68,28.470,0.00,560.29,0,0,,"2022-10-06 15:30:45","2022-10-06 15:30:45"
200,2022-10-06,,14,1,"Araç yağ değişimi, baskı balata değişimi, buji ve filtre değişimleri.",2700.00,1.000,0.00,2700.00,0,0,,"2022-10-06 19:10:51","2022-10-06 19:10:51"
201,2022-10-07,,2,1,"Soğuk sandiviç meyve suyu.",16.00,1.000,0.00,16.00,0,0,,"2022-10-07 04:02:29","2022-10-07 04:02:29"
202,2022-10-05,,2,1,"Soğuk sandiviç.",10.00,1.000,0.00,10.00,0,0,,"2022-10-07 04:02:52","2022-10-07 04:02:52"
203,2022-10-06,,17,1,"2 bira",40.00,2.000,0.00,80.00,0,0,,"2022-10-07 04:03:18","2022-10-07 04:03:18"
204,2022-10-07,,2,1,"Çay çikolata.",9.50,1.000,0.00,9.50,0,0,,"2022-10-07 13:50:42","2022-10-07 13:50:42"
205,2022-09-25,,9,1,"Toplu kitap alımı.",329.85,1.000,0.00,329.85,0,0,,"2022-10-09 09:37:39","2022-10-09 09:37:39"
206,2022-10-09,,15,1,"Emre'ye doğum günü hediyesi gömlek.",299.99,1.000,0.00,299.99,0,0,,"2022-10-09 09:50:36","2022-10-09 09:50:36"
207,2022-10-09,,8,1,cips,25.00,1.000,0.00,25.00,0,0,,"2022-10-10 04:51:47","2022-10-10 04:51:47"
208,2022-10-10,,2,1,"Soğuk sandiviç, meyve suyu.",16.00,1.000,0.00,16.00,0,0,,"2022-10-10 04:52:45","2022-10-10 04:52:45"
209,2022-10-09,,9,1,Kitap,68.90,1.000,0.00,68.90,0,0,,"2022-10-10 04:53:17","2022-10-10 04:53:17"
210,2022-10-09,,2,1,"Akşam yemeği.",90.00,1.000,0.00,90.00,0,0,,"2022-10-10 05:59:03","2022-10-10 05:59:03"
211,2022-10-10,,8,1,"Yaren'e ev alışverişi.",63.75,1.000,0.00,63.75,0,0,,"2022-10-10 15:25:12","2022-10-10 15:25:12"
212,2022-10-11,,8,1,"Market alışverişi.",357.10,1.000,0.00,357.10,0,0,,"2022-10-11 10:51:21","2022-10-11 10:51:21"
213,2022-10-11,,8,1,"Market alışverişi.",51.25,1.000,0.00,51.25,0,0,,"2022-10-11 10:52:06","2022-10-11 10:52:06"
214,2022-10-11,,8,1,"Market alışverişi.",29.11,1.000,0.00,29.11,0,0,,"2022-10-11 10:52:27","2022-10-11 10:52:27"
215,2022-10-13,,17,1,"2 bira",45.00,2.000,0.00,90.00,0,0,,"2022-10-13 19:47:28","2022-10-13 19:47:28"
216,2022-10-14,,17,1,"2 bira",45.00,2.000,0.00,90.00,0,0,,"2022-10-14 20:03:16","2022-10-14 20:03:16"
217,2022-10-16,,2,1,"Steak House.",83.00,1.000,0.00,83.00,0,0,,"2022-10-16 15:48:32","2022-10-16 15:48:32"
218,2022-10-16,,18,1,kahve.,29.00,1.000,0.00,29.00,0,0,,"2022-10-16 15:48:48","2022-10-16 15:48:48"
219,2022-10-16,,8,1,"5lt 2 adet su.",7.50,2.000,0.00,15.00,0,0,,"2022-10-16 15:49:49","2022-10-16 15:49:49"
220,2022-10-17,,2,1,Kahvaltı.,54.00,1.000,0.00,54.00,0,0,,"2022-10-17 07:07:43","2022-10-17 07:07:43"
221,2022-10-17,,20,1,"Araç kapı kayıt parası yıllık.",200.00,1.000,0.00,200.00,0,0,,"2022-10-17 16:16:38","2022-10-17 16:16:38"
222,2022-10-17,,2,1,"Akşam yemeği.",41.00,1.000,0.00,41.00,0,0,,"2022-10-17 16:17:23","2022-10-17 16:17:23"
223,2022-10-17,,18,1,kahve.,26.00,1.000,0.00,26.00,0,0,,"2022-10-17 17:00:44","2022-10-17 17:00:44"
224,2022-10-19,,2,1,"Karta para yükleme.",50.00,1.000,0.00,50.00,0,0,,"2022-10-20 06:10:56","2022-10-20 06:10:56"
225,2022-10-18,,18,1,"decaf kahve.",26.00,1.000,0.00,26.00,0,0,,"2022-10-20 06:11:21","2022-10-20 06:11:21"
226,2022-10-20,,2,1,Kahvaltı.,16.00,1.000,0.00,16.00,0,0,,"2022-10-20 06:12:29","2022-10-20 06:12:29"
227,2022-10-20,,22,1,T-shirt,79.99,1.000,0.00,79.99,0,0,,"2022-10-20 15:57:27","2022-10-20 15:57:27"
228,2022-10-20,,8,1,"Islak mendil.",12.95,1.000,0.00,12.95,0,0,,"2022-10-20 15:58:54","2022-10-20 15:58:54"
229,2022-10-13,,1,1,"132115 km yakıt.",20.71,38.150,0.00,790.09,0,0,,"2022-10-21 06:52:14","2022-10-21 06:52:14"
230,2022-10-06,,2,1,Sushi.,209.00,1.000,0.00,209.00,0,0,,"2022-10-21 06:56:31","2022-10-21 06:56:31"
231,2022-10-12,,2,1,Sushi.,175.00,1.000,0.00,175.00,0,0,,"2022-10-21 06:57:42","2022-10-21 06:57:42"
232,2022-10-22,,2,1,Kahvaltı.,50.00,1.000,0.00,50.00,0,0,,"2022-10-22 08:10:37","2022-10-22 08:10:37"
233,2022-10-22,,12,1,"Dermatoloji ve Göğüs cerrahisi muayne.",15.00,2.000,0.00,30.00,0,0,,"2022-10-22 08:12:10","2022-10-22 08:12:10"
234,2022-10-22,,12,1,"Diş röntgeni.",100.00,1.000,0.00,100.00,0,0,,"2022-10-22 09:47:18","2022-10-22 09:47:18"
235,2022-10-22,,1,1,"132672 km yakıt.",20.77,36.110,0.00,750.00,0,0,,"2022-10-22 17:27:19","2022-10-22 17:27:19"
236,2022-10-23,,2,1,"Akşam yemeği.",56.00,1.000,0.00,56.00,0,0,,"2022-10-23 15:09:33","2022-10-23 15:09:33"
237,2022-10-23,,9,1,"2 kitap.",68.00,1.000,0.00,68.00,0,0,,"2022-10-23 15:32:01","2022-10-23 15:32:01"
238,2022-10-26,,2,1,Kahvaltı.,16.00,1.000,0.00,16.00,0,0,,"2022-10-26 11:49:21","2022-10-26 11:49:21"
239,2022-10-25,,15,1,"Yaren'lere market alışverişi.",387.04,1.000,0.00,387.04,0,0,,"2022-10-26 11:52:13","2022-10-26 11:52:13"
240,2022-10-27,,8,1,"Cips ve mandal.",34.29,1.000,0.00,34.29,0,0,,"2022-10-27 13:26:46","2022-10-27 13:26:46"
241,2022-10-27,,9,1,"2 kitap.",9.95,2.000,0.00,19.90,0,0,,"2022-10-27 16:26:23","2022-10-27 16:26:23"
242,2022-10-27,,8,1,Cips.,10.00,1.000,0.00,10.00,0,0,,"2022-10-27 16:26:54","2022-10-27 16:26:54"
243,2022-10-28,,19,1,Tıraş.,100.00,1.000,0.00,100.00,0,0,,"2022-10-28 11:53:43","2022-10-28 11:53:43"
244,2022-10-29,,2,1,"Akşam yemeği.",115.00,1.000,0.00,115.00,0,0,,"2022-10-29 17:01:31","2022-10-29 17:01:31"
245,2022-10-29,,21,1,Milonga.,50.00,1.000,0.00,50.00,0,0,,"2022-10-29 17:02:01","2022-10-29 17:02:01"
246,2022-10-29,,18,1,Çay.,10.00,1.000,0.00,10.00,0,0,,"2022-10-29 17:02:20","2022-10-29 17:02:20"
247,2022-10-30,,1,1,"133262. Km",20.79,38.000,0.00,790.02,0,0,,"2022-10-30 17:17:55","2022-10-30 17:17:55"
248,2022-10-31,,2,1,"Çay kahve parası.",150.00,1.000,0.00,150.00,0,0,,"2022-10-31 11:09:14","2022-10-31 11:09:14"
249,2022-10-31,,20,1,"Araç egzoz ve muayene ücretleri.",731.89,1.000,0.00,731.89,0,0,,"2022-10-31 13:21:09","2022-10-31 13:21:09"
250,2022-10-31,,9,1,"10 adet tasavvuf kitabı.",20.00,10.000,0.00,200.00,0,0,,"2022-10-31 15:27:58","2022-10-31 15:27:58"
251,2022-10-31,,2,1,"Akşam yemeği.",45.00,1.000,0.00,45.00,0,0,,"2022-10-31 16:02:43","2022-10-31 16:02:43"
252,2022-11-01,,17,1,"2 bira",45.00,2.000,0.00,90.00,0,0,,"2022-11-01 20:34:02","2022-11-01 20:34:02"
253,2022-11-01,,18,1,"Kahve ve çay.",40.00,1.000,0.00,40.00,0,0,,"2022-11-01 20:34:35","2022-11-01 20:34:35"
254,2022-11-01,,2,1,"Tost çay.",30.00,1.000,0.00,30.00,0,0,,"2022-11-01 20:35:04","2022-11-01 20:35:04"
255,2022-11-01,,2,1,"Pizza ve kola.",60.00,1.000,0.00,60.00,0,0,,"2022-11-01 20:35:30","2022-11-01 20:35:30"
256,2022-11-01,,2,1,"Pilav ayran.",31.00,1.000,0.00,31.00,0,0,,"2022-11-02 08:40:05","2022-11-02 08:40:05"
257,2022-10-30,,21,1,"Mangal malzemeleri.",106.00,1.000,0.00,106.00,0,0,,"2022-11-02 12:11:00","2022-11-02 12:11:00"
258,2022-10-16,,21,1,"Çiçek ve kitap.",130.48,1.000,0.00,130.48,0,0,,"2022-11-02 12:17:32","2022-11-02 12:17:32"
259,2022-11-03,,24,4,"UK Telefon faturası.",18.49,1.000,0.00,18.49,0,0,,"2022-11-03 10:50:20","2022-11-03 10:50:20"
260,2022-11-03,,2,1,"Kekiklim soda.",99.00,1.000,0.00,99.00,0,0,,"2022-11-03 17:18:26","2022-11-03 17:18:26"
261,2022-11-03,,17,1,"2 bira",45.00,2.000,0.00,90.00,0,0,,"2022-11-03 20:34:38","2022-11-03 20:34:38"
262,2022-11-03,,2,1,"Köfte burger.",35.00,1.000,0.00,35.00,0,0,,"2022-11-03 20:35:27","2022-11-03 20:35:27"
263,2022-11-05,,18,1,"2 kahve.",55.00,1.000,0.00,55.00,0,0,,"2022-11-05 12:24:29","2022-11-05 12:24:29"
264,2022-11-05,,2,1,Kahvaltı.,72.00,1.000,0.00,72.00,0,0,,"2022-11-05 12:24:47","2022-11-05 12:24:47"
265,2022-11-05,,12,1,"Kaplama diş bedeli.",2100.00,1.000,0.00,2100.00,0,0,,"2022-11-05 12:25:12","2022-11-05 12:25:12"
266,2022-11-05,,15,1,"Düğün hediyesi.",200.00,1.000,0.00,200.00,0,0,,"2022-11-05 17:38:37","2022-11-05 17:38:37"
267,2022-11-05,,1,1,"133680. Km",22.83,26.300,0.00,600.43,0,0,,"2022-11-05 23:28:24","2022-11-05 23:28:24"
268,2022-11-05,,17,1,"2 bira",65.00,2.000,0.00,130.00,0,0,,"2022-11-06 16:38:47","2022-11-06 16:38:47"
269,2022-11-06,,8,1,Soda,34.60,1.000,0.00,34.60,0,0,,"2022-11-06 19:09:47","2022-11-06 19:09:47"
270,2022-10-22,,12,1,"İlaç parası.",126.00,1.000,0.00,126.00,0,0,,"2022-11-07 07:19:01","2022-11-07 07:19:01"
271,2022-10-22,,25,1,"Akım korumalı 3'lü priz.",129.95,1.000,0.00,129.95,0,0,,"2022-11-07 07:20:28","2022-11-07 07:20:28"
272,2022-11-07,,21,1,"1 yıllık spor salonu üyeliği.",3750.00,1.000,0.00,3750.00,0,0,,"2022-11-07 17:12:47","2022-11-07 17:12:47"
273,2022-11-07,,2,1,"Akşam yemeği.",72.00,1.000,0.00,72.00,0,0,,"2022-11-07 17:13:02","2022-11-07 17:13:02"
274,2022-11-07,,18,1,"Decaf kahve.",26.00,1.000,0.00,26.00,0,0,,"2022-11-07 17:13:20","2022-11-07 17:13:20"
275,2022-11-07,,9,1,"Popular Science dergisi ve GenZ'ye kitap ayraçı.",28.00,1.000,0.00,28.00,0,0,,"2022-11-07 17:14:44","2022-11-07 17:14:44"
276,2022-11-07,,17,1,"3 bira çerez.",135.00,1.000,0.00,135.00,0,0,,"2022-11-07 20:44:45","2022-11-07 20:44:45"
277,2022-11-08,,18,1,kahve.,26.00,1.000,0.00,26.00,0,0,,"2022-11-08 13:43:25","2022-11-08 13:43:25"
278,2022-11-08,,23,1,"Myra Ev tadilat işleri için Aylin'e gönderildi.",282.00,1.000,0.00,282.00,0,0,,"2022-11-08 13:56:53","2022-11-08 13:56:53"
279,2022-11-08,,9,1,Kitap.,396.00,1.000,0.00,396.00,0,0,,"2022-11-08 15:13:33","2022-11-08 15:13:33"
280,2022-11-07,,2,1,"Pilav ve çiğ köfte.",52.00,1.000,0.00,52.00,0,0,,"2022-11-08 15:15:11","2022-11-08 15:15:11"
281,2022-11-08,,2,1,"Çiğ köfte",17.00,1.000,0.00,17.00,0,0,,"2022-11-08 20:48:14","2022-11-08 20:48:14"
282,2022-11-08,,17,1,"2 bira",45.00,2.000,0.00,90.00,0,0,,"2022-11-08 20:48:46","2022-11-08 20:48:46"
283,2022-11-10,,18,1,"Decaf kahve.",26.00,1.000,0.00,26.00,0,0,,"2022-11-11 07:12:31","2022-11-11 07:12:31"
284,2022-11-13,,17,1,"1 bira.",45.00,1.000,0.00,45.00,0,0,,"2022-11-14 06:29:22","2022-11-14 06:29:22"
285,2022-11-13,,17,1,"3 bira.",50.00,3.000,0.00,150.00,0,0,,"2022-11-14 06:30:31","2022-11-14 06:30:31"
286,2022-11-14,,14,1,"Araç yıkatma.",80.00,1.000,0.00,80.00,0,0,,"2022-11-14 20:45:48","2022-11-14 20:45:48"
287,2022-11-15,,2,1,Dürüm.,40.00,1.000,0.00,40.00,0,0,,"2022-11-15 17:53:57","2022-11-15 17:53:57"
288,2022-11-16,,2,1,"Beyran ve dürüm.",105.00,1.000,0.00,105.00,0,0,,"2022-11-16 19:45:20","2022-11-16 19:45:20"
289,2022-11-16,,2,1,"Köfte burger.",35.00,1.000,0.00,35.00,0,0,,"2022-11-16 19:45:36","2022-11-16 19:45:36"
290,2022-11-16,,17,1,"2 bira",45.00,2.000,0.00,90.00,0,0,,"2022-11-16 19:45:53","2022-11-16 19:45:53"
291,2022-11-16,,1,1,"134262. km yakıt.",22.83,37.620,0.00,858.86,0,0,,"2022-11-16 20:23:28","2022-11-16 20:23:28"
292,2022-11-16,,8,1,"Dondurma ve çikolata.",25.00,1.000,0.00,25.00,0,0,,"2022-11-16 20:23:55","2022-11-16 20:23:55"
293,2022-11-17,,9,1,"Malamander kitabı.",68.00,1.000,0.00,68.00,0,0,,"2022-11-17 12:08:24","2022-11-17 12:08:24"
294,2022-11-17,,8,1,"Market alışverişi.",198.22,1.000,0.00,198.22,0,0,,"2022-11-17 12:08:52","2022-11-17 12:08:52"
295,2022-11-17,,8,1,"Market alışverişi.",134.75,1.000,0.00,134.75,0,0,,"2022-11-17 12:09:51","2022-11-17 12:09:51"
296,2022-11-16,,24,1,"Prime abonelik ücreti.",7.99,1.000,0.00,7.99,0,0,,"2022-11-17 12:11:08","2022-11-17 12:11:08"
297,2022-11-15,,18,1,"Decaf kahve.",26.00,1.000,0.00,26.00,0,0,,"2022-11-17 12:13:10","2022-11-17 12:13:10"
298,2022-11-17,,18,1,kahve.,26.00,1.000,0.00,26.00,0,0,,"2022-11-17 12:14:50","2022-11-17 12:14:50"
299,2022-11-17,,9,1,"5 kitap.",12.95,5.000,0.00,64.75,0,0,,"2022-11-17 13:35:37","2022-11-17 13:35:37"
300,2022-11-16,,23,1,"Çelikhalat 3. Kat mutfak dolapları.",8500.00,1.000,0.00,8500.00,0,0,,"2022-11-18 09:38:55","2022-11-18 09:38:55"
301,2022-11-18,,2,1,"Babamla öğle yemeği, 4 lahmacun 2 ayran.",80.00,1.000,0.00,80.00,0,0,,"2022-11-19 08:19:34","2022-11-19 08:19:34"
302,2022-11-20,,2,1,Chessburger,65.00,1.000,0.00,65.00,0,0,,"2022-11-20 14:16:29","2022-11-20 14:16:29"
303,2022-11-20,,18,1,kahve.,29.00,1.000,0.00,29.00,0,0,,"2022-11-20 14:17:05","2022-11-20 14:17:05"
304,2022-11-20,,22,1,"Beyaz resmi gömlek.",165.24,1.000,0.00,165.24,0,0,,"2022-11-20 14:30:04","2022-11-20 14:30:04"
305,2022-11-20,,17,1,"1 bira",45.00,1.000,0.00,45.00,0,0,,"2022-11-20 19:52:42","2022-11-20 19:52:42"
306,2022-11-20,,8,1,"Market alışverişi.",36.25,1.000,0.00,36.25,0,0,,"2022-11-20 19:53:29","2022-11-20 19:53:29"
307,2022-11-19,,13,1,"Maltepe sahil",20.00,1.000,0.00,20.00,0,0,,"2022-11-20 19:54:10","2022-11-20 19:54:10"
308,2022-11-19,,22,1,"Kaz tüyü mont kuru temizleme.",120.00,1.000,0.00,120.00,0,0,,"2022-11-20 19:55:03","2022-11-20 19:55:03"
309,2022-11-19,,18,1,kahve.,29.00,1.000,0.00,29.00,0,0,,"2022-11-20 19:55:28","2022-11-20 19:55:28"
310,2022-11-20,,8,1,"Abur cubur.",27.00,1.000,0.00,27.00,0,0,,"2022-11-20 20:23:14","2022-11-20 20:23:14"
311,2022-11-21,,2,1,"Öğle yemeği.",82.00,1.000,0.00,82.00,0,0,,"2022-11-21 09:43:54","2022-11-21 09:43:54"
312,2022-11-21,,24,1,"Netflix aboneliği.",97.85,1.000,0.00,97.85,0,0,,"2022-11-21 12:48:21","2022-11-21 12:48:21"
313,2022-11-21,,18,1,Çay.,2.50,1.000,0.00,2.50,0,0,,"2022-11-21 16:53:31","2022-11-21 16:53:31"
314,2022-11-21,,2,1,"Tavuk ayran.",44.00,1.000,0.00,44.00,0,0,,"2022-11-21 18:51:16","2022-11-21 18:51:16"
315,2022-11-22,,17,1,"Mahmut ile bira çerez.",240.00,1.000,0.00,240.00,0,0,,"2022-11-22 23:42:54","2022-11-22 23:42:54"
316,2022-11-23,,18,1,"3 çay 2 su.",54.00,1.000,0.00,54.00,0,0,,"2022-11-24 17:09:38","2022-11-24 17:09:38"
317,2022-11-23,,21,1,"Milonga giriş.",50.00,1.000,0.00,50.00,0,0,,"2022-11-24 17:10:35","2022-11-24 17:10:35"
318,2022-11-23,,2,1,"Tantuni dürüm.",40.00,1.000,0.00,40.00,0,0,,"2022-11-24 17:11:27","2022-11-24 17:11:27"
319,2022-11-23,,8,1,"Market alışverişi.",56.75,1.000,0.00,56.75,0,0,,"2022-11-24 17:13:29","2022-11-24 17:13:29"
320,2022-11-25,,2,1,"Fabrika kartına yükleme.",150.00,1.000,0.00,150.00,0,0,,"2022-11-25 07:37:10","2022-11-25 07:37:10"
321,2022-11-25,,21,1,"2 yıllık HBR Türkiye aboneliği.",99.00,1.000,0.00,99.00,0,0,,"2022-11-25 07:38:08","2022-11-25 07:38:08"
322,2022-11-27,,1,1,"10350. km akaryakıt.",20.31,28.410,0.00,577.01,0,0,,"2022-11-27 21:33:33","2022-11-27 21:33:33"
323,2022-11-27,,18,1,"Yeşimler ile Odunpazarı'nda 10 çay parası.",6.00,10.000,0.00,60.00,0,0,,"2022-11-27 21:34:47","2022-11-27 21:34:47"
324,2022-11-26,,21,1,"Eskişehir'de milonga giriş ücreti.",200.00,1.000,0.00,200.00,0,0,,"2022-11-27 21:35:44","2022-11-27 21:35:44"
325,2022-11-25,,23,1,"Eskişehir'de İsa ile 2 gece konaklama ücreti.",550.00,1.000,0.00,550.00,0,0,,"2022-11-27 21:36:43","2022-11-27 21:36:43"
326,2022-11-28,,2,1,"Tost çay.",22.00,1.000,0.00,22.00,0,0,,"2022-11-28 07:17:58","2022-11-28 07:17:58"
327,2022-11-28,,18,1,Kahve.,29.00,1.000,0.00,29.00,0,0,,"2022-11-28 09:21:22","2022-11-28 09:21:22"
328,2022-11-28,,20,1,"Ev iskan arşiv kopyası.",25.00,1.000,0.00,25.00,0,0,,"2022-11-28 14:03:19","2022-11-28 14:03:19"
329,2022-11-28,,20,1,"Muayne geçiş cezası, erken ödemeli.",320.00,1.000,0.00,320.00,0,0,,"2022-11-28 14:04:18","2022-11-28 14:04:18"
330,2022-11-25,,14,1,"Ford EcoSport satınalma bedeli.",393.95,1.000,0.00,393.95,0,0,,"2022-11-29 15:04:51","2022-11-29 15:04:51"
331,2022-11-29,,14,1,"Kandıra sapağından eve taksi bedeli.",93.95,1.000,0.00,93.95,0,0,,"2022-11-29 15:12:07","2022-11-29 15:12:07"
332,2022-11-28,,17,1,"3 bira çerez.",165.00,1.000,0.00,165.00,0,0,,"2022-11-29 15:13:02","2022-11-29 15:13:02"
333,2022-11-29,,8,1,"1 adet Eti Karam.",7.00,1.000,0.00,7.00,0,0,,"2022-11-29 19:48:36","2022-11-29 19:48:36"
334,2022-11-29,,8,1,"1 adet Eti Karam.",8.00,1.000,0.00,8.00,0,0,,"2022-11-29 19:48:50","2022-11-29 19:48:50"
335,2022-11-30,,18,1,"Kahve ve kroasan.",40.00,1.000,0.00,40.00,0,0,,"2022-11-30 07:47:13","2022-11-30 07:47:13"
336,2022-11-30,,2,1,"Beyaz peynirli soğuk sandiviç, meyve suyu.",16.00,1.000,0.00,16.00,0,0,,"2022-11-30 07:47:58","2022-11-30 07:47:58"
337,2022-11-30,,20,1,"Alkollü araç yakalandığı için çekim ücreti.",600.00,1.000,0.00,600.00,0,0,,"2022-11-30 07:48:47","2022-11-30 07:48:47"
338,2022-11-28,,2,1,"Melike ile akşam yemeği.",93.00,1.000,0.00,93.00,0,0,,"2022-11-30 08:16:08","2022-11-30 08:16:08"
339,2022-11-28,,14,1,"4177 lira yeni araç sigortası ve 1497 lira ilade ile fiyatlandı.",2680.55,1.000,0.00,2680.55,0,0,,"2022-11-30 08:19:07","2022-11-30 08:19:07"
340,2022-11-28,,14,1,"Araç kasko 1/9. taksit.",1629.64,1.000,0.00,1629.64,0,0,,"2022-11-30 08:20:30","2022-11-30 08:20:30"
341,2022-11-28,,24,1,"Elektrik faturası.",29.00,1.000,0.00,29.00,0,0,,"2022-11-30 08:23:57","2022-11-30 08:23:57"
342,2022-11-27,,8,1,"Market alışverişi.",66.75,1.000,0.00,66.75,0,0,,"2022-11-30 08:25:03","2022-11-30 08:25:03"
343,2022-11-27,,18,1,"İsa ile kahve.",58.00,1.000,0.00,58.00,0,0,,"2022-11-30 08:25:54","2022-11-30 08:25:54"
344,2022-11-27,,8,1,"4 adet leblebi kurabiyesi.",20.00,4.000,0.00,80.00,0,0,,"2022-11-30 08:30:23","2022-11-30 08:30:23"
345,2022-11-27,,2,1,"Akşam yemeği köfte tatlı vs.",174.00,1.000,0.00,174.00,0,0,,"2022-11-30 08:31:30","2022-11-30 08:31:30"
346,2022-11-27,,15,1,"Tuğçe için hediye ay taşı kolye.",30.00,1.000,0.00,30.00,0,0,,"2022-11-30 08:32:18","2022-11-30 08:32:18"
347,2022-11-26,,17,1,"1 bira",60.00,1.000,0.00,60.00,0,0,,"2022-11-30 08:33:38","2022-11-30 08:33:38"
348,2022-11-26,,2,1,sosisli,15.00,1.000,0.00,15.00,0,0,,"2022-11-30 08:34:42","2022-11-30 08:34:42"
349,2022-11-26,,17,1,"1 bira",42.00,1.000,0.00,42.00,0,0,,"2022-11-30 08:35:14","2022-11-30 08:35:14"
350,2022-11-26,,8,1,Su,6.00,1.000,0.00,6.00,0,0,,"2022-11-30 08:35:43","2022-11-30 08:35:43"
351,2022-11-26,,17,1,"Viski kokteyl.",69.00,1.000,0.00,69.00,0,0,,"2022-11-30 08:36:27","2022-11-30 08:36:27"
352,2022-11-26,,8,1,"Market alışverişi.",48.00,1.000,0.00,48.00,0,0,,"2022-11-30 08:37:26","2022-11-30 08:37:26"
353,2022-11-26,,2,1,"Mantı ve çiğbörek.",81.00,1.000,0.00,81.00,0,0,,"2022-11-30 08:38:03","2022-11-30 08:38:03"
354,2022-11-26,,18,1,kave,29.00,1.000,0.00,29.00,0,0,,"2022-11-30 08:38:32","2022-11-30 08:38:32"
355,2022-11-26,,2,1,sosisli,12.00,1.000,0.00,12.00,0,0,,"2022-11-30 08:38:54","2022-11-30 08:38:54"
356,2022-11-30,,17,1,"4-5 Bira ve çerez.",280.50,1.000,0.00,280.50,0,0,,"2022-11-30 08:39:36","2022-11-30 08:39:36"
357,2022-11-25,,17,1,"Bira ve çerez.",220.00,1.000,0.00,220.00,0,0,,"2022-11-30 08:41:04","2022-11-30 08:41:04"
358,2022-11-24,,2,1,"Gece çorbası.",75.00,1.000,0.00,75.00,0,0,,"2022-11-30 08:41:51","2022-11-30 08:41:51"
359,2022-11-27,,2,1,Kahvaltı.,30.00,1.000,0.00,30.00,0,0,,"2022-11-30 08:46:46","2022-11-30 08:46:46"
360,2022-11-27,,21,1,"Hamam, kese ve atom içeceği.",95.00,1.000,0.00,95.00,0,0,,"2022-11-30 08:48:01","2022-11-30 08:48:01"
361,2022-11-25,,1,1,"9800. km akaryakıt.",800.00,1.000,0.00,800.00,0,0,,"2022-11-30 08:49:44","2022-11-30 08:49:44"
362,2022-11-21,,17,1,"İsalar ile 3 bira.",190.00,1.000,0.00,190.00,0,0,,"2022-11-30 08:56:08","2022-11-30 08:56:08"
363,2022-11-19,,2,1,Kahvaltı.,73.00,1.000,0.00,73.00,0,0,,"2022-11-30 08:58:28","2022-11-30 08:58:28"
364,2022-11-18,,2,1,yemek.,52.00,1.000,0.00,52.00,0,0,,"2022-11-30 08:59:12","2022-11-30 08:59:12"
365,2022-11-30,,23,1,"Mutfak için alçı.",70.00,1.000,0.00,70.00,0,0,,"2022-11-30 08:59:52","2022-11-30 08:59:52"
366,2022-11-18,,23,1,"Mutfak için duvar fayansı ve yapıştırıcı derz vs.",725.00,1.000,0.00,725.00,0,0,,"2022-11-30 09:00:49","2022-11-30 09:00:49"
367,2022-11-17,,2,1,"Akşam yemeği.",78.50,1.000,0.00,78.50,0,0,,"2022-11-30 09:02:29","2022-11-30 09:02:29"
368,2022-11-16,,2,1,Dondurma.,12.00,1.000,0.00,12.00,0,0,,"2022-11-30 09:04:06","2022-11-30 09:04:06"
369,2022-11-13,,18,1,"Kapı ekibi ile çay semaveri.",100.00,1.000,0.00,100.00,0,0,,"2022-11-30 09:06:27","2022-11-30 09:06:27"
370,2022-11-13,,2,1,"Ekiple mangal organizasyonu için malzeme parası.",105.00,1.000,0.00,105.00,0,0,,"2022-11-30 09:07:09","2022-11-30 09:07:09"
371,2022-11-13,,8,1,"Market alışverişi.",327.00,1.000,0.00,327.00,0,0,,"2022-11-30 09:07:41","2022-11-30 09:07:41"
372,2022-11-13,,8,1,"Market alışverişi.",67.00,1.000,0.00,67.00,0,0,,"2022-11-30 09:08:21","2022-11-30 09:08:21"
373,2022-11-12,,14,1,"Tramvay ücreti.",5.00,1.000,0.00,5.00,0,0,,"2022-11-30 09:09:21","2022-11-30 09:09:21"
374,2022-11-12,,17,1,"Bira çerez.",140.00,1.000,0.00,140.00,0,0,,"2022-11-30 09:09:54","2022-11-30 09:09:54"
375,2022-11-12,,18,1,kahve.,102.00,1.000,0.00,102.00,0,0,,"2022-11-30 09:11:04","2022-11-30 09:11:04"
376,2022-11-12,,2,1,yemek.,98.00,1.000,0.00,98.00,0,0,,"2022-11-30 09:12:18","2022-11-30 09:12:18"
377,2022-11-30,,8,1,"Market alışverişi.",21.24,1.000,0.00,21.24,0,0,,"2022-11-30 09:12:59","2022-11-30 09:12:59"
378,2022-11-09,,18,1,kahve.,24.00,1.000,0.00,24.00,0,0,,"2022-11-30 09:18:06","2022-11-30 09:18:06"
379,2022-11-09,,8,1,"Market alışverişi.",35.93,1.000,0.00,35.93,0,0,,"2022-11-30 09:18:31","2022-11-30 09:18:31"
380,2022-11-08,,2,1,"Akşam yemeği.",75.00,1.000,0.00,75.00,0,0,,"2022-11-30 09:20:33","2022-11-30 09:20:33"
381,2022-11-07,,9,1,Kitaplık,1889.10,1.000,0.00,1889.10,0,0,,"2022-11-30 09:22:53","2022-11-30 09:22:53"
382,2022-11-06,,2,1,"Çiğ köfte.",42.00,1.000,0.00,42.00,0,0,,"2022-11-30 09:24:34","2022-11-30 09:24:34"
383,2022-11-06,,1,1,"xxxx. km akaryakıt.",448.43,1.000,0.00,448.43,0,0,,"2022-11-30 09:28:22","2022-11-30 09:28:22"
384,2022-11-06,,2,1,Dondurma.,12.00,1.000,0.00,12.00,0,0,,"2022-11-30 09:29:05","2022-11-30 09:29:05"
385,2022-11-06,,8,1,"Market alışverişi.",38.50,1.000,0.00,38.50,0,0,,"2022-11-30 09:29:25","2022-11-30 09:29:25"
386,2022-11-06,,18,1,kave,29.00,1.000,0.00,29.00,0,0,,"2022-11-30 09:29:48","2022-11-30 09:29:48"
387,2022-11-03,,2,1,Dondurma.,12.00,1.000,0.00,12.00,0,0,,"2022-11-30 09:33:28","2022-11-30 09:33:28"
388,2022-11-03,,8,1,"Market alışverişi.",66.00,1.000,0.00,66.00,0,0,,"2022-11-30 09:34:41","2022-11-30 09:34:41"
389,2022-11-27,,9,1,"Ay Savaşçısı Figürü",300.00,1.000,0.00,300.00,0,0,,"2022-11-30 09:59:01","2022-11-30 09:59:01"
390,2022-11-25,,14,1,"Ford Ecosport için nakit transfer edilen miktar.",70000.00,1.000,0.00,70000.00,0,0,,"2022-11-30 10:02:34","2022-11-30 10:02:34"
391,2022-11-30,,2,1,"Çay çikolata su.",11.00,1.000,0.00,11.00,0,0,,"2022-11-30 11:05:08","2022-11-30 11:05:08"
392,2022-11-30,,14,1,"İzmit'ten SAÜ'ye gidiş minibüs ücreti.",25.00,2.000,0.00,50.00,0,0,,"2022-11-30 11:06:21","2022-11-30 11:06:21"
393,2022-11-30,,2,1,"Tost kahve.",46.50,1.000,0.00,46.50,0,0,,"2022-11-30 12:51:48","2022-11-30 12:51:48"
394,2022-11-30,,2,1,"Yaren ile birer dürüm.",108.00,1.000,0.00,108.00,0,0,,"2022-12-01 12:38:30","2022-12-01 12:38:30"
395,2022-11-30,,18,1,"Yaren ile birer çay.",16.00,1.000,0.00,16.00,0,0,,"2022-12-01 12:39:07","2022-12-01 12:39:07"
396,2022-12-01,,2,1,"Sandiviç kahve.",52.00,1.000,0.00,52.00,0,0,,"2022-12-01 12:39:53","2022-12-01 12:39:53"
397,2022-12-01,,18,1,Kahve.,25.00,1.000,0.00,25.00,0,0,,"2022-12-01 12:40:40","2022-12-01 12:40:40"
398,2022-12-01,,8,1,"Çay çikolata.",10.00,1.000,0.00,10.00,0,0,,"2022-12-01 12:43:22","2022-12-01 12:43:22"
399,2022-12-01,,14,1,"Sakarya okula gidiş geliş.",25.00,2.000,0.00,50.00,0,0,,"2022-12-01 15:18:40","2022-12-01 15:18:40"
400,2022-12-01,,2,1,"Akşam yemeği.",101.00,1.000,0.00,101.00,0,0,,"2022-12-01 15:19:23","2022-12-01 15:19:23"
401,2022-12-01,,18,1,"Decaf kahve.",26.00,1.000,0.00,26.00,0,0,,"2022-12-01 15:32:48","2022-12-01 15:32:48"
403,2022-12-01,,22,1,"Kot pantolon ve şemsiye.",479.98,1.000,0.00,479.98,0,0,,"2022-12-01 18:39:07","2022-12-01 18:39:07"
404,2022-12-01,,17,1,"2 bira",45.00,2.000,0.00,90.00,0,0,,"2022-12-01 20:13:12","2022-12-01 20:13:12"
405,2022-12-02,,18,1,Kahve,22.00,1.000,0.00,22.00,0,0,,"2022-12-02 11:52:02","2022-12-02 11:52:02"
406,2022-12-02,,14,1,"Üniversiteye gidiş geliş.",25.00,2.000,0.00,50.00,0,0,,"2022-12-02 11:53:16","2022-12-02 11:53:16"
407,2022-12-02,,14,1,"İzmite gidiş-dönüş.",7.90,2.000,0.00,15.80,0,0,,"2022-12-02 18:37:07","2022-12-02 18:37:07"
408,2022-12-02,,1,1,"10550. km akaryakıt.",20.24,16.810,0.00,340.23,0,0,,"2022-12-02 20:25:30","2022-12-02 20:25:30"
409,2022-12-02,,8,1,"5 litre su.",7.25,6.000,0.00,43.50,0,0,,"2022-12-04 11:54:48","2022-12-04 11:54:57"
410,2022-12-04,,8,1,"0.5 ml su",6.00,1.000,0.00,6.00,0,0,,"2022-12-04 13:23:22","2022-12-04 13:23:22"
411,2022-12-04,,2,1,"Burger amcada chessburger.",110.00,1.000,0.00,110.00,0,0,,"2022-12-04 16:34:05","2022-12-04 16:34:05"
412,2022-12-10,,8,1,"Market alışverişi.",45.50,1.000,0.00,45.50,0,0,,"2022-12-13 07:51:02","2022-12-13 07:51:02"
413,2022-12-04,,8,1,"Market alışverişi.",185.13,1.000,0.00,185.13,0,0,,"2022-12-13 07:51:45","2022-12-13 07:51:45"
414,2022-12-15,,22,1,"Spor için short ve t-shirt.",340.00,1.000,0.00,340.00,0,0,,"2022-12-15 16:50:37","2022-12-15 16:50:37"
415,2022-12-15,,18,1,"Decaf kahve.",29.00,1.000,0.00,29.00,0,0,,"2022-12-15 16:50:52","2022-12-15 16:50:52"
416,2023-01-01,,9,1,"3 kitap.",182.00,1.000,0.00,182.00,0,0,,"2023-01-01 21:44:40","2023-01-01 21:44:40"
417,2023-01-01,,8,1,"Market alışverişi.",100.00,1.000,0.00,100.00,0,0,,"2023-01-01 21:45:01","2023-01-01 21:45:01"
418,2023-01-02,,12,1,"Zone sinir ucu alerjisi için ilaç alındı.",141.26,1.000,0.00,141.26,0,0,,"2023-01-02 10:49:27","2023-01-02 10:49:27"
419,2023-01-02,,2,1,"Ekiple dışarıda öğle yemeği.",100.00,1.000,0.00,100.00,0,0,,"2023-01-02 10:50:05","2023-01-02 10:50:05"
420,2023-01-01,,24,1,"1 yıllık storytel aboneliği.",273.99,1.000,0.00,273.99,0,0,,"2023-01-02 10:50:50","2023-01-02 10:50:59"
421,2022-12-30,,14,1,"EcoSport yıllık bakımı.",2390.03,1.000,0.00,2390.03,0,0,,"2023-01-02 11:01:10","2023-01-02 11:01:10"
422,2023-01-03,,8,1,"Abur cubur.",26.00,1.000,0.00,26.00,0,0,,"2023-01-02 21:57:23","2023-01-02 21:57:23"
423,2023-01-03,,14,1,"Okul gidiş-geliş yol ücreti.",25.00,2.000,0.00,50.00,0,0,,"2023-01-04 05:14:47","2023-01-04 05:14:47"
424,2023-01-03,,18,1,çay,5.00,1.000,0.00,5.00,0,0,,"2023-01-04 05:15:57","2023-01-04 05:15:57"
425,2023-01-03,,18,1,"3 kahve.",81.00,1.000,0.00,81.00,0,0,,"2023-01-04 05:16:38","2023-01-04 05:16:38"
426,2023-01-03,,2,1,"Yeşimle çay tatlı.",212.00,1.000,0.00,212.00,0,0,,"2023-01-04 05:17:50","2023-01-04 05:17:50"
427,2023-01-03,,9,1,"Popular Science Ocak 2023",29.90,1.000,0.00,29.90,0,0,,"2023-01-04 05:18:28","2023-01-04 05:18:28"
428,2023-01-02,,2,1,"Çiğköfte dürüm.",18.00,1.000,0.00,18.00,0,0,,"2023-01-04 05:19:47","2023-01-04 05:19:47"
429,2023-01-03,,17,1,"Tuğçe ile 2'şer bira.",40.00,4.000,0.00,160.00,0,0,,"2023-01-04 05:20:37","2023-01-04 05:20:37"
430,2023-01-05,,18,1,"Decaf kahve.",35.00,1.000,0.00,35.00,0,0,,"2023-01-05 18:35:51","2023-01-05 18:35:51"
431,2023-01-05,,8,1,"Abur cubur ve muz.",13.50,3.000,0.00,40.50,0,0,,"2023-01-05 18:37:12","2023-01-05 18:37:12"
432,2023-01-05,,9,1,"Kafkaokur ve 4 kitap.",139.50,1.000,0.00,139.50,0,0,,"2023-01-05 18:39:10","2023-01-05 18:39:10"
433,2023-01-07,,8,1,"Babama şemsiye, su ve market alışverişi.",173.00,1.000,0.00,173.00,0,0,,"2023-01-07 11:39:39","2023-01-07 11:39:39"
434,2023-01-07,,8,1,"Moşe için bisküvi.",15.00,1.000,0.00,15.00,0,0,,"2023-01-07 11:41:22","2023-01-07 11:41:22"
435,2023-01-07,,15,1,"Hasan İsen'den adaklık koyun bedeli. Kesim + et.",2850.00,1.000,0.00,2850.00,0,0,,"2023-01-07 11:43:55","2023-01-07 11:43:55"
436,2023-01-07,,8,1,"Lt ayran.",19.25,1.000,0.00,19.25,0,0,,"2023-01-07 11:59:43","2023-01-07 11:59:43"
437,2023-01-06,,1,1,"11510km akaryakıt.",19.69,39.120,0.00,770.27,0,0,,"2023-01-07 12:00:58","2023-01-07 12:00:58"
438,2023-01-07,,17,1,Alkol.,155.00,1.000,0.00,155.00,0,0,,"2023-01-09 07:43:39","2023-01-09 07:43:39"
439,2023-01-08,,2,1,"Ekiple öğle yemeği.",60.00,1.000,0.00,60.00,0,0,,"2023-01-09 07:44:12","2023-01-09 07:44:12"
440,2023-01-08,,2,1,"Kahvaltı için poğaça börek.",70.00,1.000,0.00,70.00,0,0,,"2023-01-09 07:44:50","2023-01-09 07:44:50"
441,2023-01-08,,17,1,"İrem'le sohbet.",485.00,1.000,0.00,485.00,0,0,,"2023-01-09 07:45:40","2023-01-09 07:45:40"
442,2023-01-08,,8,1,"Cips karam.",60.00,1.000,0.00,60.00,0,0,,"2023-01-09 07:46:04","2023-01-09 07:46:04"
443,2023-01-09,,2,1,Kahvaltı.,85.00,1.000,0.00,85.00,0,0,,"2023-01-09 07:46:27","2023-01-09 07:46:27"
444,2023-01-09,,17,1,"6*50 Tuborg gold kutu",167.95,1.000,0.00,167.95,0,0,,"2023-01-09 18:39:32","2023-01-09 18:39:32"
445,2023-01-09,,2,1,"Esra ile akşam yemeği burger.",191.00,1.000,0.00,191.00,0,0,,"2023-01-09 18:40:19","2023-01-09 18:40:19"
446,2023-01-09,,14,1,"Saü git gel.",25.00,2.000,0.00,50.00,0,0,,"2023-01-09 18:41:11","2023-01-09 18:41:11"
447,2023-01-10,,22,1,"Evime terlik.",59.00,1.000,0.00,59.00,0,0,,"2023-01-10 16:29:09","2023-01-10 16:29:09"
448,2023-01-10,,18,1,Amekicano,22.00,1.000,0.00,22.00,0,0,,"2023-01-10 16:29:27","2023-01-10 16:29:27"
449,2023-01-10,,2,1,"Akşam yemeği.",151.00,1.000,0.00,151.00,0,0,,"2023-01-10 16:29:55","2023-01-10 16:29:55"
450,2023-01-11,,14,1,"Okula git gel.",30.00,2.000,0.00,60.00,0,0,,"2023-01-11 13:53:35","2023-01-11 13:53:35"
451,2023-01-11,,8,1,"Abur cubur ve evi ihityaçları.",426.15,1.000,0.00,426.15,0,0,,"2023-01-11 13:54:03","2023-01-11 13:54:03"
452,2023-01-11,,2,1,Kahvaltı.,100.00,1.000,0.00,100.00,0,0,,"2023-01-11 13:54:31","2023-01-11 13:54:31"
453,2023-01-11,,17,1,"1 bira",60.00,1.000,0.00,60.00,0,0,,"2023-01-11 13:54:58","2023-01-11 13:54:58"
454,2023-01-13,,8,1,"Market alışverişi.",150.70,1.000,0.00,150.70,0,0,,"2023-01-14 10:43:43","2023-01-14 10:43:43"
455,2023-01-14,,19,1,"Tıraş parası",150.00,1.000,0.00,150.00,0,0,,"2023-01-14 10:44:10","2023-01-14 10:44:10"
456,2023-01-14,,8,1,"Ev için süpürge askı vs.",182.50,1.000,0.00,182.50,0,0,,"2023-01-14 10:45:48","2023-01-14 10:45:48"
457,2023-01-18,,8,1,"Market alışverişi.",171.62,1.000,0.00,171.62,0,0,,"2023-01-18 10:33:31","2023-01-18 10:33:31"
458,2023-01-18,,9,1,"9 kitap.",50.00,1.000,0.00,50.00,0,0,,"2023-01-18 10:34:28","2023-01-18 10:34:28"
459,2023-01-18,,21,1,"Saksı, çiçek",122.00,1.000,0.00,122.00,0,0,,"2023-01-18 10:34:56","2023-01-18 10:34:56"
460,2023-01-17,,8,1,"2 bira",60.00,2.000,0.00,120.00,0,0,,"2023-01-18 10:35:25","2023-01-18 10:35:25"
461,2023-01-24,,18,1,"1 kahve.",47.00,1.000,0.00,47.00,0,0,,"2023-01-24 07:25:10","2023-01-24 07:25:10"
462,2023-01-24,,1,1,"12005. km yakıt bedeli.",20.58,40.030,0.00,823.82,0,0,,"2023-01-24 07:26:09","2023-01-24 07:26:09"
463,2023-01-24,,17,1,"2 bira.",60.00,2.000,0.00,120.00,0,0,,"2023-01-25 07:46:55","2023-01-25 07:47:38"
464,2023-01-24,,2,1,"Küçük kese kavrulmuş kestane.",20.00,1.000,0.00,20.00,0,0,,"2023-01-25 07:47:30","2023-01-25 07:47:30"
465,2023-01-24,,2,1,"Çiğköfte dürüm.",21.00,1.000,0.00,21.00,0,0,,"2023-01-25 07:47:55","2023-01-25 07:47:55"
466,2023-01-24,,2,1,"Katık dürüm ayran.",50.00,1.000,0.00,50.00,0,0,,"2023-01-25 07:48:22","2023-01-25 07:48:22"
467,2023-02-06,,8,1,"Market alışverişi.",334.15,1.000,0.00,334.15,0,0,,"2023-02-06 13:01:00","2023-02-06 13:01:00"
468,2023-02-05,,13,1,"Otopark ücreti.",27.50,1.000,0.00,27.50,0,0,,"2023-02-06 13:02:50","2023-02-06 13:02:50"
469,2023-02-04,,17,1,"İrem ile birlikte bira sohbet.",350.00,1.000,0.00,350.00,0,0,,"2023-02-06 13:04:29","2023-02-06 13:04:29"
470,2023-02-05,,1,1,"12530. km yakıt.",21.30,40.390,0.00,860.31,0,0,,"2023-02-06 13:18:07","2023-02-06 13:18:31"
471,2023-02-05,,17,1,"6*50 Efes Malt kutu.",196.95,1.000,0.00,196.95,0,0,,"2023-02-06 13:21:40","2023-02-06 13:21:40"
472,2023-02-06,,21,1,"Mihran hocanın 2 günlük workshop eğitim ücreti.",450.00,1.000,0.00,450.00,0,0,,"2023-02-06 13:22:44","2023-02-06 13:22:44"
473,2023-02-06,,18,1,"Çay kahve parası.",40.00,1.000,0.00,40.00,0,0,,"2023-02-06 13:23:06","2023-02-06 13:23:06"
474,2023-02-06,,15,1,"Burs Şubat",1200.00,1.000,0.00,1200.00,0,0,,"2023-02-06 13:27:53","2023-02-06 13:27:53"
475,2023-02-04,,23,1,"Bozulmuş kombi yerine ikinci el kombi parası.",6000.00,1.000,0.00,6000.00,0,0,,"2023-02-06 13:29:26","2023-02-06 13:29:26"
476,2023-02-07,,24,1,"Cep faturası.",100.90,1.000,0.00,100.90,0,0,,"2023-02-06 13:30:49","2023-02-06 13:30:49"
477,2023-02-05,,9,1,"Kafkaokur 75.",25.00,1.000,0.00,25.00,0,0,,"2023-02-06 13:38:42","2023-02-06 13:38:42"
478,2023-02-05,,9,1,"All about space ve 2 kitap.",157.50,1.000,0.00,157.50,0,0,,"2023-02-06 13:39:37","2023-02-06 13:39:37"
479,2023-02-02,,21,1,"Milonga giriş.",50.00,1.000,0.00,50.00,0,0,,"2023-02-06 13:41:13","2023-02-06 13:41:13"
480,2023-02-05,,21,1,"Öğretmen oyun girişi.",30.00,1.000,0.00,30.00,0,0,,"2023-02-06 13:41:59","2023-02-06 13:41:59"
481,2023-02-06,,15,1,"Kahramanmaraş'taki deprem için destek",504.00,1.000,0.00,504.00,0,0,,"2023-02-06 13:57:06","2023-02-06 13:57:06"
482,2023-02-07,,21,1,"İkinci dönem harç parası.",1243.00,1.000,0.00,1243.00,0,0,,"2023-02-07 12:38:15","2023-02-07 12:38:15"
483,2023-02-15,,21,1,"12 adet MY Ajanda kargo bedeli.",55.20,1.000,0.00,55.20,0,0,,"2023-02-15 17:27:07","2023-02-15 17:27:07"
484,2023-02-15,,2,1,"Burger amcada chessburger.",88.00,1.000,0.00,88.00,0,0,,"2023-02-15 17:27:52","2023-02-15 17:27:52"
485,2023-02-15,,9,1,Kitap.,14.90,1.000,0.00,14.90,0,0,,"2023-02-15 18:00:01","2023-02-15 18:00:01"
486,2023-02-16,,8,1,"Abur cubur.",55.00,1.000,0.00,55.00,0,0,,"2023-02-16 17:11:42","2023-02-16 17:11:42"
487,2023-02-16,,1,1,"13010. km yakıt.",21.12,38.350,0.00,809.95,0,0,,"2023-02-16 17:12:19","2023-02-16 17:12:19"
488,2023-02-11,,8,1,"Makas, bant vs.",171.00,1.000,0.00,171.00,0,0,,"2023-02-26 07:02:47","2023-02-26 07:02:47"
489,2023-02-17,,15,1,"Tuğçe'ye kolye.",183.99,1.000,0.00,183.99,0,0,,"2023-02-26 07:08:01","2023-02-26 07:08:01"
490,2023-02-17,,8,1,"Market alışverişi.",132.00,1.000,0.00,132.00,0,0,,"2023-02-27 09:06:29","2023-02-27 09:06:29"
491,2023-02-17,,15,1,"Tuğçe için ceket etek.",1456.98,1.000,0.00,1456.98,0,0,,"2023-02-27 10:33:36","2023-02-27 10:33:36"
492,2023-02-16,,8,1,"Eve ıvır zıvır.",287.87,1.000,0.00,287.87,0,0,,"2023-02-27 10:41:04","2023-02-27 10:41:04"
493,2023-02-26,,13,1,"Otopark ücreti.",12.00,1.000,0.00,12.00,0,0,,"2023-02-27 10:41:53","2023-02-27 10:41:53"
494,2023-02-14,,13,1,"Otopark ücreti.",11.00,1.000,0.00,11.00,0,0,,"2023-02-27 10:42:18","2023-02-27 10:42:18"
495,2023-02-17,,15,1,Orkide.,206.91,1.000,0.00,206.91,0,0,,"2023-02-27 10:55:24","2023-02-27 10:55:24"
496,2023-02-28,,1,1,"13521 km yakıt.",20.70,41.060,0.00,849.94,0,0,,"2023-02-28 21:06:29","2023-02-28 21:06:29"
497,2023-03-07,,9,1,"Pepe oyuncağı, koleksiyon için.",269.00,1.000,0.00,269.00,0,0,,"2023-03-07 15:14:56","2023-03-07 15:14:56"
498,2023-03-07,,15,1,"Melike’ye bebek hediyesi",469.00,1.000,0.00,469.00,0,0,,"2023-03-07 15:17:05","2023-03-07 15:17:05"
499,2023-03-07,,2,1,"Melike ile birer Meksika burger.",130.00,1.000,0.00,130.00,0,0,,"2023-03-07 15:17:58","2023-03-07 15:17:58"
500,2023-03-07,,18,1,"Orta filtre kahve.",27.00,1.000,0.00,27.00,0,0,,"2023-03-07 15:19:27","2023-03-07 15:19:27"
501,2023-03-06,,18,1,"Decaf Americano",35.00,1.000,0.00,35.00,0,0,,"2023-03-07 15:20:12","2023-03-07 15:20:12"
502,2023-03-08,,15,1,"Emre'ye bebek görmeye tatlı.",140.00,1.000,0.00,140.00,0,0,,"2023-03-09 07:03:10","2023-03-09 07:03:10"
503,2023-03-08,,15,1,"Emre'ye bebek hediyesi.",400.00,1.000,0.00,400.00,0,0,,"2023-03-09 07:03:38","2023-03-09 07:03:38"
504,2023-03-08,,15,1,"Burs Mart",1200.00,1.000,0.00,1200.00,0,0,,"2023-03-09 07:04:37","2023-03-09 07:04:37"
505,2023-03-18,,12,1,Nurofen,72.50,1.000,0.00,72.50,0,0,,"2023-03-20 11:59:14","2023-03-20 11:59:33"
506,2023-03-19,,21,1,"Saksı ve çiçek soğanı",50.00,1.000,0.00,50.00,0,0,,"2023-03-20 12:10:17","2023-03-20 12:10:17"
507,2023-03-19,,8,1,Kablo,30.00,1.000,0.00,30.00,0,0,,"2023-03-20 12:10:46","2023-03-20 12:10:46"
508,2023-03-18,,22,1,"Kot ve keten pantolon",609.98,1.000,0.00,609.98,0,0,,"2023-03-20 12:11:40","2023-03-20 12:11:40"
509,2023-03-19,,9,1,"2 atkı",180.00,1.000,0.00,180.00,0,0,,"2023-03-20 12:12:43","2023-03-20 12:12:43"
510,2023-03-19,,22,1,"Kocaelispor Kapşonlu",350.00,1.000,0.00,350.00,0,0,,"2023-03-20 12:13:49","2023-03-20 12:13:49"
511,2023-03-21,,2,1,"Tuğçe ile çorba.",165.00,1.000,0.00,165.00,0,0,,"2023-03-21 22:05:08","2023-03-21 22:05:08"
512,2023-03-21,,24,1,"Netflix Aylık",130.00,1.000,0.00,130.00,0,0,,"2023-03-21 22:05:45","2023-03-21 22:05:45"
513,2023-03-21,,2,1,"Tuğçe ile öğle yemeği 2 burger menü.",165.00,1.000,0.00,165.00,0,0,,"2023-03-21 22:06:21","2023-03-21 22:06:21"
514,2023-03-21,,17,1,"2 Bira, kokteyl, çerez, turşu.",360.00,1.000,0.00,360.00,0,0,,"2023-03-21 22:06:55","2023-03-21 22:06:55"
515,2023-03-21,,2,1,"Çiğköfte dürüm.",20.00,1.000,0.00,20.00,0,0,,"2023-03-21 22:07:15","2023-03-21 22:07:15"
516,2023-03-21,,9,1,"4 Kitap",160.00,1.000,0.00,160.00,0,0,,"2023-03-21 22:08:25","2023-03-21 22:08:25"
517,2023-03-21,,8,1,"Market alışverişi.",46.00,1.000,0.00,46.00,0,0,,"2023-03-21 22:08:45","2023-03-21 22:08:45"
518,2023-03-23,,20,1,"Ford EcoSport TUVTURK ARAC MUAYENE",1387.33,1.000,0.00,1387.33,0,0,,"2023-03-24 09:11:53","2023-03-24 09:11:53"
519,2023-03-23,,20,1,"Ecosport 2023 Ocak ve Haziran Bandrolleri.",1812.17,1.000,0.00,1812.17,0,0,,"2023-03-24 09:13:09","2023-03-24 09:13:09"
520,2023-03-23,,20,1,"Alkollü yakalanma cezası + gecikme faizi.",2096.45,1.000,0.00,2096.45,0,0,,"2023-03-24 09:14:37","2023-03-24 09:14:37"
521,2023-03-24,,1,1,"14554. km yakıt.",20.80,41.060,0.00,854.05,0,0,,"2023-03-24 13:15:04","2023-03-24 13:15:04"
522,2023-03-25,,14,1,"Akmeşe İzmit gidiş.",17.50,1.000,0.00,17.50,0,0,,"2023-03-25 12:08:26","2023-03-25 12:08:26"
523,2023-03-26,,14,1,"Kentkart 200 TL yükleme.",200.00,1.000,0.00,200.00,0,0,,"2023-03-29 06:31:55","2023-03-29 06:31:55"
524,2023-03-28,,8,1,"Endüstriyel köpük.",74.90,1.000,0.00,74.90,0,0,,"2023-03-29 06:33:09","2023-03-29 06:33:09"
525,2023-03-29,,8,1,"Market alışverişi.",268.77,1.000,0.00,268.77,0,0,,"2023-03-29 06:45:35","2023-03-29 06:45:35"
526,2023-03-27,,14,1,"Kaptan'dan eve taksi.",114.95,1.000,0.00,114.95,0,0,,"2023-03-29 06:46:44","2023-03-29 06:46:44"
527,2023-01-30,,8,1,"Market alışverişi.",41.25,1.000,0.00,41.25,0,0,,"2023-03-29 06:47:53","2023-03-29 06:47:53"
528,2023-01-23,,8,1,"Market alışverişi.",230.00,1.000,0.00,230.00,0,0,,"2023-03-29 06:49:42","2023-03-29 06:49:42"
529,2023-03-27,,8,1,"Market alışverişi.",23.50,1.000,0.00,23.50,0,0,,"2023-03-29 06:50:52","2023-03-29 06:50:52"
530,2023-03-28,,14,1,"İstanbul tren bileti.",59.00,1.000,0.00,59.00,0,0,,"2023-03-29 06:57:26","2023-03-29 06:57:26"
531,2023-04-11,,1,1,15090km,22.66,42.810,0.00,970.07,0,0,,"2023-04-11 21:10:35","2023-04-11 21:10:35"
532,2023-04-27,,1,1,"15628. km yakıt",21.47,40.520,0.00,869.96,0,0,,"2023-04-27 15:10:16","2023-04-27 15:10:16"
533,2023-05-07,,1,1,"15938.8km akaryakıt.",19.64,26.990,0.00,530.08,0,0,,"2023-05-07 19:55:49","2023-05-07 19:55:49"
534,2023-05-22,,1,1,"Xxxx. km akaryakıt.",20.81,16.820,0.00,350.02,0,0,,"2023-05-22 21:53:18","2023-05-22 21:53:18"
535,2023-05-24,,1,1,"16971.8km akaryakıt.",21.46,33.320,0.00,715.05,0,0,,"2023-05-23 23:56:39","2023-05-23 23:56:39"
536,2023-05-28,,1,1,"17532.7 km yakıt",20.92,38.240,0.00,799.98,0,0,,"2023-05-28 09:00:32","2023-05-28 09:00:32"
537,2023-05-29,,1,1,"17784km akaryakıt.",20.81,21.150,0.00,440.13,0,0,,"2023-05-29 05:13:33","2023-05-29 05:13:33"
538,2023-06-04,,1,1,18323.5km,21.55,42.690,0.00,919.97,0,0,,"2023-06-04 11:14:07","2023-06-04 11:14:07"
539,2023-06-10,,1,1,"18720. km",24.31,29.620,0.00,720.06,0,0,,"2023-06-10 15:08:15","2023-06-10 15:08:15"
540,2023-06-17,,1,1,19241.9km,24.36,41.460,0.00,1009.97,0,0,,"2023-06-17 18:53:43","2023-06-17 18:53:43"
541,2023-07-02,,1,1,20512km,24.44,20.460,0.00,500.04,0,0,,"2023-07-02 20:10:05","2023-07-02 20:10:05"
542,2023-07-08,,1,1,21003.5km,26.64,40.170,0.00,1070.13,0,0,,"2023-07-08 17:38:53","2023-07-08 17:38:53"
543,2023-07-15,,1,1,21538km,28.44,42.190,0.00,1199.88,0,0,,"2023-07-15 13:47:45","2023-07-15 13:47:45"
544,2023-07-16,,9,1,"3 adet küçük Dragonball figürü.",110.00,3.000,0.00,330.00,0,0,,"2023-07-17 17:45:42","2023-07-17 17:45:42"
545,2023-07-16,,22,1,"Dragonball T-shirt",220.00,1.000,0.00,220.00,0,0,,"2023-07-17 17:46:42","2023-07-17 17:46:42"
546,2023-07-20,,1,1,21953.2km,34.44,33.120,0.00,1140.65,0,0,,"2023-07-20 16:20:42","2023-07-20 16:20:42"
547,2023-07-24,,1,1,22213.4km,34.44,22.500,0.00,774.90,0,0,,"2023-07-24 16:10:34","2023-07-24 16:11:08"
548,2023-07-29,,1,1,".... km",36.04,19.420,0.00,699.90,0,0,,"2023-08-02 06:37:43","2023-08-02 06:37:43"
549,2023-07-30,,1,1,".... km",36.04,28.860,0.00,1040.11,0,0,,"2023-08-02 06:39:14","2023-08-02 06:39:14"
550,2023-08-06,,1,1,23185.9,36.53,34.490,0.00,1259.92,0,0,,"2023-08-06 04:40:48","2023-08-06 04:40:48"
551,2023-08-13,,1,1,"23698.1 km",36.58,43.190,0.00,1579.89,0,0,,"2023-08-13 10:52:21","2023-08-13 10:53:08"
552,2023-08-17,,21,1,"2 adet kitaplık.",737.82,2.000,0.00,1475.64,0,0,,"2023-08-17 08:39:01","2023-09-13 11:48:13"
553,2023-08-17,,9,1,"4 adet kitap.",103.00,1.000,0.00,103.00,0,0,,"2023-08-17 08:41:23","2023-08-17 08:41:23"
554,2023-08-19,,15,1,"Elif Yıldızhan’a düğün takısı.",350.00,1.000,0.00,350.00,0,0,,"2023-08-19 17:17:00","2023-08-19 17:17:00"
555,2023-08-22,,1,1,24212.1km,38.19,39.700,0.00,1516.14,0,0,,"2023-08-22 21:04:48","2023-08-22 21:04:48"
556,2023-09-06,,1,1,24732.0km,37.30,42.940,0.00,1601.66,0,0,,"2023-09-06 16:24:16","2023-09-06 16:24:16"
557,2023-09-12,,1,1,25100.2km,37.35,29.450,0.00,1099.96,0,0,,"2023-09-12 19:31:37","2023-09-12 19:31:37"
558,2023-09-18,,1,1,25590km,39.04,42.100,0.00,1643.58,0,0,,"2023-09-18 22:25:41","2023-09-18 22:25:41"
559,2023-09-26,,1,1,26128.4km,37.16,40.640,0.00,1510.18,0,0,,"2023-09-26 20:07:08","2023-09-26 20:07:08"
560,2023-10-06,,1,1,26677.5km,33.95,4.420,0.00,150.06,0,0,,"2023-10-06 14:21:40","2023-10-06 14:21:40"
561,2023-10-06,,1,1,26698.7km,34.10,41.360,0.00,1410.38,0,0,,"2023-10-06 22:53:03","2023-10-06 22:53:03"
562,2023-10-16,,1,1,27210.3km,34.17,42.430,0.00,1449.83,0,0,,"2023-10-16 16:39:53","2023-10-16 16:39:53"
563,2023-10-22,,1,1,27741.9km,35.76,39.940,0.00,1428.25,0,0,,"2023-10-22 16:34:13","2023-10-22 16:34:13"
564,2023-11-02,,1,1,28228km,35.06,39.930,0.00,1399.95,0,0,,"2023-11-02 19:39:17","2023-11-02 19:39:17"
565,2023-11-09,,1,1,28790.1km,35.06,43.970,0.00,1541.59,0,0,,"2023-11-09 09:31:48","2023-11-09 09:31:48"
566,2023-11-17,,1,1,29302.9km,35.11,42.720,0.00,1499.90,0,0,,"2023-11-17 23:07:33","2023-11-17 23:07:33"
567,2023-11-28,,1,1,29803.5km,35.13,39.280,0.00,1379.91,0,0,,"2023-11-28 22:37:09","2023-11-28 22:37:09"
568,2023-12-07,,1,1,30314.7,35.18,41.410,0.00,1456.80,0,0,,"2023-12-07 20:33:30","2023-12-07 20:33:30"
569,2023-12-15,,1,1,"30821.6 km",33.60,41.070,0.00,1379.95,0,0,,"2023-12-15 20:43:51","2023-12-15 20:43:51"
570,2023-12-20,,1,1,31312.1km,35.10,41.030,0.00,1440.15,0,0,,"2023-12-20 18:23:00","2023-12-20 18:23:00"
571,2024-01-01,,1,1,31790.4km,35.11,39.310,0.00,1380.17,0,0,,"2024-01-01 21:13:15","2024-01-01 21:13:15"
572,2024-01-07,,17,1,"4 bira içtim.",75.00,4.000,0.00,300.00,0,0,,"2024-01-08 14:10:34","2024-01-08 14:10:34"
573,2024-01-07,,2,1,"Milli burger",170.00,1.000,0.00,170.00,0,0,,"2024-01-08 14:13:32","2024-01-08 14:13:32"
574,2024-01-07,,2,1,"Şenay ile birlikte kahvaltı.",894.00,1.000,0.00,894.00,0,0,,"2024-01-08 14:14:10","2024-01-08 14:14:10"
575,2024-01-10,,2,1,"Çorba ve chili tavuk",225.00,1.000,0.00,225.00,0,0,,"2024-01-10 18:14:05","2024-01-10 18:14:05"
576,2024-01-10,,9,1,"4 kitap",149.60,1.000,0.00,149.60,0,0,,"2024-01-10 18:14:52","2024-01-10 18:14:52"
577,2024-01-10,,9,1,"3 dergi",135.80,1.000,0.00,135.80,0,0,,"2024-01-10 18:15:43","2024-01-10 18:15:43"
578,2024-01-10,,8,1,"Market alışverişi abur cubur",176.50,1.000,0.00,176.50,0,0,,"2024-01-10 18:16:27","2024-01-10 18:16:27"
579,2024-01-10,,16,1,BES,1000.00,1.000,0.00,1000.00,0,0,,"2024-01-10 18:17:13","2024-01-10 18:17:13"
580,2024-01-10,,8,1,"Market alışverişi.",1003.53,1.000,0.00,1003.53,0,0,,"2024-01-10 18:59:27","2024-01-10 18:59:27"
581,2024-01-11,,1,1,32312.3km,37.38,42.840,0.00,1601.36,0,0,,"2024-01-11 18:36:06","2024-01-11 18:36:06"
582,2024-01-22,,17,1,"3 bira.",100.00,3.000,0.00,300.00,0,0,,"2024-01-23 08:43:02","2024-01-23 08:43:02"
583,2024-01-18,,1,1,".... km",36.82,28.520,0.00,1050.11,0,0,,"2024-01-23 08:43:37","2024-01-23 08:43:47"
584,2024-01-20,,21,1,"Tango gecesi giriş bedeli.",200.00,1.000,0.00,200.00,0,0,,"2024-01-23 11:20:39","2024-01-23 11:20:39"
585,2024-01-21,,21,1,"Workshop bedeli.",900.00,1.000,0.00,900.00,0,0,,"2024-01-23 11:21:12","2024-01-23 11:21:12"
586,2024-01-22,,2,1,"2 adet sosisli ayran.",130.00,1.000,0.00,130.00,0,0,,"2024-01-23 11:21:37","2024-01-23 11:21:37"
587,2024-01-23,,17,1,"2 bira",100.00,2.000,0.00,200.00,0,0,,"2024-01-24 12:44:50","2024-01-24 12:44:50"
588,2024-01-23,,1,1,33184km,38.90,40.390,0.00,1571.17,0,0,,"2024-01-24 12:45:17","2024-01-26 10:45:51"
589,2024-01-25,,17,1,"2 bira.",200.00,1.000,0.00,200.00,0,0,,"2024-01-26 10:45:14","2024-01-26 10:45:14"
590,2024-01-26,,18,1,"2 kahve bir sandviç.",175.00,1.000,0.00,175.00,0,0,,"2024-01-26 10:46:37","2024-01-26 10:46:37"
591,2024-01-26,,2,1,"3 pide 1 ayran",90.00,1.000,0.00,90.00,0,0,,"2024-01-26 10:47:00","2024-01-26 10:47:00"
592,2024-01-31,,1,1,33595km,39.90,33.080,0.00,1319.89,0,0,,"2024-01-31 21:21:23","2024-01-31 21:21:23"
593,2024-01-31,,17,1,"2 bira + turşu",255.00,1.000,0.00,255.00,0,0,,"2024-01-31 21:32:48","2024-01-31 21:32:48"
594,2024-01-31,,2,1,Çorba,50.00,1.000,0.00,50.00,0,0,,"2024-01-31 21:33:09","2024-01-31 21:33:09"
595,2024-01-31,,8,1,"Tadelle King Size",26.00,1.000,0.00,26.00,0,0,,"2024-01-31 21:33:31","2024-01-31 21:33:31"
596,2024-02-03,,18,1,"1 sandviç 1 kahve",100.00,1.000,0.00,100.00,0,0,,"2024-02-03 11:32:45","2024-02-03 11:32:45"
597,2024-02-03,,9,1,"4 Kocaelispor atkısı.",420.00,1.000,0.00,420.00,0,0,,"2024-02-03 11:33:17","2024-02-03 11:33:17"
598,2024-02-05,,1,1,34051.2km,39.94,40.310,0.00,1609.98,0,0,,"2024-02-05 17:20:47","2024-02-05 17:20:47"
599,2024-02-08,,17,1,"İki bira.",100.00,2.000,0.00,200.00,0,0,,"2024-02-09 11:00:53","2024-02-09 11:01:02"
600,2024-02-13,,1,1,34497.9km,40.04,39.470,0.00,1580.38,0,0,,"2024-02-13 20:48:34","2024-02-13 20:48:34"
601,2024-02-13,,17,1,"2 bira.",100.00,2.000,0.00,200.00,0,0,,"2024-02-14 10:32:54","2024-02-14 10:32:54"
602,2024-02-13,,2,1,"Ekiple akşam yemeği.",500.00,1.000,0.00,500.00,0,0,,"2024-02-14 10:35:57","2024-02-14 10:35:57"
603,2024-02-18,,17,1,"1 bira 1 çörçil.",160.00,1.000,0.00,160.00,0,0,,"2024-02-19 13:00:26","2024-02-19 13:00:26"
604,2024-02-19,,12,1,"Orzax Ocean ExtraMag 200mg",549.50,1.000,0.00,549.50,0,0,,"2024-02-19 13:01:28","2024-02-19 13:01:28"
605,2024-02-17,,17,1,"Buse ve Ezgi ile oturma.",1010.00,1.000,0.00,1010.00,0,0,,"2024-02-19 13:08:50","2024-02-19 13:09:00"
606,2024-02-10,,17,1,,1110.00,1.000,0.00,1110.00,0,0,,"2024-02-19 13:31:46","2024-02-19 13:31:46"
607,2024-02-12,,16,1,BES,1500.00,1.000,0.00,1500.00,0,0,,"2024-02-19 13:32:41","2024-02-19 13:32:41"
608,2024-02-17,,9,1,"Arastada seyyar tezgahtan 11 mitoloji kitabı.",50.00,11.000,0.00,550.00,0,0,,"2024-02-19 17:15:10","2024-02-19 17:15:10"
609,2024-02-20,,1,1,34991.2km,41.83,39.210,0.00,1640.15,0,0,,"2024-02-20 21:51:08","2024-02-20 21:51:08"
610,2024-02-20,,8,1,"Abur cubur.",125.00,1.000,0.00,125.00,0,0,,"2024-02-20 21:51:30","2024-02-20 21:51:30"
611,2024-02-20,,17,1,"2 bira",100.00,2.000,0.00,200.00,0,0,,"2024-02-20 21:51:53","2024-02-20 21:51:53"
612,2024-02-22,,17,1,"Ezgi Ünlü ile bira sohbet.",1450.00,1.000,0.00,1450.00,0,0,,"2024-02-23 13:33:16","2024-02-23 13:33:16"
613,2024-02-25,,18,1,"300 lira yükleme.",300.00,1.000,0.00,300.00,0,0,,"2024-02-25 13:11:35","2024-02-25 13:11:35"
614,2024-03-01,,12,1,"Baş parmak ateli ve multivitamin",570.00,1.000,0.00,570.00,0,0,,"2024-03-01 07:45:03","2024-03-01 07:45:03"
615,2024-03-01,,8,1,"Gıda ağırlıklı market alışverişi.",740.96,1.000,0.00,740.96,0,0,,"2024-03-01 07:46:44","2024-03-01 07:46:44"
616,2024-02-28,,13,1,Otopark,24.00,1.000,0.00,24.00,0,0,,"2024-03-01 07:49:48","2024-03-01 07:49:48"
617,2024-03-01,,17,1,"4 bira 4 şat Büşra Okay’larla.",800.00,1.000,0.00,800.00,0,0,,"2024-03-02 07:14:51","2024-03-02 07:14:51"
618,2024-03-02,,12,1,"1 seans ücreti.",2000.00,1.000,0.00,2000.00,0,0,,"2024-03-02 07:15:39","2024-03-02 07:15:39"
619,2024-03-02,,1,1,35522.2km,41.06,42.620,0.00,1749.98,0,0,,"2024-03-02 10:02:45","2024-03-02 10:02:45"
620,2024-03-03,,1,1,36036.4km,41.47,40.510,0.00,1679.95,0,0,,"2024-03-03 14:02:30","2024-03-03 14:02:30"
621,2024-03-05,,15,1,Burs,1500.00,1.000,0.00,1500.00,0,0,,"2024-03-05 12:12:23","2024-03-05 12:12:23"
622,2024-03-04,,17,1,"2 bira",135.00,2.000,0.00,270.00,0,0,,"2024-03-05 12:13:18","2024-03-05 12:13:18"
623,2024-03-04,,21,1,"Milonga giriş ücreti.",150.00,1.000,0.00,150.00,0,0,,"2024-03-05 12:13:48","2024-03-05 12:13:48"
624,2024-03-05,,17,1,"3 bira",100.00,3.000,0.00,300.00,0,0,,"2024-03-05 20:48:32","2024-03-05 20:48:32"
625,2024-03-05,,2,1,"Ekin’in doğum günü ve Kültür Patlaması için toplanma.",710.00,1.000,0.00,710.00,0,0,,"2024-03-05 20:49:18","2024-03-05 20:49:18"
626,2024-03-05,,24,1,"Premium aylık ödeme.",120.00,1.000,0.00,120.00,0,0,,"2024-03-05 20:50:10","2024-03-05 20:50:10"
627,2024-03-07,,1,1,Xxkm,41.08,12.170,0.00,499.94,0,0,,"2024-03-07 17:04:34","2024-03-07 17:04:34"
628,2024-03-07,,1,1,36679.7km,41.13,41.340,0.00,1700.31,0,0,,"2024-03-07 17:05:18","2024-03-07 17:05:18"
629,2024-03-08,,21,1,"Topraksız tarım eğitimi",2500.00,1.000,0.00,2500.00,0,0,,"2024-03-08 15:04:00","2024-03-08 15:04:00"
630,2024-03-08,,17,1,"3 bira",100.00,3.000,0.00,300.00,0,0,,"2024-03-09 19:58:41","2024-03-09 19:58:41"
631,2024-03-09,,18,1,"Kitap kulübü ile Burgazada’da kahve, pasta.",200.00,1.000,0.00,200.00,0,0,,"2024-03-09 20:00:16","2024-03-09 20:00:16"
632,2024-03-09,,9,1,"Müzeden kitap, kartpostal ve bardak altlığı.",272.00,1.000,0.00,272.00,0,0,,"2024-03-09 20:01:19","2024-03-09 20:01:19"
633,2024-03-09,,14,1,"Burgazada vapur parası.",50.00,1.000,0.00,50.00,0,0,,"2024-03-09 20:02:22","2024-03-09 20:02:22"
634,2024-03-07,,24,1,"Telefon faturası.",197.70,1.000,0.00,197.70,0,0,,"2024-03-09 20:04:16","2024-03-09 20:04:16"
635,2024-03-08,,9,1,"3 dergi",241.04,1.000,0.00,241.04,0,0,,"2024-03-09 20:05:51","2024-03-09 20:05:51"
636,2024-03-09,,17,1,"3 bira",100.00,3.000,0.00,300.00,0,0,,"2024-03-09 21:33:36","2024-03-09 21:33:36"
637,2024-03-18,,17,1,"1 bira 1 alkolsüz kokteyl.",185.00,1.000,0.00,185.00,0,0,,"2024-03-18 21:24:08","2024-03-18 21:24:08"
638,2024-03-18,,1,1,37183.6km,42.77,37.880,0.00,1620.13,0,0,,"2024-03-18 21:24:48","2024-03-18 21:24:48"
639,2024-03-22,,15,1,"Emre Nayir’in oğlu Alp için doğum hediyesi.",400.00,1.000,0.00,400.00,0,0,,"2024-03-22 13:45:28","2024-03-22 13:45:28"
640,2024-03-28,,1,1,37625.9km,44.14,38.510,0.00,1699.83,0,0,,"2024-03-28 21:13:05","2024-03-28 21:13:05"
641,2024-04-04,,1,1,38057.3km,44.23,31.650,0.00,1399.88,0,0,,"2024-04-04 21:39:37","2024-04-04 21:39:37"
642,2024-04-07,,1,1,38451.9,43.44,27.850,0.00,1209.80,0,0,,"2024-04-07 18:06:36","2024-04-07 18:06:36"
643,2024-04-10,,2,1,"Köfte iftar menü",180.00,1.000,0.00,180.00,0,0,,"2024-04-10 12:14:38","2024-04-10 12:14:38"
644,2024-04-10,,15,1,"Zekat ve fitre toplam",14000.00,1.000,0.00,14000.00,0,0,,"2024-04-10 12:15:24","2024-04-10 12:15:24"
645,2024-04-10,,15,1,"Melike’ye doğum günü hediyesi.",756.00,1.000,0.00,756.00,0,0,,"2024-04-10 12:16:43","2024-04-10 12:16:43"
646,2024-04-10,,9,1,"16 kitap",387.00,1.000,0.00,387.00,0,0,,"2024-04-10 18:35:19","2024-04-10 18:35:19"
647,2024-04-25,,1,1,38966.4km,44.42,38.500,0.00,1710.17,0,0,,"2024-04-25 06:07:21","2024-04-25 06:07:21"
648,2024-04-28,,1,1,39524.7km,44.44,40.500,0.00,1799.82,0,0,,"2024-04-28 20:38:48","2024-04-28 20:38:48"
649,2024-05-04,,2,1,yemek.,130.00,1.000,0.00,130.00,0,0,,"2024-05-04 14:17:05","2024-05-04 14:17:05"
650,2024-05-04,,17,1,"Mustafa ve Elif ile kutlama.",890.00,1.000,0.00,890.00,0,0,,"2024-05-04 14:33:27","2024-05-04 14:33:27"
651,2024-05-11,,1,1,40108.7km,43.55,31.690,0.00,1380.10,0,0,,"2024-05-11 13:48:46","2024-05-11 13:48:46"
652,2024-05-18,,1,1,40729.5km,43.65,41.010,0.00,1790.09,0,0,,"2024-05-18 18:58:46","2024-05-18 18:58:46"
653,2024-05-18,,1,1,"Akmeşe’den 200 liralık yakıt.",200.00,1.000,0.00,200.00,0,0,,"2024-05-20 06:28:45","2024-05-20 06:29:04"
654,2024-05-26,,1,1,"41618.4 km",43.05,17.420,0.00,749.93,0,0,,"2024-05-26 12:29:40","2024-05-26 12:29:40"
655,2024-05-29,,13,1,"Gece park",19.00,1.000,0.00,19.00,0,0,,"2024-05-29 21:18:44","2024-05-29 21:18:44"
656,2024-05-29,,17,1,"1 bira",100.00,1.000,0.00,100.00,0,0,,"2024-05-29 21:19:01","2024-05-29 21:19:01"
657,2024-05-29,,17,1,Bahşiş.,50.00,1.000,0.00,50.00,0,0,,"2024-05-29 21:19:28","2024-05-29 21:19:28"
658,2024-05-29,,18,1,"Filtre kahve",55.00,1.000,0.00,55.00,0,0,,"2024-05-29 21:19:47","2024-05-29 21:19:47"
659,2024-05-27,,1,1,"Xxxxx km",42.28,32.640,0.00,1380.02,0,0,,"2024-05-29 21:27:21","2024-05-29 21:27:21"
660,2024-05-21,,1,1,"Xxxxx km",43.66,8.020,0.00,350.15,0,0,,"2024-05-29 21:28:54","2024-05-29 21:29:16"
661,2024-06-03,,2,1,"Akşam yemeği burger ve soda.",281.00,1.000,0.00,281.00,0,0,,"2024-06-04 12:36:22","2024-06-04 12:36:22"
662,2024-06-03,,17,1,"1 bira",100.00,1.000,0.00,100.00,0,0,,"2024-06-04 12:36:38","2024-06-04 12:36:38"
663,2024-06-10,,8,1,"Market alışverişi.",496.17,1.000,0.00,496.17,0,0,,"2024-06-10 08:50:22","2024-06-10 08:50:22"
664,2024-06-07,,21,1,"Bodrum Dalış Tatili",11950.00,1.000,0.00,11950.00,0,0,,"2024-06-10 08:51:40","2024-06-10 08:51:40"
665,2024-06-06,,9,1,Kafkaokur,60.00,1.000,0.00,60.00,0,0,,"2024-06-10 09:42:28","2024-06-10 09:42:28"
666,2024-06-08,,12,1,"Nivea 50 faktör",549.95,1.000,0.00,549.95,0,0,,"2024-06-10 09:43:05","2024-06-10 09:45:11"
667,2024-06-08,,15,1,"Muharrem’in annesine geçmiş olsun.",95.00,1.000,0.00,95.00,0,0,,"2024-06-10 09:43:43","2024-06-10 09:45:28"
668,2024-06-08,,17,1,"Kızlarla alkol.",1000.00,1.000,0.00,1000.00,0,0,,"2024-06-10 09:44:22","2024-06-10 09:44:22"
669,2024-06-08,,17,1,"2 bira.",250.00,2.000,0.00,500.00,0,0,,"2024-06-10 09:44:53","2024-06-10 09:44:53"
670,2024-06-08,,2,1,"Ekiple akşam yemeği balık.",700.00,1.000,0.00,700.00,0,0,,"2024-06-10 09:46:14","2024-06-10 09:46:14"
671,2024-06-07,,2,1,"Kahvaltılık sandviç limonata",150.00,1.000,0.00,150.00,0,0,,"2024-06-10 09:46:52","2024-06-10 09:46:52"
672,2024-06-10,,1,1,42691km,41.18,41.480,0.00,1708.15,0,0,,"2024-06-10 20:28:39","2024-06-10 20:28:39"
673,2024-06-10,,15,1,Bahşiş.,50.00,1.000,0.00,50.00,0,0,,"2024-06-10 20:28:56","2024-06-10 20:28:56"
674,2024-06-19,,1,1,43174.3km,41.25,40.000,0.00,1650.00,0,0,,"2024-06-19 21:42:44","2024-06-19 21:42:44"
675,2024-06-19,,17,1,"2 bira",100.00,2.000,0.00,200.00,0,0,,"2024-06-19 21:43:00","2024-06-19 21:43:00"
676,2024-06-19,,8,1,"Cips, gofret.",84.00,1.000,0.00,84.00,0,0,,"2024-06-19 21:43:17","2024-06-19 21:43:17"
677,2024-06-19,,21,1,"İskoçya’ya iddaa, yattı.",100.00,1.000,0.00,100.00,0,0,,"2024-06-19 21:43:52","2024-06-19 21:43:52"
678,2024-06-24,,8,1,Gofret,45.00,1.000,0.00,45.00,0,0,,"2024-06-24 21:26:34","2024-06-24 21:26:34"
679,2024-06-24,,1,1,43515.4km,43.21,23.610,0.00,1020.19,0,0,,"2024-06-24 21:27:05","2024-06-24 21:27:05"
680,2024-07-02,,17,1,"3 bira",310.00,1.000,0.00,310.00,0,0,,"2024-07-03 07:10:19","2024-07-03 07:10:19"
681,2024-07-07,,8,1,"Eve market alışverişi.",1000.39,1.000,0.00,1000.39,0,0,,"2024-07-08 07:17:07","2024-07-08 07:17:07"
682,2024-07-06,,17,1,"3 bira.",170.00,3.000,0.00,510.00,0,0,,"2024-07-08 07:17:43","2024-07-08 07:17:50"
683,2024-07-06,,17,1,"2 bira",100.00,2.000,0.00,200.00,0,0,,"2024-07-08 07:18:09","2024-07-08 07:18:20"
684,2024-07-05,,18,1,"Para yükleme.",250.00,1.000,0.00,250.00,0,0,,"2024-07-08 07:18:50","2024-07-08 07:18:50"
685,2024-07-09,,1,1,45037.3km,45.66,22.120,0.00,1010.00,0,0,,"2024-07-09 19:35:19","2024-07-09 19:35:19"
686,2024-07-12,,2,1,"Sriracha Soslu Tavuk",240.00,1.000,0.00,240.00,0,0,,"2024-07-12 14:57:29","2024-07-12 14:57:29"
687,2024-07-15,,1,1,,44.90,17.770,0.00,797.87,0,0,,"2024-07-17 08:38:17","2024-07-17 08:38:17"
688,2024-07-13,,1,1,,44.77,21.220,0.00,950.02,0,0,,"2024-07-17 08:38:47","2024-07-17 08:38:47"
689,2024-07-09,,12,1,İlaç,282.00,1.000,0.00,282.00,0,0,,"2024-07-17 08:39:25","2024-07-17 08:39:25"
690,2024-07-14,,13,1,,90.00,1.000,0.00,90.00,0,0,,"2024-07-17 08:39:57","2024-07-17 08:39:57"
691,2024-07-10,,13,1,,24.00,1.000,0.00,24.00,0,0,,"2024-07-17 08:40:24","2024-07-17 08:40:24"
692,2024-07-11,,13,1,,26.00,1.000,0.00,26.00,0,0,,"2024-07-17 08:40:50","2024-07-17 08:40:50"
693,2024-07-15,,9,1,"2 kitap",400.00,1.000,0.00,400.00,0,0,,"2024-07-17 08:41:19","2024-07-17 08:41:19"
694,2024-07-12,,14,1,"Mısır için gidiş dönüş uçak bileti. (3-11 Ağustos)",10233.00,1.000,0.00,10233.00,0,0,,"2024-07-17 08:43:59","2024-07-17 08:43:59"
695,2024-07-16,,17,1,"2 Bira",130.00,2.000,0.00,260.00,0,0,,"2024-07-17 08:44:43","2024-07-17 08:44:43"
696,2024-07-16,,2,1,Dürüm.,60.00,1.000,0.00,60.00,0,0,,"2024-07-17 08:45:10","2024-07-17 08:45:10"
697,2024-07-16,,18,1,"Para yükleme.",250.00,1.000,0.00,250.00,0,0,,"2024-07-17 08:45:52","2024-07-17 08:45:52"
698,2024-07-16,,2,1,"Öğle yemeği zurna ayran.",145.00,1.000,0.00,145.00,0,0,,"2024-07-17 08:46:42","2024-07-17 08:46:42"
699,2024-07-16,,24,1,,755.40,1.000,0.00,755.40,0,0,,"2024-07-17 08:47:05","2024-07-17 08:47:05"
700,2024-07-15,,17,1,"2 bira",270.00,1.000,0.00,270.00,0,0,,"2024-07-17 08:47:29","2024-07-17 08:47:29"
701,2024-07-15,,17,1,"2 kadeh şarap.",770.00,1.000,0.00,770.00,0,0,,"2024-07-17 08:48:07","2024-07-17 08:48:07"
702,2024-07-15,,2,1,"Öğle yemeği 2 kişi.",635.00,1.000,0.00,635.00,0,0,,"2024-07-17 08:48:44","2024-07-17 08:48:44"
703,2024-07-15,,18,1,"Para yükleme.",250.00,1.000,0.00,250.00,0,0,,"2024-07-17 08:49:17","2024-07-17 08:49:17"
704,2024-07-14,,17,1,"Bira ve shotlar.",2000.00,1.000,0.00,2000.00,0,0,,"2024-07-17 08:49:47","2024-07-17 08:49:47"
705,2024-07-14,,23,1,"Tek gece konaklama kahvaltı dahil.",2300.00,1.000,0.00,2300.00,0,0,,"2024-07-17 08:50:24","2024-07-17 08:50:24"
706,2024-07-14,,17,1,"3 bira.",235.00,1.000,0.00,235.00,0,0,,"2024-07-17 08:50:59","2024-07-17 08:50:59"
707,2024-07-13,,23,1,"Tek gece konaklama kahvaltı dahil.",1569.00,1.000,0.00,1569.00,0,0,,"2024-07-17 08:51:44","2024-07-17 08:51:44"
708,2024-07-13,,2,1,"Tuğçe ile akşam yemeği.",1055.00,1.000,0.00,1055.00,0,0,,"2024-07-17 08:52:27","2024-07-17 08:52:27"
709,2024-07-13,,9,1,"Atatürk Evi'nden hediyelik eşyalar.",790.00,1.000,0.00,790.00,0,0,,"2024-07-17 08:53:12","2024-07-17 08:53:12"
710,2024-07-17,,17,1,"3 bira",130.00,3.000,0.00,390.00,0,0,,"2024-07-18 11:56:24","2024-07-18 11:56:24"
711,2024-07-20,,1,1,46398.7,45.67,39.420,0.00,1800.31,0,0,,"2024-07-20 15:07:00","2024-07-20 15:07:07"
712,2024-07-20,,12,1,"Sinüzit için Melike’nin eski çalıştığı Mete beye muayene ücreti (%50 indirimli)",1500.00,1.000,0.00,1500.00,0,0,,"2024-07-20 16:19:21","2024-07-20 16:19:21"
713,2024-07-14,,9,1,"Hediyelik eşyalar.",330.00,1.000,0.00,330.00,0,0,,"2024-07-20 16:20:49","2024-07-20 16:20:49"
714,2024-07-20,,2,1,"Babamla yemek.",516.00,1.000,0.00,516.00,0,0,,"2024-07-20 16:21:29","2024-07-20 16:21:29"
715,2024-07-20,,12,1,"50 gr papatya",30.00,1.000,0.00,30.00,0,0,,"2024-07-20 16:22:06","2024-07-20 16:22:06"
716,2024-07-20,,18,1,"Kart yüklemesi",250.00,1.000,0.00,250.00,0,0,,"2024-07-20 16:22:34","2024-07-20 16:22:34"
717,2024-07-19,,17,1,"3 bira 2 shot",630.00,1.000,0.00,630.00,0,0,,"2024-07-20 16:23:17","2024-07-20 16:23:17"
718,2024-07-14,,1,1,,45.99,34.710,0.00,1596.31,0,0,,"2024-07-20 17:11:00","2024-07-20 17:11:13"
719,2024-07-22,,18,1,"Karta para yükleme.",200.00,1.000,0.00,200.00,0,0,,"2024-07-22 11:16:33","2024-07-22 11:16:33"
720,2024-07-22,,2,1,"Ekiple öğle yemeği.",295.00,1.000,0.00,295.00,0,0,,"2024-07-22 11:16:54","2024-07-22 11:16:54"
721,2024-07-22,,8,1,"Telefonun arkasına acil durumlar için saklanan 200 lira.",200.00,1.000,0.00,200.00,0,0,,"2024-07-22 11:17:35","2024-07-22 11:17:35"
722,2024-07-28,,17,1,"Bira ve şarap",650.00,1.000,0.00,650.00,0,0,,"2024-07-28 21:22:38","2024-07-28 21:22:38"
723,2024-07-28,,17,1,"2 bira",130.00,2.000,0.00,260.00,0,0,,"2024-07-29 07:30:11","2024-07-29 07:30:11"
724,2024-07-29,,8,1,"Market alışverişi.",322.39,1.000,0.00,322.39,0,0,,"2024-07-29 17:22:39","2024-07-29 17:22:39"
725,2024-07-29,,2,1,"Akşam yemeği.",255.00,1.000,0.00,255.00,0,0,,"2024-07-29 17:23:09","2024-07-29 17:23:09"
726,2024-07-29,,21,1,"Retro Oyun konsolu ve 2 kol.",890.00,1.000,0.00,890.00,0,0,,"2024-07-29 17:23:56","2024-07-29 17:23:56"
727,2024-07-29,,8,1,"Otomattan çikolata",47.75,1.000,0.00,47.75,0,0,,"2024-07-29 17:24:43","2024-07-29 17:24:43"
728,2024-07-29,,21,1,"mahirteknoloji.co 1 yıllık isim.",446.39,1.000,0.00,446.39,0,0,,"2024-07-29 17:25:40","2024-07-29 17:25:40"
729,2024-07-29,,19,1,"Tıraş parası",400.00,1.000,0.00,400.00,0,0,,"2024-07-30 17:15:45","2024-07-30 17:15:45"
730,2024-07-30,,1,1,46902.5km,45.71,39.380,0.00,1800.06,0,0,,"2024-07-30 17:16:21","2024-07-30 17:16:21"
731,2024-07-30,,2,1,"Akşam yemeği",145.00,1.000,0.00,145.00,0,0,,"2024-07-30 17:28:48","2024-07-30 17:28:48"
732,2024-07-31,,2,1,"Akşam yemeği triple cheesburger",185.00,1.000,0.00,185.00,0,0,,"2024-07-31 22:01:08","2024-07-31 22:01:08"
741,2024-07-31,,17,1,"1 bira",130.00,1.000,0.00,130.00,0,0,,"2024-07-31 22:03:19","2024-07-31 22:03:19"
742,2024-07-31,,2,1,"Kahvaltılık sandviç",105.00,1.000,0.00,105.00,0,0,,"2024-07-31 22:03:53","2024-07-31 22:03:53"
743,2024-07-31,,18,1,Americano,95.00,1.000,0.00,95.00,0,0,,"2024-07-31 22:04:14","2024-07-31 22:04:14"
744,2024-07-31,,21,1,"bcardarc.com adresinin isim tescil ücreti.",814.00,1.000,0.00,814.00,0,0,,"2024-08-01 07:52:38","2024-08-01 07:52:38"
745,2024-08-11,,1,1,47506.4,44.09,11.340,0.00,499.98,0,0,,"2024-08-11 05:59:38","2024-08-11 05:59:38"
746,2024-08-12,,1,1,47612.1,44.09,22.680,0.00,999.96,0,0,,"2024-08-12 19:46:04","2024-08-12 19:46:04"
747,2024-08-12,,2,1,"262’de çocuklara pizza ısmarlama.",470.00,1.000,0.00,470.00,0,0,,"2024-08-12 19:46:38","2024-08-12 19:46:38"
748,2024-08-12,,2,1,"Dürüm çiğköfte",60.00,1.000,0.00,60.00,0,0,,"2024-08-12 19:47:02","2024-08-12 19:47:02"
749,2024-08-12,,17,1,"2 bira",130.00,2.000,0.00,260.00,0,0,,"2024-08-12 19:47:19","2024-08-12 19:47:19"
750,2024-08-13,,17,1,"3 bira ve alkolsüz kokteyl.",540.00,1.000,0.00,540.00,0,0,,"2024-08-14 05:59:18","2024-08-14 05:59:28"
751,2024-08-13,,21,1,"Regülatör ilk taksit.",3500.00,1.000,0.00,3500.00,0,0,,"2024-08-14 06:00:09","2024-08-14 06:00:09"
752,2024-08-19,,2,1,"Öğle yemeği.",220.00,1.000,0.00,220.00,0,0,,"2024-08-19 12:39:57","2024-08-19 12:39:57"
753,2024-08-17,,13,1,,135.00,1.000,0.00,135.00,0,0,,"2024-08-19 12:40:43","2024-08-19 12:40:43"
754,2024-08-21,,1,1,48477.5,44.94,43.840,0.00,1970.17,0,0,,"2024-08-21 15:56:36","2024-08-21 15:56:36"
755,2024-08-27,,20,1,"Araba yağ, filtre, balata değişimi.",4500.00,1.000,0.00,4500.00,0,0,,"2024-08-28 11:50:07","2024-08-28 11:50:29"
756,2024-08-24,,9,1,"Dergi ve kitaplar.",700.00,1.000,0.00,700.00,0,0,,"2024-09-02 08:28:37","2024-09-02 08:28:37"
757,2024-08-17,,1,1,47912.0km,44.93,40.060,0.00,1799.90,0,0,,"2024-09-02 08:30:16","2024-09-02 08:30:16"
758,2024-08-30,,1,1,49000.2km,43.52,39.660,0.00,1726.00,0,0,,"2024-09-03 11:19:28","2024-09-03 11:19:28"
759,2024-09-03,,17,1,"3 bira",130.00,3.000,0.00,390.00,0,0,,"2024-09-03 20:42:59","2024-09-03 20:42:59"
760,2024-09-03,,2,1,"2 orta pizza",300.00,1.000,0.00,300.00,0,0,,"2024-09-03 20:44:39","2024-09-03 20:44:39"
761,2024-09-04,,17,1,"5 bira",515.00,1.000,0.00,515.00,0,0,,"2024-09-05 14:11:25","2024-09-05 14:11:25"
762,2024-09-05,,1,1,49457.8km,43.31,38.360,0.00,1661.37,0,0,,"2024-09-05 16:49:33","2024-09-05 16:49:33"
763,2024-09-13,,17,1,"9 bira",1180.00,1.000,0.00,1180.00,0,0,,"2024-09-15 11:17:09","2024-09-15 11:17:09"
764,2024-09-14,,17,1,"4 bira",130.00,4.000,0.00,520.00,0,0,,"2024-09-15 11:19:05","2024-09-15 11:19:05"
765,2024-09-12,,1,1,49973.4km,41.75,42.280,0.00,1765.19,0,0,,"2024-09-15 11:20:06","2024-09-15 11:20:06"
766,2024-09-16,,17,1,"2 bira",130.00,2.000,0.00,260.00,0,0,,"2024-09-17 15:53:56","2024-09-17 15:53:56"
767,2024-09-19,,13,1,"Gece parkı.",19.00,1.000,0.00,19.00,0,0,,"2024-09-20 10:48:24","2024-09-20 10:48:24"
768,2024-09-19,,17,1,"2 bira",130.00,2.000,0.00,260.00,0,0,,"2024-09-20 10:48:40","2024-09-20 10:48:40"
769,2024-09-18,,17,1,"3 bira",130.00,3.000,0.00,390.00,0,0,,"2024-09-20 10:49:15","2024-09-20 10:49:15"
770,2024-09-20,,17,1,"2 fıçı 2 şişe",135.00,4.000,0.00,540.00,0,0,,"2024-09-22 15:40:41","2024-09-22 15:40:41"
771,2024-09-22,,17,1,"1 bira",130.00,1.000,0.00,130.00,0,0,,"2024-09-23 05:54:46","2024-09-23 05:54:46"
772,2024-09-24,,17,1,"3 bira",130.00,3.000,0.00,390.00,0,0,,"2024-09-25 13:41:16","2024-09-25 13:41:16"
773,2024-09-24,,13,1,"Gece parkı.",24.00,1.000,0.00,24.00,0,0,,"2024-09-25 13:42:24","2024-09-25 13:42:24"
774,2024-09-28,,1,1,50806.1km,42.92,38.440,0.00,1649.84,0,0,,"2024-09-28 21:59:48","2024-09-28 21:59:48"
775,2024-09-26,,1,1,,42.65,23.450,0.00,1000.14,0,0,,"2024-09-28 22:00:40","2024-09-28 22:00:51"
776,2024-10-01,,17,1,,130.00,3.000,0.00,390.00,0,0,,"2024-10-02 15:26:07","2024-10-02 15:26:07"
777,2024-09-30,,17,1,"2 shot",120.00,2.000,0.00,240.00,0,0,,"2024-10-02 15:26:26","2024-10-02 15:26:26"
778,2024-09-30,,17,1,,130.00,2.000,0.00,260.00,0,0,,"2024-10-02 15:26:39","2024-10-02 15:26:39"
779,2024-10-06,,9,1,"Küçük Prens",50.00,1.000,0.00,50.00,0,0,,"2024-10-06 18:56:24","2024-10-06 18:56:24"
780,2024-10-09,,17,1,,130.00,2.000,0.00,260.00,0,0,,"2024-10-10 07:42:46","2024-10-10 07:42:46"
781,2024-10-08,,17,1,,130.00,3.000,0.00,390.00,0,0,,"2024-10-10 07:43:04","2024-10-10 07:43:04"
782,2024-10-06,,9,1,"Küçük Prens",50.00,1.000,0.00,50.00,0,0,,"2024-10-10 16:28:46","2024-10-10 16:28:46"
783,2024-10-13,,9,1,"Karışık para koleksiyonu aldım.",16000.00,1.000,0.00,16000.00,0,0,,"2024-10-13 18:20:20","2024-10-13 18:20:20"
784,2024-10-13,,9,1,"karışık 7 Küçük Prens kitabı aldım.",50.00,7.000,0.00,350.00,0,0,,"2024-10-13 18:20:59","2024-10-13 18:20:59"
785,2024-10-13,,18,1,"Cold Brew",200.00,1.000,0.00,200.00,0,0,,"2024-10-13 18:21:35","2024-10-13 18:21:35"
786,2024-10-14,,1,1,,44.74,39.110,0.00,1749.78,0,0,,"2024-10-14 14:59:02","2024-10-14 14:59:02"
787,2024-10-14,,19,1,"Traş parası.",400.00,1.000,0.00,400.00,0,0,,"2024-10-14 15:31:15","2024-10-14 15:31:15"
788,2024-10-14,,2,1,"Patatesli pide.",35.00,1.000,0.00,35.00,0,0,,"2024-10-15 07:18:12","2024-10-15 07:18:12"
789,2024-10-14,,2,1,"pilav ayran.",110.00,1.000,0.00,110.00,0,0,,"2024-10-15 07:18:38","2024-10-15 07:18:38"
790,2024-10-05,,13,1,,19.00,1.000,0.00,19.00,0,0,,"2024-10-16 13:53:59","2024-10-16 13:53:59"
791,2024-10-13,,13,1,,26.00,1.000,0.00,26.00,0,0,,"2024-10-16 13:54:31","2024-10-16 13:54:31"
792,2024-10-13,,15,1,"Serpil'e kitap hediye.",78.00,1.000,0.00,78.00,0,0,,"2024-10-16 13:55:50","2024-10-16 13:55:50"
793,2024-10-19,,17,1,,830.00,1.000,0.00,830.00,0,0,,"2024-10-19 22:10:15","2024-10-19 22:10:15"
794,2024-10-19,,2,1,"Ahmet abi ile midye ve kokoreç",1100.00,1.000,0.00,1100.00,0,0,,"2024-10-19 22:10:49","2024-10-19 22:10:49"
795,2024-10-19,,13,1,Otopark,24.00,1.000,0.00,24.00,0,0,,"2024-10-19 22:11:38","2024-10-19 22:11:38"
796,2024-10-21,,1,1,51868.5km,44.75,40.220,0.00,1799.85,0,0,,"2024-10-21 16:53:37","2024-10-21 16:53:37"
797,2024-10-21,,2,1,"Tavuk Burger menu",240.00,1.000,0.00,240.00,0,0,,"2024-10-21 17:12:44","2024-10-21 17:12:44"
798,2024-10-21,,15,1,"Serpil’e elbise",450.00,1.000,0.00,450.00,0,0,,"2024-10-21 17:13:16","2024-10-21 17:13:16"
799,2024-10-21,,15,1,"Serpil’e elbise içi şort tayt lazer kesim.",400.00,1.000,0.00,400.00,0,0,,"2024-10-21 17:13:59","2024-10-21 17:13:59"
800,2024-10-21,,12,1,"Göz muayenesi",15.00,1.000,0.00,15.00,0,0,,"2024-10-21 17:14:26","2024-10-21 17:14:26"
801,2024-10-21,,12,1,"Göz rahatsızlığı için damla, ilaç.",275.00,1.000,0.00,275.00,0,0,,"2024-10-21 17:15:31","2024-10-21 17:15:31"
802,2024-10-20,,18,1,"Para yükleme",250.00,1.000,0.00,250.00,0,0,,"2024-10-21 17:15:56","2024-10-21 17:16:29"
803,2024-10-22,,13,1,,19.00,1.000,0.00,19.00,0,0,,"2024-10-23 07:44:22","2024-10-23 07:44:27"
804,2024-10-22,,17,1,,130.00,1.000,0.00,130.00,0,0,,"2024-10-23 07:44:43","2024-10-23 07:44:43"
805,2024-10-23,,2,1,"Saraça soslu tavuk",240.00,1.000,0.00,240.00,0,0,,"2024-10-23 16:42:32","2024-10-23 16:42:32"
806,2024-10-23,,21,1,"Takım çantasına ıvır zıvır",335.25,1.000,0.00,335.25,0,0,,"2024-10-23 16:43:34","2024-10-23 16:43:34"
807,2024-10-27,,2,1,"Dalış ekibi ile yemek.",1000.00,1.000,0.00,1000.00,0,0,,"2024-10-28 19:57:54","2024-10-28 19:57:54"
808,2024-10-27,,17,1,"Şişe şarap ve bir bira.",1100.00,1.000,0.00,1100.00,0,0,,"2024-10-28 19:58:27","2024-10-28 19:58:27"
809,2024-10-27,,17,1,"2 bira",250.00,2.000,0.00,500.00,0,0,,"2024-10-28 21:43:57","2024-10-28 21:43:57"
810,2024-10-29,,2,1,"Kelle paça",220.00,1.000,0.00,220.00,0,0,,"2024-10-30 06:35:42","2024-10-30 06:35:42"
811,2024-10-30,,18,1,"Karta para yükleme.",200.00,1.000,0.00,200.00,0,0,,"2024-10-30 06:35:59","2024-10-30 06:35:59"
812,2024-10-30,,9,1,"10 kitap",1745.00,1.000,0.00,1745.00,0,0,,"2024-10-30 07:54:36","2024-10-30 07:54:36"
813,2024-10-29,,21,1,"Bodrum dalış bedeli.",10000.00,1.000,0.00,10000.00,0,0,,"2024-10-30 07:55:46","2024-10-30 07:55:46"
814,2024-10-28,,17,1,"3 bira",210.00,3.000,0.00,630.00,0,0,,"2024-10-30 07:58:27","2024-10-30 07:58:41"
815,2024-10-30,,17,1,"2 bira 1 su",280.00,1.000,0.00,280.00,0,0,,"2024-11-01 12:23:14","2024-11-01 12:23:14"
816,2024-10-31,,17,1,"3 bira",130.00,3.000,0.00,390.00,0,0,,"2024-11-01 12:23:32","2024-11-01 12:23:47"
817,2024-11-02,,13,1,,40.00,1.000,0.00,40.00,0,0,,"2024-11-03 07:16:29","2024-11-03 07:16:29"
818,2024-11-03,,1,1,52417km,42.87,18.660,0.00,799.95,0,0,,"2024-11-03 07:18:15","2024-11-03 07:18:15"
819,2024-11-02,,17,1,"2 bira",130.00,2.000,0.00,260.00,0,0,,"2024-11-03 07:18:49","2024-11-03 07:18:49"
820,2024-11-02,,21,1,"2 ad. mangal kömürü.",230.00,1.000,0.00,230.00,0,0,,"2024-11-03 07:20:39","2024-11-03 07:20:39"
821,2024-11-02,,8,1,"Mangal için market alışverişi.",468.35,1.000,0.00,468.35,0,0,,"2024-11-03 07:21:13","2024-11-03 07:21:26"
822,2024-11-01,,21,1,"Milonga Mental için pelerin, şapka.",500.00,1.000,0.00,500.00,0,0,,"2024-11-03 07:22:39","2024-11-03 07:22:39"
823,2024-11-01,,17,1,"1 bira",130.00,3.000,0.00,390.00,0,0,,"2024-11-03 07:22:58","2024-11-03 07:25:12"
824,2024-11-01,,21,1,"Milonga Giriş Ücreti",300.00,1.000,0.00,300.00,0,0,,"2024-11-03 07:23:33","2024-11-03 07:23:33"
825,2024-11-01,,2,1,"Siriraça tavuk menü",240.00,1.000,0.00,240.00,0,0,,"2024-11-03 07:24:47","2024-11-03 07:24:47"
826,2024-10-31,,17,1,,130.00,1.000,0.00,130.00,0,0,,"2024-11-03 07:25:58","2024-11-03 07:26:06"
827,2024-11-03,,9,1,"Kitap ve dergi",560.00,1.000,0.00,560.00,0,0,,"2024-11-03 08:19:22","2024-11-03 08:19:22"
828,2024-11-03,,18,1,"Bakiye yükleme",250.00,1.000,0.00,250.00,0,0,,"2024-11-03 09:52:01","2024-11-03 09:52:01"
829,2024-11-03,,1,1,52655.3km,43.60,38.900,0.00,1696.04,0,0,,"2024-11-03 16:17:28","2024-11-03 16:17:28"
830,2024-11-03,,17,1,"3 bira",130.00,3.000,0.00,390.00,0,0,,"2024-11-04 07:36:20","2024-11-04 07:36:20"
831,2024-11-03,,13,1,,100.00,1.000,0.00,100.00,0,0,,"2024-11-04 07:36:42","2024-11-04 07:36:42"
832,2024-11-09,,8,1,"Market alışverişi.",483.84,1.000,0.00,483.84,0,0,,"2024-11-09 14:24:01","2024-11-09 14:24:01"
833,2024-11-09,,15,1,"İrem'e şarapları gönderme.",185.12,1.000,0.00,185.12,0,0,,"2024-11-09 14:24:27","2024-11-09 14:24:27"
834,2024-11-08,,2,1,"İkili pizza",300.00,1.000,0.00,300.00,0,0,,"2024-11-09 14:24:56","2024-11-09 14:24:56"
835,2024-11-08,,17,1,,130.00,2.000,0.00,260.00,0,0,,"2024-11-09 14:25:32","2024-11-09 14:25:32"
836,2024-11-08,,8,1,"Çekirdek çikolata",80.50,1.000,0.00,80.50,0,0,,"2024-11-09 14:26:28","2024-11-09 14:26:28"
837,2024-11-08,,2,1,,80.00,1.000,0.00,80.00,0,0,,"2024-11-09 14:26:49","2024-11-09 14:26:49"
838,2024-11-07,,17,1,,130.00,3.000,0.00,390.00,0,0,,"2024-11-09 14:27:16","2024-11-09 14:27:16"
839,2024-11-08,,2,1,Burger,160.00,1.000,0.00,160.00,0,0,,"2024-11-09 14:28:26","2024-11-09 14:28:26"
840,2024-11-08,,15,1,"Serpil'e çiçek.",899.00,1.000,0.00,899.00,0,0,,"2024-11-09 14:28:56","2024-11-09 14:28:56"
841,2024-11-06,,8,1,"Somon vs market alışverişi.",698.12,1.000,0.00,698.12,0,0,,"2024-11-09 14:30:09","2024-11-09 14:30:09"
842,2024-11-06,,15,1,"Mustafaya HDMI kablo.",439.50,1.000,0.00,439.50,0,0,,"2024-11-09 14:30:46","2024-11-09 14:30:46"
843,2024-11-05,,17,1,,130.00,3.000,0.00,390.00,0,0,,"2024-11-09 14:31:29","2024-11-09 14:31:29"
844,2024-11-04,,2,1,yemek,140.00,1.000,0.00,140.00,0,0,,"2024-11-09 14:32:10","2024-11-09 14:32:10"
845,2024-11-03,,2,1,Burger,625.00,1.000,0.00,625.00,0,0,,"2024-11-09 14:34:36","2024-11-09 14:34:49"
846,2024-11-10,,1,1,53222km,42.88,40.110,0.00,1719.92,0,0,,"2024-11-10 10:40:49","2024-11-10 10:40:49"
847,2024-11-11,,16,1,"10 günlük yatırım.",2500.00,1.000,0.00,2500.00,0,0,,"2024-11-11 10:15:42","2024-11-11 10:15:42"
848,2024-11-10,,2,1,,110.00,1.000,0.00,110.00,0,0,,"2024-11-11 10:16:40","2024-11-11 10:16:40"
849,2024-11-10,,18,1,"Karta para yükleme.",250.00,1.000,0.00,250.00,0,0,,"2024-11-11 10:16:58","2024-11-11 10:17:05"
850,2024-11-09,,13,1,,50.00,1.000,0.00,50.00,0,0,,"2024-11-11 10:17:25","2024-11-11 10:17:25"
851,2024-11-09,,17,1,,130.00,3.000,0.00,390.00,0,0,,"2024-11-11 10:18:09","2024-11-11 10:18:09"
852,2024-11-10,,2,1,"Yeşim'lerle kahvaltı.",345.00,1.000,0.00,345.00,0,0,,"2024-11-11 10:19:05","2024-11-11 10:19:05"
853,2024-11-14,,2,1,"Soğuk sandviç ve meyvesuyu.",50.00,1.000,0.00,50.00,0,0,,"2024-11-14 06:35:05","2024-11-14 06:35:05"
854,2024-11-13,,17,1,,130.00,5.000,0.00,650.00,0,0,,"2024-11-14 06:35:21","2024-11-14 06:35:30"
855,2024-11-16,,1,1,53747.1km,42.92,39.140,0.00,1679.89,0,0,,"2024-11-16 11:28:02","2024-11-16 11:28:02"
856,2024-11-15,,17,1,,130.00,2.000,0.00,260.00,0,0,,"2024-11-16 11:28:19","2024-11-16 11:28:19"
857,2024-11-21,,21,1,"Caliente 2025 için 100 € karşılığı kapora.",3700.00,1.000,0.00,3700.00,0,0,,"2024-11-21 12:04:32","2024-11-21 12:04:32"
858,2024-11-20,,17,1,,130.00,2.000,0.00,260.00,0,0,,"2024-11-21 12:13:29","2024-11-21 12:13:29"
859,2024-11-21,,16,1,"50 dolar hayat sigortası.",1727.55,1.000,0.00,1727.55,0,0,,"2024-11-21 12:15:50","2024-11-21 12:15:50"
860,2024-11-17,,2,1,"Gece dönercisinden yarım ekmek ayran.",240.00,1.000,0.00,240.00,0,0,,"2024-11-21 12:19:10","2024-11-21 12:19:10"
861,2024-11-17,,13,1,,40.00,1.000,0.00,40.00,0,0,,"2024-11-21 12:19:37","2024-11-21 12:19:37"
862,2024-11-17,,18,1,,120.00,1.000,0.00,120.00,0,0,,"2024-11-21 12:20:41","2024-11-21 12:20:41"
863,2024-11-17,,2,1,"2li pizza",310.00,1.000,0.00,310.00,0,0,,"2024-11-21 12:21:07","2024-11-21 12:21:07"
864,2024-11-17,,17,1,"4 bira 1 çerez.",395.00,1.000,0.00,395.00,0,0,,"2024-11-21 12:21:57","2024-11-21 12:21:57"
865,2024-11-21,,8,1,"Serpil ile akşam yemeği.",920.00,1.000,0.00,920.00,0,0,,"2024-11-21 12:22:40","2024-11-21 12:22:40"
866,2024-11-20,,8,1,"Abur cubur",170.00,1.000,0.00,170.00,0,0,,"2024-11-21 12:24:32","2024-11-21 12:24:32"
867,2024-11-21,,16,1,"Otomatik yatırım.",2750.00,1.000,0.00,2750.00,0,0,,"2024-11-21 13:02:43","2024-11-21 13:02:43"
868,2024-11-22,,17,1,,130.00,2.000,0.00,260.00,0,0,,"2024-11-23 11:02:45","2024-11-23 11:02:53"
869,2024-11-23,,8,1,"Abur cubur",90.00,1.000,0.00,90.00,0,0,,"2024-11-23 19:09:13","2024-11-23 19:09:13"
870,2024-11-23,,2,1,"Yoğurtlu tavuk tantuni.",150.00,1.000,0.00,150.00,0,0,,"2024-11-23 19:09:34","2024-11-23 19:09:34"
871,2024-11-23,,17,1,,130.00,2.000,0.00,260.00,0,0,,"2024-11-23 19:09:49","2024-11-23 19:09:49"
872,2024-11-23,,1,1,54260.2km,42.38,40.110,0.00,1699.86,0,0,,"2024-11-23 19:10:34","2024-11-23 19:10:34"
873,2024-11-24,,8,1,"Market alışverişi",1100.39,1.000,0.00,1100.39,0,0,,"2024-11-24 15:03:00","2024-11-24 15:03:00"
874,2024-11-24,,17,1,"Aysın’ın doğum günü.",965.00,1.000,0.00,965.00,0,0,,"2024-11-25 06:06:53","2024-11-25 06:06:53"
875,2024-11-24,,21,1,"Milonga girişi",100.00,1.000,0.00,100.00,0,0,,"2024-11-25 06:07:28","2024-11-25 06:07:28"
876,2024-11-23,,8,1,"Market alışverişi.",251.52,1.000,0.00,251.52,0,0,,"2024-11-25 14:49:01","2024-11-25 14:49:15"
877,2024-11-26,,1,1,54743.7,42.38,37.050,0.00,1570.18,0,0,,"2024-11-26 16:03:00","2024-11-26 16:03:00"
878,2024-11-26,,8,1,"Abur cubur",155.00,1.000,0.00,155.00,0,0,,"2024-11-26 16:03:13","2024-11-26 16:03:13"
879,2024-11-26,,2,1,"Az çorba, burger",210.00,1.000,0.00,210.00,0,0,,"2024-11-26 16:07:13","2024-11-26 16:07:13"
880,2024-11-27,,20,1,"41ALU709 için zorunlu tradfik sigortası.",7412.90,1.000,0.00,7412.90,0,0,,"2024-11-27 10:04:42","2024-11-27 10:04:42"
881,2024-11-29,,2,1,"Yoğurtlu tantuni paket.",150.00,1.000,0.00,150.00,0,0,,"2024-11-29 22:11:21","2024-11-29 22:11:21"
882,2024-11-29,,17,1,,130.00,3.000,0.00,390.00,0,0,,"2024-11-29 22:11:39","2024-11-29 22:11:39"
883,2024-11-29,,26,1,"Serpil için doğum günü çiçeği.",750.00,1.000,0.00,750.00,0,0,,"2024-11-30 10:45:57","2024-11-30 10:45:57"
884,2024-11-29,,26,1,"Serpil için nutella.",225.00,1.000,0.00,225.00,0,0,,"2024-11-30 10:46:18","2024-11-30 10:46:18"
885,2024-11-30,,2,1,"Melike Muharrem ve Kıvanç ile kahvaltı.",1020.00,1.000,0.00,1020.00,0,0,,"2024-11-30 10:47:52","2024-11-30 10:47:52"
886,2024-11-29,,26,1,"Serpil ile doğum günü için akşam yemeği.",962.00,1.000,0.00,962.00,0,0,,"2024-11-30 10:52:39","2024-11-30 10:52:39"
887,2024-11-29,,2,1,"10 tane midye.",12.00,10.000,0.00,120.00,0,0,,"2024-11-30 10:53:32","2024-11-30 10:53:32"
888,2024-11-30,,9,1,"3 tane dergi.",95.00,1.000,0.00,95.00,0,0,,"2024-11-30 16:23:36","2024-11-30 16:23:36"
889,2024-11-30,,2,1,"Babamlarla yemek",560.00,1.000,0.00,560.00,0,0,,"2024-11-30 16:24:11","2024-11-30 16:24:11"
890,2024-11-30,,15,1,"Annemle Melike ve bana halı vb şeyler.",2550.00,1.000,0.00,2550.00,0,0,,"2024-11-30 16:25:38","2024-11-30 16:25:38"
891,2024-11-30,,17,1,,130.00,2.000,0.00,260.00,0,0,,"2024-12-01 07:08:20","2024-12-01 07:08:34"
892,2024-11-30,,26,1,"Ezgi için bira",135.00,2.000,0.00,270.00,0,0,,"2024-12-01 07:09:07","2024-12-01 07:09:07"
893,2024-12-01,,18,1,"Para yükleme",250.00,1.000,0.00,250.00,0,0,,"2024-12-01 07:09:25","2024-12-01 07:09:25"
894,2024-11-29,,18,1,"Otosan kart yüklemesi.",120.00,1.000,0.00,120.00,0,0,,"2024-12-01 07:10:01","2024-12-01 07:10:01"
895,2024-11-30,,26,1,"Ezgi ile çorba.",365.00,1.000,0.00,365.00,0,0,,"2024-12-01 07:12:22","2024-12-01 07:12:22"
896,2024-12-01,,17,1,"3 Belfast",75.00,3.000,0.00,225.00,0,0,,"2024-12-02 05:54:39","2024-12-02 05:54:39"
897,2024-12-02,,2,1,"Soğuk sandviç meyve suyu.",50.00,1.000,0.00,50.00,0,0,,"2024-12-02 05:55:31","2024-12-02 05:55:31"
898,2024-12-01,,8,1,"Spor öncesi su ve bar.",95.00,1.000,0.00,95.00,0,0,,"2024-12-02 05:56:00","2024-12-02 05:56:00"
899,2024-12-01,,8,1,"Market alışverişi.",918.11,1.000,0.00,918.11,0,0,,"2024-12-02 05:56:53","2024-12-02 05:56:53"
900,2024-12-02,,21,1,"Milonga + Workshop",300.00,1.000,0.00,300.00,0,0,,"2024-12-02 22:01:28","2024-12-02 22:01:28"
901,2024-12-02,,1,1,55251.8km,42.38,40.590,0.00,1720.20,0,0,,"2024-12-02 22:02:01","2024-12-02 22:02:01"
902,2024-12-02,,8,1,"Abur cubur",35.00,1.000,0.00,35.00,0,0,,"2024-12-02 22:02:26","2024-12-02 22:02:26"
903,2024-12-04,,15,1,"FOMA ekibi için kupa.",190.00,1.000,0.00,190.00,0,0,,"2024-12-04 21:23:26","2024-12-04 21:23:26"
904,2024-12-04,,9,1,"Soren Kierkegaard Ya Ya Da kitabı.",421.20,1.000,0.00,421.20,0,0,,"2024-12-04 21:24:25","2024-12-04 21:24:25"
905,2024-12-02,,22,1,"2 pantolon, 2 gömlek.",2282.95,1.000,0.00,2282.95,0,0,,"2024-12-04 21:33:03","2024-12-04 21:33:03"
906,2024-12-04,,17,1,,930.00,1.000,0.00,930.00,0,0,,"2024-12-04 21:33:57","2024-12-04 21:33:57"
908,2024-12-02,,17,1,"2 bira",180.00,2.000,0.00,360.00,0,0,,"2024-12-04 21:36:22","2024-12-04 21:36:22"
909,2024-12-04,,21,1,"Alan adı yenileme bedeli.",1382.23,1.000,0.00,1382.23,0,0,,"2024-12-04 21:37:21","2024-12-04 21:37:21"
910,2024-12-04,,14,1,"Tekirdağ Çorlu'ya İrem'i ziyaret için bilet.",350.00,1.000,0.00,350.00,0,0,,"2024-12-04 22:52:03","2024-12-04 22:52:03"
911,2024-12-01,,16,1,"Otomatik yatırım.",500.00,1.000,0.00,500.00,0,0,,"2024-12-05 10:50:38","2024-12-05 10:50:38"
912,2024-12-05,,16,1,"Otomatik yatırım.",2500.00,1.000,0.00,2500.00,0,0,,"2024-12-05 10:50:54","2024-12-05 10:50:54"
913,2024-12-08,,2,1,"İrem ile kahvaltı.",985.00,1.000,0.00,985.00,0,0,,"2024-12-08 13:10:55","2024-12-08 13:10:55"
914,2024-12-07,,2,1,"Açma meyve suyu",40.00,1.000,0.00,40.00,0,0,,"2024-12-08 13:11:57","2024-12-08 13:11:57"
915,2024-12-07,,2,1,Burger,535.00,1.000,0.00,535.00,0,0,,"2024-12-08 13:12:26","2024-12-08 13:12:26"
916,2024-12-07,,14,1,"İzmit’ten Çorlu’ya otobüs bileti.",400.00,1.000,0.00,400.00,0,0,,"2024-12-08 13:13:37","2024-12-08 14:59:07"
917,2024-12-08,,14,1,"Çorlu’dan İzmit’e otobüs bileti.",380.00,1.000,0.00,380.00,0,0,,"2024-12-08 13:19:16","2024-12-08 13:19:16"
918,2024-12-08,,15,1,"İrem’e Pembe Fili Düşünme kitabı.",184.00,1.000,0.00,184.00,0,0,,"2024-12-08 13:22:04","2024-12-08 13:22:04"
919,2024-12-05,,24,1,"Elektrik faturası.",179.00,1.000,0.00,179.00,0,0,,"2024-12-08 13:23:09","2024-12-08 13:23:17"
920,2024-12-05,,24,1,"Premium ücreti.",115.99,1.000,0.00,115.99,0,0,,"2024-12-08 13:24:41","2024-12-08 13:24:41"
921,2024-12-06,,13,1,,60.00,1.000,0.00,60.00,0,0,,"2024-12-08 13:29:31","2024-12-08 13:29:31"
922,2024-12-08,,2,1,,70.00,1.000,0.00,70.00,0,0,,"2024-12-08 17:46:30","2024-12-08 17:46:30"
923,2024-12-08,,8,1,"Market alışverişi.",130.12,1.000,0.00,130.12,0,0,,"2024-12-08 17:46:46","2024-12-08 17:51:57"
924,2024-12-08,,17,1,,130.00,1.000,0.00,130.00,0,0,,"2024-12-08 17:46:59","2024-12-08 17:46:59"
925,2024-12-09,,17,1,,130.00,2.000,0.00,260.00,0,0,,"2024-12-09 20:15:57","2024-12-09 20:15:57"
926,2024-12-09,,17,1,,130.00,3.000,0.00,390.00,0,0,,"2024-12-10 06:46:54","2024-12-10 06:46:54"
927,2024-12-10,,1,1,55743.1km,42.16,23.720,0.00,1000.04,0,0,,"2024-12-10 17:08:18","2024-12-10 17:08:18"
928,2024-12-10,,2,1,"FOMA ekibi ile öğle yemeği.",376.00,1.000,0.00,376.00,0,0,,"2024-12-10 18:34:44","2024-12-10 18:34:44"
929,2024-12-10,,17,1,"4 bira",75.00,4.000,0.00,300.00,0,0,,"2024-12-10 18:35:21","2024-12-10 18:35:21"
930,2024-12-11,,8,1,"Abur cubur",45.00,1.000,0.00,45.00,0,0,,"2024-12-11 18:11:33","2024-12-11 18:11:33"
931,2024-12-11,,18,1,"Küçük amerikano",80.00,1.000,0.00,80.00,0,0,,"2024-12-11 18:12:03","2024-12-11 18:12:03"
932,2024-12-11,,17,1,"2 belfeast kutu",65.00,2.000,0.00,130.00,0,0,,"2024-12-11 18:12:25","2024-12-11 18:12:25"
933,2024-12-11,,13,1,Otopark,100.00,1.000,0.00,100.00,0,0,,"2024-12-11 18:12:51","2024-12-11 18:12:51"
934,2024-12-11,,21,1,"Milonga girişi.",250.00,1.000,0.00,250.00,0,0,,"2024-12-11 18:13:17","2024-12-11 18:13:17"
935,2024-12-13,,20,1,"Araç satımı için expertiz fiyatı.",2000.00,1.000,0.00,2000.00,0,0,,"2024-12-13 11:56:22","2024-12-13 11:56:22"
936,2024-12-13,,1,1,,42.53,11.760,0.00,500.15,0,0,,"2024-12-13 11:57:06","2024-12-13 11:57:06"
937,2024-12-13,,8,1,"Boğaz pastili.",45.00,1.000,0.00,45.00,0,0,,"2024-12-13 11:59:39","2024-12-13 11:59:39"
938,2024-12-12,,15,1,"Esra'ya hasta ziyareti için kurabiye ve meyve suyu.",150.00,1.000,0.00,150.00,0,0,,"2024-12-13 12:14:02","2024-12-13 12:14:02"
939,2024-12-12,,15,1,"Kıvanç'a oyuncak.",150.00,1.000,0.00,150.00,0,0,,"2024-12-13 12:14:19","2024-12-13 12:14:19"
940,2024-12-12,,9,1,"Kendime araba.",150.00,1.000,0.00,150.00,0,0,,"2024-12-13 12:14:38","2024-12-13 12:14:38"
941,2024-12-15,,16,1,"Otomatik yatırım.",2500.00,1.000,0.00,2500.00,0,0,,"2024-12-15 06:52:01","2024-12-15 06:58:18"
942,2024-12-14,,14,1,"Hayal Kahvesinden eve dönüş.",225.00,1.000,0.00,225.00,0,0,,"2024-12-15 06:53:23","2024-12-15 06:53:38"
943,2024-12-14,,17,1,,250.00,3.000,0.00,750.00,0,0,,"2024-12-15 06:54:09","2024-12-15 06:55:00"
944,2024-12-14,,26,1,"Sena’ya bira ısmarlama",250.00,1.000,0.00,250.00,0,0,,"2024-12-15 06:54:49","2024-12-15 06:55:19"
945,2024-12-14,,14,1,"HGS bedeli",855.00,1.000,0.00,855.00,0,0,,"2024-12-15 06:57:52","2025-12-08 15:44:15"
946,2024-12-17,,12,1,"Katılım payı.",15.00,1.000,0.00,15.00,0,0,,"2024-12-17 09:14:16","2024-12-17 09:14:16"
947,2024-12-16,,17,1,,130.00,2.000,0.00,260.00,0,0,,"2024-12-17 09:14:33","2024-12-17 09:14:33"
948,2024-12-16,,2,1,Çorba,135.00,1.000,0.00,135.00,0,0,,"2024-12-17 09:15:07","2024-12-17 09:15:07"
949,2024-12-17,,12,1,"Göz damlaları bedeli.",172.00,1.000,0.00,172.00,0,0,,"2024-12-17 14:15:39","2024-12-17 14:15:39"
950,2024-12-17,,17,1,,130.00,2.000,0.00,260.00,0,0,,"2024-12-17 20:00:45","2024-12-17 20:00:45"
951,2024-12-19,,18,1,"2 makine kahvesi.",28.82,2.000,0.00,57.64,0,0,,"2024-12-19 08:06:39","2024-12-19 08:06:39"
952,2024-12-18,,8,1,"Market alışverişi.",864.15,1.000,0.00,864.15,0,0,,"2024-12-19 08:07:01","2024-12-19 08:07:01"
953,2024-12-18,,2,1,"Öğle yemeği",641.00,1.000,0.00,641.00,0,0,,"2024-12-19 08:08:02","2024-12-19 08:08:02"
954,2024-12-18,,18,1,"Makina kahvesi.",84.00,1.000,0.00,84.00,0,0,,"2024-12-19 08:08:36","2024-12-19 08:08:36"
955,2024-12-18,,2,1,Kahvaltılık.,80.00,1.000,0.00,80.00,0,0,,"2024-12-19 08:08:56","2024-12-19 08:08:56"
956,2024-12-18,,9,1,"3 dergi.",195.00,1.000,0.00,195.00,0,0,,"2024-12-19 08:09:23","2024-12-19 08:09:23"
957,2024-12-18,,8,1,"Abur cubur",178.00,1.000,0.00,178.00,0,0,,"2024-12-19 08:10:18","2024-12-19 08:10:18"
958,2024-12-21,,21,1,"Binbir direk Sarnıcı milongası giriş bedeli.",650.00,1.000,0.00,650.00,0,0,,"2024-12-22 15:02:11","2024-12-22 15:02:31"
959,2024-12-21,,17,1,"1 bira",75.00,1.000,0.00,75.00,0,0,,"2024-12-22 15:02:53","2024-12-22 15:02:53"
960,2024-12-21,,8,1,"2 su",20.00,2.000,0.00,40.00,0,0,,"2024-12-22 15:03:18","2024-12-22 15:03:18"
961,2024-12-21,,17,1,"1 bira",150.00,1.000,0.00,150.00,0,0,,"2024-12-22 15:03:36","2024-12-22 15:03:36"
962,2024-12-20,,19,1,"Traş parası.",400.00,1.000,0.00,400.00,0,0,,"2024-12-24 07:55:47","2024-12-24 07:55:47"
963,2024-12-23,,21,1,"Usta Öğrenci Eğitmen Sertifikası ilk taksidi.",7500.00,1.000,0.00,7500.00,0,0,,"2024-12-24 07:56:44","2024-12-24 07:56:44"
964,2024-12-23,,9,1,"Kitap serisi.",500.00,1.000,0.00,500.00,0,0,,"2024-12-24 11:54:44","2024-12-24 11:54:44"
965,2024-12-25,,1,1,57509.3km,43.22,35.860,0.00,1549.87,0,0,,"2024-12-25 21:19:19","2024-12-25 21:19:19"
966,2024-12-25,,8,1,"İsa’nın evine enerji içeceği.",125.00,1.000,0.00,125.00,0,0,,"2024-12-25 21:19:41","2024-12-25 21:19:41"
967,2024-12-27,,18,1,"Makine kahvesi",28.00,1.000,0.00,28.00,0,0,,"2024-12-27 16:35:50","2024-12-27 16:35:50"
968,2024-12-26,,17,1,"3 bira kendime",200.00,1.000,0.00,200.00,0,0,,"2024-12-27 16:36:55","2024-12-27 16:36:55"
969,2024-12-26,,26,1,"2 bira çerez Ezgi’ye",200.00,1.000,0.00,200.00,0,0,,"2024-12-27 16:37:22","2024-12-27 16:37:22"
970,2024-12-28,,16,1,"Otomatik yatırım.",750.00,1.000,0.00,750.00,0,0,,"2024-12-29 13:42:44","2024-12-29 13:42:44"
971,2024-12-30,,18,1,"2 makine kahvesi",29.00,2.000,0.00,58.00,0,0,,"2024-12-30 09:45:00","2024-12-30 15:41:13"
972,2024-12-29,,2,1,"Serpil ile burger.",515.00,1.000,0.00,515.00,0,0,,"2024-12-30 13:31:00","2024-12-30 13:31:00"
973,2024-12-29,,21,1,"Milonga ve workshop ücreti.",350.00,1.000,0.00,350.00,0,0,,"2024-12-30 14:20:19","2024-12-30 14:20:19"
974,2024-12-30,,8,1,"2 su",9.00,2.000,0.00,18.00,0,0,,"2024-12-30 15:41:03","2024-12-30 15:41:03"
975,2024-12-29,,8,1,"Abur cubur",140.00,1.000,0.00,140.00,0,0,,"2024-12-30 15:42:19","2024-12-30 15:42:19"
976,2024-12-29,,2,1,Su,35.00,1.000,0.00,35.00,0,0,,"2024-12-30 15:43:02","2024-12-30 15:43:02"
977,2024-12-28,,8,1,"Abur cubur",55.00,1.000,0.00,55.00,0,0,,"2024-12-30 15:43:51","2024-12-30 15:43:51"
978,2024-12-30,,14,1,"Araç için ppf kaplama film koruma vs.",16500.00,1.000,0.00,16500.00,0,0,,"2024-12-30 15:46:39","2024-12-30 15:46:39"
979,2024-12-30,,20,1,"Araç kaskosu.",27717.00,1.000,0.00,27717.00,0,0,,"2024-12-30 15:47:28","2024-12-30 15:47:28"
980,2025-01-02,,2,1,"Kahvaltılık poğaça çay vs",152.00,1.000,0.00,152.00,0,0,,"2025-01-02 07:30:37","2025-01-02 07:30:37"
981,2025-01-03,,2,1,"Akşam yemeği soya soslu tavuk +zero",290.00,1.000,0.00,290.00,0,0,,"2025-01-03 18:02:29","2025-01-03 18:02:29"
982,2025-01-03,,17,1,"1 Bremen yüksek alkol.",80.00,1.000,0.00,80.00,0,0,,"2025-01-03 18:03:41","2025-01-03 18:03:41"
983,2025-01-03,,8,1,"Abur cubur",146.15,1.000,0.00,146.15,0,0,,"2025-01-03 18:05:01","2025-01-03 18:05:01"
984,2025-01-03,,9,1,"Kafa dergisi.",90.00,1.000,0.00,90.00,0,0,,"2025-01-03 18:05:23","2025-01-03 18:05:23"
985,2025-01-03,,26,1,"Ezgi’ye doğum günü hediyesi.",595.00,1.000,0.00,595.00,0,0,,"2025-01-03 18:08:02","2025-01-03 18:08:02"
986,2025-01-03,,21,1,"Ivır zıvır.",1127.30,1.000,0.00,1127.30,0,0,,"2025-01-03 18:08:42","2025-01-03 18:08:42"
987,2025-01-04,,17,1,,130.00,2.000,0.00,260.00,0,0,,"2025-01-05 12:45:50","2025-01-05 12:46:06"
988,2025-01-05,,9,1,"2 dergi",140.00,1.000,0.00,140.00,0,0,,"2025-01-05 12:46:49","2025-01-05 12:46:49"
989,2025-01-05,,16,1,,750.00,1.000,0.00,750.00,0,0,,"2025-01-05 12:47:04","2025-01-05 12:47:04"
990,2025-01-04,,8,1,"1.5 litre su.",45.00,1.000,0.00,45.00,0,0,,"2025-01-05 12:47:39","2025-01-05 12:47:49"
991,2025-01-04,,2,1,"Tavuksuyu çorba",150.00,1.000,0.00,150.00,0,0,,"2025-01-05 12:48:16","2025-01-05 12:48:16"
992,2025-01-04,,18,1,"Melike ile kahve kurabiye",314.00,1.000,0.00,314.00,0,0,,"2025-01-05 12:48:44","2025-01-05 12:48:44"
993,2025-01-03,,17,1,"3 bira",690.00,1.000,0.00,690.00,0,0,,"2025-01-05 12:49:49","2025-03-29 17:16:47"
994,2025-01-02,,20,1,"Trafik Sigortası",8113.00,1.000,0.00,8113.00,0,0,,"2025-01-05 12:53:47","2025-01-05 12:53:47"
995,2025-01-06,,2,1,"Mustafa Elif ve kendim için 3 burger menü.",690.00,1.000,0.00,690.00,0,0,,"2025-01-07 12:45:52","2025-03-29 17:17:21"
996,2025-01-06,,8,1,"Market alışverişi.",586.13,1.000,0.00,586.13,0,0,,"2025-01-07 12:51:57","2025-01-07 12:51:57"
997,2024-12-21,,1,1,"(43.02₺ x 32.78lt)",1410.20,1.000,0.00,1410.20,0,0,,"2025-01-07 12:54:16","2025-03-29 17:16:24"
998,2024-12-22,,17,1,"4x Belfast",255.00,1.000,0.00,255.00,0,0,,"2025-01-07 13:02:56","2025-03-29 17:15:40"
999,2025-01-01,,14,1,"Tekirdağ git gel için Mustafanın aracına yakıt",1800.73,1.000,0.00,1800.73,0,0,,"2025-01-07 13:46:47","2025-01-07 13:46:56"
1000,2025-01-06,,13,1,,50.00,1.000,0.00,50.00,0,0,,"2025-01-07 13:48:42","2025-01-07 13:48:42"
1001,2025-01-02,,1,1,"0. kilometre ilk yakıt. Babam hediye aldı. (44.34₺x55.48lt)",2459.98,1.000,0.00,2459.98,0,0,,"2025-01-07 13:49:57","2025-03-29 17:14:58"
1002,2025-01-09,,16,1,"Otomatik yatırım.",1080.00,1.000,0.00,1080.00,0,0,,"2025-01-09 07:39:37","2025-01-09 07:39:37"
1003,2025-01-08,,2,1,"Siriraça tavuk menü",260.00,1.000,0.00,260.00,0,0,,"2025-01-09 07:39:59","2025-01-09 07:39:59"
1004,2025-01-08,,17,1,"Bir bira",160.00,1.000,0.00,160.00,0,0,,"2025-01-09 07:40:22","2025-01-09 07:42:05"
1005,2025-01-08,,8,1,"1.5 litre su.",9.00,1.000,0.00,9.00,0,0,,"2025-01-09 07:40:51","2025-01-09 07:41:04"
1006,2025-01-08,,18,1,"Gökhan abi ile kahve",300.00,1.000,0.00,300.00,0,0,,"2025-01-09 07:42:43","2025-01-09 07:42:55"
1007,2025-01-10,,8,1,"Toplu market alışverişi.",2103.68,1.000,0.00,2103.68,0,0,,"2025-01-10 19:24:42","2025-01-10 19:24:42"
1008,2025-01-10,,2,1,"Zurna tavuk dürüm.",190.00,1.000,0.00,190.00,0,0,,"2025-01-10 19:26:00","2025-01-10 19:26:00"
1009,2025-01-10,,14,1,"Hgs yüklemesi.",175.00,1.000,0.00,175.00,0,0,,"2025-01-10 19:26:43","2025-01-10 19:26:43"
1010,2025-01-09,,8,1,"Alkol yanı abur cubur.",280.00,1.000,0.00,280.00,0,0,,"2025-01-10 19:27:39","2025-01-10 19:27:39"
1011,2025-01-09,,26,1,"Aysın’la bungalovda içmek için bira, cin ve abur cubur.",1197.00,1.000,0.00,1197.00,0,0,,"2025-01-10 19:28:59","2025-01-10 19:28:59"
1012,2025-01-09,,18,1,"Melike ile Medikal’de çay kahve",165.00,1.000,0.00,165.00,0,0,,"2025-01-10 19:30:43","2025-01-10 19:30:43"
1013,2025-01-10,,17,1,"2 bira",160.00,2.000,0.00,320.00,0,0,,"2025-01-10 21:02:28","2025-01-10 21:02:28"
1014,2025-01-11,,1,1,512.3km,45.36,46.740,0.00,2120.13,0,0,,"2025-01-11 22:50:12","2025-01-11 22:50:12"
1015,2025-01-11,,17,1,"1 Blanc",150.00,1.000,0.00,150.00,0,0,,"2025-01-11 22:50:39","2025-01-11 22:50:39"
1016,2025-01-12,,16,1,Yatırım,1060.00,1.000,0.00,1060.00,0,0,,"2025-01-12 10:13:05","2025-01-12 10:13:05"
1017,2025-01-12,,18,1,"1 kahve.",100.00,1.000,0.00,100.00,0,0,,"2025-01-12 14:38:40","2025-01-12 14:38:40"
1018,2025-01-14,,8,1,"Market alışverişi",193.00,1.000,0.00,193.00,0,0,,"2025-01-14 23:56:05","2025-01-14 23:56:05"
1019,2025-01-14,,17,1,"2 fıçı",160.00,2.000,0.00,320.00,0,0,,"2025-01-14 23:56:30","2025-01-14 23:56:30"
1020,2025-01-13,,21,1,"Ivır zıvır",1324.17,1.000,0.00,1324.17,0,0,,"2025-01-14 23:58:33","2025-01-14 23:58:33"
1021,2025-01-13,,18,1,Kahve,170.00,1.000,0.00,170.00,0,0,,"2025-01-14 23:59:25","2025-01-14 23:59:25"
1022,2025-01-13,,21,1,"1 yıllık abonelik",1199.99,1.000,0.00,1199.99,0,0,,"2025-01-15 00:00:25","2025-01-15 00:00:37"
1023,2025-01-11,,2,1,"Yoğurtlu tantuni",220.00,1.000,0.00,220.00,0,0,,"2025-01-15 00:01:54","2025-01-15 00:01:54"
1024,2025-01-11,,17,1,"2 bira",180.00,2.000,0.00,360.00,0,0,,"2025-01-15 00:02:26","2025-01-15 00:02:26"
1025,2025-01-11,,2,1,"Waffle çay.",490.00,1.000,0.00,490.00,0,0,,"2025-01-15 00:03:15","2025-01-15 00:03:15"
1026,2025-01-15,,16,1,"Otomatik kripto yatırım.",1080.00,1.000,0.00,1080.00,0,0,,"2025-01-15 00:07:34","2025-01-15 00:07:34"
1027,2025-01-17,,21,1,"Usta Öğrenci Belgesi için ikinci ödeme.",7500.00,1.000,0.00,7500.00,0,0,,"2025-01-17 12:57:59","2025-01-17 12:57:59"
1028,2025-01-17,,9,1,"Pokemon dergisi.",95.00,1.000,0.00,95.00,0,0,,"2025-01-17 13:05:05","2025-01-17 13:05:05"
1029,2025-01-17,,2,1,"Aysınla kahvaltılık simit ve üçgen peynir.",140.00,1.000,0.00,140.00,0,0,,"2025-01-17 13:05:39","2025-01-17 13:05:39"
1030,2025-01-18,,2,1,"2 burger",270.00,1.000,0.00,270.00,0,0,,"2025-01-18 15:28:30","2025-01-18 15:28:30"
1031,2025-01-18,,18,1,"1 amerikano",145.00,1.000,0.00,145.00,0,0,,"2025-01-18 15:29:16","2025-01-18 15:29:16"
1032,2025-01-18,,16,1,"Kripto düzenli yatırım",1080.00,1.000,0.00,1080.00,0,0,,"2025-01-18 16:17:47","2025-01-18 16:17:47"
1033,2025-01-15,,16,1,BES,2000.00,1.000,0.00,2000.00,0,0,,"2025-01-18 16:19:50","2025-01-18 16:19:50"
1034,2025-01-18,,8,1,"2 simit",28.00,1.000,0.00,28.00,0,0,,"2025-01-18 16:21:44","2025-03-29 17:13:25"
1035,2025-01-15,,21,1,"Milonga giriş ücret",100.00,1.000,0.00,100.00,0,0,,"2025-01-18 16:22:25","2025-01-18 16:22:25"
1036,2025-01-18,,17,1,"Bira 6 adet karışık.",400.00,1.000,0.00,400.00,0,0,,"2025-01-19 13:15:50","2025-01-19 13:15:50"
1037,2025-01-18,,9,1,"2 dergi.",200.00,1.000,0.00,200.00,0,0,,"2025-01-19 13:16:16","2025-01-19 13:16:22"
1038,2025-01-18,,8,1,"Abur cubur market alışverişi.",200.00,1.000,0.00,200.00,0,0,,"2025-01-19 13:17:17","2025-01-19 13:17:17"
1039,2025-01-18,,17,1,"2 fıçı",320.00,1.000,0.00,320.00,0,0,,"2025-01-19 13:17:43","2025-03-29 17:12:34"
1040,2025-01-18,,21,1,"Miloga giriş ücreti.",250.00,1.000,0.00,250.00,0,0,,"2025-01-19 13:18:04","2025-01-19 13:18:04"
1041,2025-01-20,,16,1,"Otomatik yatırım",1800.00,1.000,0.00,1800.00,0,0,,"2025-01-20 19:26:29","2025-01-20 19:26:29"
1042,2025-01-19,,2,1,"2’li pizza",340.00,1.000,0.00,340.00,0,0,,"2025-01-20 19:27:20","2025-01-20 19:27:20"
1043,2025-01-20,,2,1,"Pilav üstü tavuk.",100.00,1.000,0.00,100.00,0,0,,"2025-01-20 19:27:37","2025-01-20 19:27:37"
1044,2025-01-20,,18,1,"Kahve sandviç.",259.00,1.000,0.00,259.00,0,0,,"2025-01-20 19:28:18","2025-01-20 19:28:18"
1045,2025-01-30,,22,1,"Alternatif kaban.",1199.99,1.000,0.00,1199.99,0,0,,"2025-01-30 13:41:13","2025-01-30 13:41:13"
1046,2025-01-30,,22,1,"Alternatif 2. kaban.",1999.99,1.000,0.00,1999.99,0,0,,"2025-01-30 13:41:48","2025-01-30 13:41:48"
1047,2025-01-29,,21,1,"Milonga giriş ücreti.",300.00,1.000,0.00,300.00,0,0,,"2025-01-30 13:48:59","2025-01-30 13:48:59"
1048,2025-02-12,,18,1,"Makina kahvesi.",50.00,1.000,0.00,50.00,0,0,,"2025-02-12 14:03:45","2025-02-12 14:03:45"
1049,2025-02-12,,1,1,,46.26,8.650,0.00,400.15,0,0,,"2025-02-12 14:04:26","2025-02-12 14:04:39"
1050,2025-02-12,,1,1,"3168.2km (46.38x21.56)",999.95,1.000,0.00,999.95,0,0,,"2025-02-12 17:46:38","2025-03-29 17:13:06"
1051,2025-03-01,,9,1,"Gezegenler para koleksiyonu. 200₺ açık arttırma, 200₺ kargo.",400.00,1.000,0.00,400.00,0,0,,"2025-03-01 11:06:47","2025-03-01 11:06:47"
1052,2025-02-28,,17,1,"2 bira.",320.00,1.000,0.00,320.00,0,0,,"2025-03-01 11:07:09","2025-03-29 17:12:47"
1053,2025-03-03,,12,1,"Babamın ilaç parası.",20.00,1.000,0.00,20.00,0,0,,"2025-03-04 09:15:40","2025-03-04 09:15:40"
1054,2025-03-05,,16,1,"otomatik yatırım.",5000.00,1.000,0.00,5000.00,0,0,,"2025-03-05 10:24:54","2025-03-05 10:24:54"
1055,2025-02-21,,24,1,"Amazon Prime üyeliği.",39.00,1.000,0.00,39.00,0,0,,"2025-03-05 10:28:09","2025-03-05 10:28:09"
1056,2025-02-21,,16,1,"Ocak ve Şubat ayları 50$ hayat sigortası birikimi.",3636.70,1.000,0.00,3636.70,0,0,,"2025-03-05 10:29:21","2025-12-08 15:47:30"
1057,2025-03-21,,24,1,"Netflix abonelik ücreti.",299.99,1.000,0.00,299.99,0,0,,"2025-03-05 10:29:53","2025-12-29 14:03:50"
1058,2025-02-26,,16,1,"BES katkı payı.",2000.00,1.000,0.00,2000.00,0,0,,"2025-03-05 10:30:18","2025-03-05 10:30:18"
1059,2025-03-05,,17,1,"2 bira",270.00,1.000,0.00,270.00,0,0,,"2025-03-07 07:23:11","2025-03-29 17:11:47"
1060,2025-03-05,,15,1,Bahşiş,60.00,1.000,0.00,60.00,0,0,,"2025-03-07 07:23:32","2025-03-07 07:24:11"
1061,2025-03-05,,21,1,"Milonga ücreti.",300.00,1.000,0.00,300.00,0,0,,"2025-03-07 07:23:59","2025-03-07 07:23:59"
1062,2025-03-05,,9,1,"Star Trek figürü",510.00,1.000,0.00,510.00,0,0,,"2025-03-07 07:25:03","2025-03-07 07:25:03"
1063,2025-03-04,,8,1,"File ve Migros’tan market alışverişi.",1908.69,1.000,0.00,1908.69,0,0,,"2025-03-07 07:36:59","2025-03-07 07:36:59"
1064,2025-03-11,,22,1,"Parfüm. Ocian Wave",499.99,1.000,0.00,499.99,0,0,,"2025-03-11 13:37:36","2025-03-11 13:37:36"
1065,2025-03-11,,18,1,"Para yükleme.",250.00,1.000,0.00,250.00,0,0,,"2025-03-11 13:38:07","2025-03-11 13:38:07"
1066,2025-03-11,,8,1,Su,36.37,1.000,0.00,36.37,0,0,,"2025-03-11 13:41:02","2025-03-11 13:41:02"
1067,2025-03-11,,2,1,"Öğle yemeği.",290.00,1.000,0.00,290.00,0,0,,"2025-03-11 13:41:52","2025-03-11 13:41:52"
1068,2025-03-10,,17,1,"3 bira",460.00,1.000,0.00,460.00,0,0,,"2025-03-11 13:43:45","2025-03-11 13:43:45"
1069,2025-03-10,,2,1,"Kelle paça",300.00,1.000,0.00,300.00,0,0,,"2025-03-11 13:44:26","2025-03-11 13:44:26"
1070,2025-03-09,,23,1,"3 günlük Kadıköy’de konaklama.",2689.65,1.000,0.00,2689.65,0,0,,"2025-03-11 13:46:07","2025-03-11 13:46:07"
1071,2025-03-08,,8,1,"Market alışverişi.",1025.00,1.000,0.00,1025.00,0,0,,"2025-03-11 13:46:47","2025-03-11 13:46:47"
1072,2025-03-08,,21,1,"YouTube için mikrofon ve Tripod.",949.00,1.000,0.00,949.00,0,0,,"2025-03-11 13:48:17","2025-03-11 13:48:17"
1073,2025-03-07,,18,1,"1 kahve",140.00,1.000,0.00,140.00,0,0,,"2025-03-11 13:48:52","2025-03-11 13:48:52"
1074,2025-03-10,,14,1,"İstanbul’a hızlı tren.",190.00,1.000,0.00,190.00,0,0,,"2025-03-11 13:49:38","2025-03-11 13:49:38"
1075,2025-03-11,,8,1,"2025 ajandası.",150.00,1.000,0.00,150.00,0,0,,"2025-03-11 13:51:34","2025-03-11 13:51:34"
1076,2025-03-11,,20,1,"92km hız cezası mobil radar.",1625.25,1.000,0.00,1625.25,0,0,,"2025-03-11 14:06:35","2025-03-11 14:06:35"
1077,2025-03-23,,8,1,"Su ve çikolata.",75.00,1.000,0.00,75.00,0,0,,"2025-03-24 15:52:08","2025-03-24 15:52:08"
1078,2025-03-22,,17,1,"2 Blenc",300.00,1.000,0.00,300.00,0,0,,"2025-03-24 15:52:43","2025-03-29 17:11:27"
1079,2025-03-22,,17,1,"1 şişe bira.",150.00,1.000,0.00,150.00,0,0,,"2025-03-24 15:53:20","2025-03-24 15:53:20"
1080,2025-03-22,,2,1,"Yoğurtlu tantuni.",190.00,1.000,0.00,190.00,0,0,,"2025-03-24 15:53:55","2025-03-24 15:53:55"
1081,2025-03-22,,8,1,"Market alışverişi.",1431.76,1.000,0.00,1431.76,0,0,,"2025-03-24 15:54:29","2025-03-24 15:54:29"
1082,2025-03-24,,15,1,"Anneme zekat ve fitre için verildi.",10000.00,1.000,0.00,10000.00,0,0,,"2025-03-24 16:53:25","2025-03-24 16:53:25"
1083,2025-03-24,,27,1,"mahirex.com için 2 yıllık uzatma bedeli.",1212.94,1.000,0.00,1212.94,1,0,,"2025-03-24 16:56:53","2025-12-18 14:06:21"
1084,2025-03-26,,2,1,"Babamla öğle yemeği, sulu yemek.",600.00,1.000,0.00,600.00,0,0,,"2025-03-26 13:38:12","2025-03-26 13:38:12"
1085,2025-03-26,,16,1,"Otomatik yatırım için para transferi.",2500.00,1.000,0.00,2500.00,0,0,,"2025-03-26 13:39:32","2025-03-26 13:39:32"
1086,2025-03-25,,2,1,Çorba.,190.00,1.000,0.00,190.00,0,0,,"2025-03-26 13:40:38","2025-03-26 13:40:38"
1087,2025-03-26,,8,1,"Abur cubur",161.50,1.000,0.00,161.50,0,0,,"2025-03-26 22:52:09","2025-03-26 22:52:09"
1088,2025-03-26,,8,1,"Nane şekeri",55.00,1.000,0.00,55.00,0,0,,"2025-03-26 22:52:24","2025-03-26 22:52:24"
1089,2025-03-26,,21,1,"Milonga giriş.",300.00,1.000,0.00,300.00,0,0,,"2025-03-26 22:52:43","2025-03-26 22:52:43"
1090,2025-03-26,,17,1,"2 bira parası",320.00,1.000,0.00,320.00,0,0,,"2025-03-26 22:53:20","2025-03-29 17:11:15"
1091,2025-03-26,,17,1,"1 Belfast",210.00,1.000,0.00,210.00,0,0,,"2025-03-26 22:53:44","2025-03-26 22:53:44"
1092,2025-03-26,,9,1,"Star Trek figür",510.00,1.000,0.00,510.00,0,0,,"2025-03-26 22:54:07","2025-03-26 22:54:07"
1094,2025-03-26,,15,1,"Yıllık Zekat",10000.00,1.000,0.00,10000.00,0,0,,"2025-03-29 17:05:30","2025-03-29 17:05:30"
1095,2025-03-27,,15,1,Fitre,400.00,1.000,0.00,400.00,0,0,,"2025-03-29 17:05:49","2025-03-29 17:05:49"
1096,2025-03-29,,22,1,"3'lü çorap.",50.00,1.000,0.00,50.00,0,0,,"2025-03-29 17:18:10","2025-03-29 17:18:10"
1097,2025-03-29,,15,1,"Doğum günü hediyesi kolye ve takılar.",450.00,1.000,0.00,450.00,0,0,,"2025-03-29 17:19:28","2025-03-29 17:19:28"
1098,2025-03-29,,2,1,Steakhouse,295.00,1.000,0.00,295.00,1,0,,"2025-03-29 17:20:21","2025-03-30 12:10:16"
1099,2025-03-29,,18,1,Amerikano,102.00,1.000,0.00,102.00,1,0,,"2025-03-29 17:21:57","2025-03-30 12:10:05"
1100,2025-03-29,,2,1,"3 Peynirli haşhaşlı",145.00,1.000,0.00,145.00,1,0,,"2025-03-29 17:22:30","2025-03-30 12:09:50"
1101,2025-03-29,,9,1,Dergiler.,355.00,1.000,0.00,355.00,0,0,,"2025-03-29 17:23:28","2025-03-29 17:23:28"
1102,2025-03-29,,14,1,"HGS ödemesi.",175.00,1.000,0.00,175.00,0,0,,"2025-03-30 10:28:29","2025-03-30 10:28:29"
1103,2025-03-21,,16,1,"Dolar sağlık sigortası.",1902.02,1.000,0.00,1902.02,0,0,,"2025-03-30 10:32:10","2025-03-30 10:32:10"
1105,2025-03-20,,14,1,"HGS yükleme.",175.00,1.000,0.00,175.00,0,0,,"2025-03-30 10:33:15","2025-03-30 10:33:15"
1106,2025-03-19,,14,1,"HGS yükleme.",210.00,1.000,0.00,210.00,0,0,,"2025-03-30 10:33:42","2025-03-30 10:33:42"
1107,2025-03-17,,16,1,"BES katkı payı.",2000.00,1.000,0.00,2000.00,0,0,,"2025-03-30 10:34:08","2025-03-30 10:34:08"
1108,2025-03-17,,24,1,"telefon fatura.",462.50,1.000,0.00,462.50,0,0,,"2025-03-30 11:35:52","2025-03-30 11:35:52"
1109,2025-03-16,,24,1,abonelik.,39.00,1.000,0.00,39.00,0,0,,"2025-03-30 11:36:25","2025-03-30 11:36:25"
1110,2025-03-16,,14,1,"HGS otomatik yükleme.",175.00,1.000,0.00,175.00,0,0,,"2025-03-30 11:36:52","2026-01-19 10:44:12"
1111,2025-03-16,,24,1,"2TB üyelik.",249.99,1.000,0.00,249.99,0,0,,"2025-03-30 11:37:36","2026-02-16 11:32:35"
1112,2025-03-14,,24,1,"doğalgaz faturası",855.00,1.000,0.00,855.00,0,0,,"2025-03-30 11:38:21","2025-03-30 11:38:21"
1113,2025-03-13,,14,1,,175.00,1.000,0.00,175.00,0,0,,"2025-03-30 11:38:40","2025-03-30 11:38:40"
1114,2025-03-10,,24,1,"Su faturası.",478.00,1.000,0.00,478.00,0,0,,"2025-03-30 11:39:18","2025-12-08 15:59:54"
1115,2025-03-31,,17,1,"4 bira",660.00,1.000,0.00,660.00,0,0,,"2025-03-31 21:31:17","2025-03-31 21:31:25"
1116,2025-04-07,,21,1,"Oyun içi satınalma.",39.99,1.000,0.00,39.99,0,0,,"2025-04-07 16:08:31","2025-04-07 16:08:31"
1117,2025-04-07,,21,1,"Feriye milongasına giriş ücreti.",500.00,1.000,0.00,500.00,0,0,,"2025-04-07 16:08:59","2025-04-07 16:08:59"
1118,2025-04-07,,16,1,"Günlük yatırım.",3000.00,1.000,0.00,3000.00,0,0,,"2025-04-07 16:57:35","2025-04-07 16:57:35"
1119,2025-04-05,,21,1,"Tenis raketi ve 8 tenis topu.",3700.00,1.000,0.00,3700.00,0,0,,"2025-04-07 17:01:05","2025-04-07 17:01:05"
1120,2025-04-05,,22,1,"Taytlı şort.",750.00,1.000,0.00,750.00,0,0,,"2025-04-07 17:01:47","2025-04-07 17:01:47"
1121,2025-04-07,,18,1,Su,10.00,1.000,0.00,10.00,0,0,,"2025-04-07 17:02:13","2025-04-07 17:02:13"
1122,2025-04-05,,8,1,"Abur cubur.",110.00,1.000,0.00,110.00,0,0,,"2025-04-07 17:02:52","2025-04-07 17:03:08"
1123,2025-04-04,,17,1,"Mustafalarla eğlence.",880.00,1.000,0.00,880.00,0,0,,"2025-04-07 17:03:54","2025-04-07 17:03:54"
1124,2025-04-03,,17,1,"262’de içki.",760.00,1.000,0.00,760.00,0,0,,"2025-04-07 17:07:51","2025-04-07 17:07:51"
1125,2025-04-10,,21,1,"Milonga giriş ücreti.",300.00,1.000,0.00,300.00,0,0,,"2025-04-11 11:19:20","2025-04-11 11:19:20"
1126,2025-04-11,,21,1,"Bursa'daki dans gecesine giriş ücreti.",400.00,1.000,0.00,400.00,0,0,,"2025-04-12 11:49:37","2025-04-12 11:49:37"
1127,2025-04-11,,26,1,"Bursa'daki Ayşegül için ahşap mama kabı.",450.00,1.000,0.00,450.00,0,0,,"2025-04-12 11:50:34","2025-04-12 11:50:34"
1128,2025-04-11,,21,1,"3 adet puzzle yapıştırıcısı.",90.00,1.000,0.00,90.00,1,0,,"2025-04-12 11:51:01","2025-04-12 11:51:16"
1129,2025-04-15,,12,1,"Yıllık (13 aylık) üyelik yenileme",27000.00,1.000,0.00,27000.00,0,0,,"2025-04-15 20:45:42","2025-04-15 20:45:42"
1130,2025-04-15,,17,1,"2 bira",310.00,1.000,0.00,310.00,0,0,,"2025-04-15 20:46:40","2025-04-15 20:46:40"
1131,2025-04-19,,16,1,"Günlük yatırım.",2500.00,1.000,0.00,2500.00,0,0,,"2025-04-20 08:57:18","2025-04-20 08:57:18"
1132,2025-04-20,,9,1,Kafkaokur,95.00,1.000,0.00,95.00,0,0,,"2025-04-20 21:46:40","2025-04-20 21:46:40"
1133,2025-04-20,,17,1,"4+4 8 kutu bira.",520.00,1.000,0.00,520.00,0,0,,"2025-04-20 21:47:30","2025-04-20 21:47:30"
1134,2025-04-21,,8,1,"2 su, bisküvi",65.00,1.000,0.00,65.00,0,0,,"2025-04-21 13:35:13","2025-04-21 13:35:13"
1135,2025-04-21,,18,1,"2 çay.",40.00,1.000,0.00,40.00,0,0,,"2025-04-21 13:35:42","2025-04-21 13:35:42"
1136,2025-04-22,,18,1,"Kahvaltılık çay su bisküvi.",90.00,1.000,8.18,98.18,1,0,,"2025-04-22 04:45:38","2025-07-01 16:09:16"
1137,2025-04-21,,17,1,"2 bira",320.00,1.000,0.00,320.00,0,0,,"2025-04-22 04:46:11","2025-04-22 04:46:11"
1138,2025-03-12,,20,1,"UTTS Takılma bedeli.",2791.45,1.000,0.00,2791.45,1,0,,"2025-04-22 13:27:36","2025-04-22 13:27:36"
1139,2025-04-23,,16,1,"Günlük otomatik alım yatırımı.",1000.00,1.000,0.00,1000.00,0,0,,"2025-04-23 10:49:54","2025-04-23 10:50:00"
1140,2025-04-22,,17,1,"1 bira bir kokteyl.",410.00,1.000,0.00,410.00,0,0,,"2025-04-23 10:50:26","2025-04-23 10:50:26"
1141,2025-04-25,,16,1,"Otomatik yatırım",1000.00,1.000,0.00,1000.00,0,0,,"2025-04-26 20:48:18","2025-04-26 20:48:18"
1142,2025-04-25,,19,1,"Saç traşı",500.00,1.000,0.00,500.00,0,0,,"2025-04-26 20:50:12","2025-04-26 20:50:24"
1143,2025-04-25,,26,1,"Şeyda ile Doping’te 2 bira",410.00,1.000,0.00,410.00,0,0,,"2025-04-26 20:52:16","2025-04-26 20:52:16"
1144,2025-04-25,,26,1,"Şeyda ile 262’de 2’şer bira ve north shot",900.00,1.000,0.00,900.00,0,0,,"2025-04-26 20:53:44","2025-04-26 20:53:44"
1145,2025-04-25,,2,1,"Dürüm ayran",110.00,1.000,10.00,120.00,1,0,,"2025-04-26 20:55:07","2025-07-01 15:58:33"
1146,2025-04-24,,17,1,"2 bira",320.00,1.000,0.00,320.00,0,0,,"2025-04-26 20:57:41","2025-04-26 20:57:41"
1147,2025-04-25,,2,1,"Kahve sandviç",259.00,1.000,0.00,259.00,0,0,,"2025-04-26 20:58:33","2025-04-26 20:58:33"
1148,2025-04-26,,17,1,"2 bira",320.00,1.000,0.00,320.00,0,0,,"2025-04-27 07:07:49","2025-04-27 07:07:49"
1149,2025-04-28,,20,1,"3 aylık stopaj vergisi.",826.00,1.000,0.00,826.00,1,0,,"2025-04-28 10:54:44","2025-04-28 10:54:44"
1150,2025-04-28,,24,1,"Aylık muhasebeci bedeli.",1943.70,1.000,0.00,1943.70,1,0,,"2025-04-28 10:56:06","2025-04-28 10:56:06"
1151,2025-04-28,,16,1,"Bağkur Aylık Prim Ödemesi.",7736.63,1.000,0.00,7736.63,1,0,,"2025-04-28 10:56:52","2025-04-28 10:56:52"
1152,2025-04-28,,8,1,"Market alışverişi",325.39,1.000,0.00,325.39,0,0,,"2025-04-28 14:40:40","2025-04-28 14:40:40"
1153,2025-04-30,,21,1,"Gösteri ayakkabısı",7000.00,1.000,0.00,7000.00,0,0,,"2025-04-30 15:22:13","2025-04-30 15:22:13"
1154,2025-04-30,,2,1,"3 ıslak burger 1 ayran",325.00,1.000,0.00,325.00,1,0,,"2025-04-30 16:34:51","2025-04-30 16:34:51"
1155,2025-04-30,,9,1,"Jiren anahtarlık figürü",100.00,1.000,0.00,100.00,1,0,,"2025-04-30 16:51:32","2025-07-01 16:01:10"
1156,2025-04-30,,17,1,"Bremen ve Belfeast",135.00,1.000,0.00,135.00,0,0,,"2025-04-30 16:52:51","2025-04-30 16:52:51"
1157,2025-04-30,,26,1,"Arzum ile dans pratiği ve kahve.",410.00,1.000,0.00,410.00,1,0,,"2025-04-30 16:55:48","2025-04-30 16:55:48"
1158,2025-04-30,,13,1,,275.00,1.000,0.00,275.00,1,0,,"2025-04-30 16:56:22","2025-04-30 16:56:22"
1159,2025-04-30,,12,1,"Muayene katılım payı.",50.00,1.000,0.00,50.00,0,0,,"2025-04-30 17:29:17","2025-04-30 17:29:17"
1160,2025-04-30,,2,1,"Büşra ile çay sandviç.",135.00,1.000,0.00,135.00,1,0,,"2025-04-30 17:29:56","2025-04-30 17:29:56"
1161,2025-05-01,,26,1,"5 bomonti ve 1 çerez",580.00,1.000,0.00,580.00,0,0,,"2025-05-02 12:12:41","2025-05-02 12:12:41"
1162,2025-05-02,,9,1,"Kafa dergisi ve kitap",155.00,1.000,0.00,155.00,0,0,,"2025-05-02 12:56:37","2025-05-02 12:56:37"
1163,2025-05-03,,17,1,"1 bira çerez su",270.00,1.000,0.00,270.00,0,0,,"2025-05-04 13:00:16","2025-05-04 13:00:16"
1164,2025-05-07,,21,1,"Milonga giriş ücreti.",300.00,1.000,0.00,300.00,0,0,,"2025-05-08 18:21:42","2025-05-08 18:21:42"
1165,2025-05-08,,2,1,"Yoğurtlu tantuni.",190.00,1.000,0.00,190.00,1,0,,"2025-05-09 09:44:30","2025-05-09 09:44:30"
1166,2025-05-08,,17,1,"1 bira",160.00,1.000,0.00,160.00,0,0,,"2025-05-09 09:44:55","2025-05-09 09:44:55"
1168,2025-05-07,,18,1,"Soğuk amerikano",105.00,1.000,0.00,105.00,1,0,,"2025-05-09 09:47:30","2025-05-09 09:47:30"
1169,2025-05-07,,13,1,Otopark,275.00,1.000,0.00,275.00,1,0,,"2025-05-09 09:47:55","2025-05-09 09:47:55"
1171,2025-05-09,,8,1,"Dondurma ve mısır patlağı",98.00,1.000,0.00,98.00,0,0,,"2025-05-09 16:03:16","2025-05-09 16:03:16"
1172,2025-05-12,,17,1,"2 Blanc",300.00,1.000,0.00,300.00,0,0,,"2025-05-13 12:18:33","2025-05-13 12:19:47"
1173,2025-05-12,,8,1,"Abur cubur",180.00,1.000,0.00,180.00,0,0,,"2025-05-13 12:19:39","2025-05-13 12:19:39"
1174,2025-05-13,,2,1,"Annem babam ben yemek",500.00,1.000,45.45,545.45,1,0,,"2025-05-13 12:20:48","2025-05-16 14:50:01"
1175,2025-05-13,,1,1,"22.02lt x 45.42₺",1000.00,1.000,166.67,1166.67,1,0,,"2025-05-13 12:21:27","2025-05-16 14:49:35"
1176,2025-05-13,,18,1,Kahve,105.00,1.000,9.55,114.55,1,0,,"2025-05-13 12:21:58","2025-05-16 14:50:16"
1177,2025-05-13,,1,1,"22.43lt x 44.59₺",1000.00,1.000,166.67,1166.67,1,0,,"2025-05-13 12:32:30","2025-05-16 14:49:21"
1178,2025-05-14,,8,1,"Market alışverişi.",3045.64,1.000,0.00,3045.64,0,0,,"2025-05-14 16:37:14","2025-05-14 16:37:14"
1179,2025-05-14,,17,1,"4lü belfeast kutu",299.00,1.000,0.00,299.00,0,0,,"2025-05-14 16:37:36","2025-05-14 16:37:36"
1180,2025-05-12,,15,1,Bahşiş.,40.00,1.000,0.00,40.00,0,0,,"2025-05-14 16:38:17","2025-05-14 16:38:17"
1181,2025-05-15,,2,1,"Akşam yemeği mega çiğ köfte ayran.",125.00,1.000,11.36,136.36,1,0,,"2025-05-16 12:23:56","2025-05-16 14:48:33"
1182,2025-05-15,,17,1,"1 bira",160.00,1.000,0.00,160.00,0,0,,"2025-05-16 12:24:14","2025-05-16 12:24:14"
1183,2025-05-16,,16,1,"Günlük otomatik yatırım.",1000.00,1.000,0.00,1000.00,0,0,,"2025-05-16 12:25:55","2025-05-16 12:26:02"
1184,2025-05-15,,15,1,Bahşiş.,50.00,1.000,0.00,50.00,0,0,,"2025-05-16 12:26:34","2025-05-16 12:26:34"
1185,2025-05-08,,8,1,"Abur cubur",114.00,1.000,0.00,114.00,0,0,,"2025-05-16 12:31:18","2025-05-16 12:31:18"
1186,2025-05-02,,12,1,"İlaç fark ücreti.",55.34,1.000,0.00,55.34,0,0,,"2025-05-16 12:37:13","2025-05-16 12:37:13"
1187,2025-05-09,,2,1,yemek.,190.00,1.000,17.27,207.27,1,0,,"2025-05-16 14:46:42","2025-05-16 14:48:12"
1188,2025-05-07,,18,1,Amerikano,105.00,1.000,9.55,114.55,1,0,,"2025-05-16 14:51:12","2025-05-16 14:51:12"
1189,2025-05-03,,2,1,Atıştırmalık,145.00,1.000,1.44,146.44,1,0,,"2025-05-16 14:52:03","2025-05-16 14:52:03"
1190,2025-05-07,,26,1,"Buse ile kahvaltı ve kahve.",550.00,1.000,50.00,600.00,1,0,,"2025-05-16 14:53:10","2025-05-16 14:54:28"
1191,2025-05-07,,2,1,"Öğle yemeği.",490.00,1.000,44.55,534.55,1,0,,"2025-05-16 14:53:49","2025-05-16 14:53:49"
1192,2025-05-20,,16,1,"Otomatik yatırım bedeli.",1000.00,1.000,0.00,1000.00,0,0,,"2025-05-20 07:20:35","2025-05-20 07:20:35"
1193,2025-05-20,,1,1,"50,5lt*46,97₺",2371.99,1.000,395.33,2767.32,1,0,,"2025-05-26 10:42:56","2025-05-26 10:42:56"
1194,2025-05-25,,1,1,"41.87lt X 48,64₺",2036.56,1.000,339.43,2375.99,1,0,,"2025-05-26 11:20:06","2025-05-26 11:20:06"
1195,2025-05-25,,1,1,"41.54lt X 46.95₺",1950.30,1.000,325.05,2275.35,1,0,,"2025-05-26 11:21:56","2025-05-26 11:21:56"
1196,2025-05-25,,2,1,"Caliente ekibi ile akşam yemeği.",1520.00,1.000,138.18,1658.18,1,0,,"2025-05-26 11:27:45","2025-05-26 11:27:45"
1197,2025-05-21,,2,1,Yemek.,410.00,1.000,37.27,447.27,1,0,,"2025-05-26 11:29:14","2025-05-26 11:29:14"
1198,2025-05-21,,8,1,"Su çikolata.",210.00,1.000,2.08,212.08,1,0,,"2025-05-26 11:30:17","2025-05-26 11:30:17"
1199,2025-05-26,,15,1,Bahşiş,100.00,1.000,0.00,100.00,0,0,,"2025-05-26 19:10:55","2025-05-26 19:10:55"
1200,2025-05-26,,22,1,"2 pantolon A’sı tamiri.",400.00,1.000,0.00,400.00,0,0,,"2025-05-26 19:16:07","2025-05-26 19:16:07"
1201,2025-06-01,,21,1,"Plaklar için plak kutusu.",500.00,1.000,0.00,500.00,0,0,,"2025-06-01 15:49:04","2025-06-01 15:49:04"
1202,2025-05-31,,17,1,"1 bomonti filtresiz.",500.00,1.000,0.00,500.00,0,0,,"2025-06-01 15:49:52","2025-06-01 15:49:52"
1203,2025-06-02,,1,1,"49.38lt x 47₺",2320.86,1.000,386.81,2707.67,1,0,,"2025-06-02 13:36:55","2025-06-02 13:36:55"
1204,2025-06-02,,2,1,"Öğle yemeği çorba ve et döner porsiyon",320.00,1.000,29.09,349.09,1,0,,"2025-06-02 13:38:14","2025-06-02 13:38:14"
1205,2025-06-01,,2,1,"Gece çorbası",295.00,1.000,26.82,321.82,1,0,,"2025-06-02 13:41:39","2025-06-02 13:41:39"
1206,2025-06-02,,18,1,"Kahve ve sandviç",295.00,1.000,26.82,321.82,1,0,,"2025-06-02 13:44:57","2025-06-02 13:44:57"
1207,2025-06-01,,2,1,"Tuğçe ile yemek bira.",615.00,1.000,55.91,670.91,1,0,,"2025-06-02 16:34:37","2025-06-02 16:34:37"
1208,2025-06-02,,19,1,,500.00,1.000,0.00,500.00,0,0,,"2025-06-02 18:28:47","2025-06-02 18:28:47"
1209,2025-06-02,,21,1,"Ocak Şubat Mart ayları aidatı.",1500.00,1.000,0.00,1500.00,0,0,,"2025-06-02 18:30:04","2025-06-02 18:30:04"
1210,2025-06-03,,21,1,"Tango eğitmenlik sınavı ücreti.",1000.00,1.000,0.00,1000.00,0,0,,"2025-06-03 07:52:29","2025-06-03 07:52:29"
1211,2025-06-02,,12,1,"İlaç parası",187.00,1.000,0.00,187.00,0,0,,"2025-06-03 07:54:28","2025-06-03 07:54:28"
1212,2025-06-03,,23,1,"Belgrad konaklama",9394.30,1.000,0.00,9394.30,0,0,,"2025-06-03 07:55:17","2025-07-01 12:19:51"
1213,2025-06-02,,17,1,"2 bira 2 shot",600.00,1.000,0.00,600.00,0,0,,"2025-06-03 07:58:48","2025-06-03 07:59:02"
1214,2025-06-12,,2,1,"Öğle yemeği.",320.00,1.000,29.09,349.09,1,0,,"2025-06-12 12:15:02","2025-06-12 12:15:02"
1215,2025-06-12,,9,1,"5 adet dergi.",460.75,1.000,0.00,460.75,0,0,,"2025-06-12 12:15:28","2025-06-12 12:15:28"
1216,2025-06-13,,1,1,"39.12lt x 48.57₺",1900.00,1.000,316.67,2216.67,1,0,,"2025-06-13 09:33:19","2025-06-13 09:33:19"
1217,2025-06-11,,17,1,"Bacardi ve Gin.",2049.36,1.000,0.00,2049.36,0,0,,"2025-06-13 09:39:37","2025-06-13 09:39:37"
1218,2025-06-12,,26,1,"Tuğçe ile Rakun'da bira ve gin kokteyl.",600.00,1.000,0.00,600.00,0,0,,"2025-06-13 09:40:40","2025-06-13 09:40:40"
1219,2025-06-10,,22,1,"7'li çorap.",230.00,1.000,0.00,230.00,0,0,,"2025-06-13 09:41:17","2025-06-13 09:41:17"
1220,2025-06-11,,14,1,"Havaalanına taksi.",1083.69,1.000,0.00,1083.69,0,0,,"2025-06-13 09:42:00","2025-06-13 09:42:08"
1221,2025-06-10,,27,1,"VPS kira süresini 1 yıl uzatmak için bakiye ekleme.",2821.87,1.000,0.00,2821.87,0,0,,"2025-06-13 09:43:11","2025-06-13 09:43:11"
1222,2025-06-03,,14,1,"Havaalanından eve taksi",1372.57,1.000,0.00,1372.57,0,0,,"2025-06-13 09:49:11","2025-06-13 09:49:11"
1223,2025-06-13,,18,1,"Çay kahve.",165.00,1.000,15.00,180.00,1,0,,"2025-06-14 08:16:32","2025-06-14 08:16:32"
1224,2025-05-26,,18,1,Amerikano,114.00,1.000,10.36,124.36,1,0,,"2025-06-14 08:27:25","2025-06-24 10:10:14"
1225,2025-05-19,,2,1,"Gece dönercisinden yemek.",470.00,1.000,4.65,474.65,1,0,,"2025-06-14 08:37:50","2025-06-14 08:37:50"
1226,2025-05-19,,2,1,"Tenis ekibi ile çay dondurma.",675.00,1.000,61.36,736.36,1,0,,"2025-06-14 08:39:52","2025-06-14 08:39:52"
1227,2025-05-19,,2,1,"Dürüm ayran.",105.00,1.000,9.55,114.55,1,0,,"2025-06-14 08:40:45","2025-06-14 08:40:45"
1228,2025-05-20,,2,1,"Akşam yemeği.",396.00,1.000,36.00,432.00,1,0,,"2025-06-14 08:42:48","2025-06-14 08:42:48"
1229,2025-06-14,,9,1,"2 kitap.",386.81,1.000,0.00,386.81,0,0,,"2025-06-14 10:58:21","2025-06-14 10:58:21"
1230,2025-06-13,,2,1,"Akşam yemeği.",390.00,1.000,35.45,425.45,1,0,,"2025-06-16 08:37:21","2025-06-16 08:37:21"
1231,2025-06-15,,2,1,"Tuğçe ile akşam yemeği.",510.00,1.000,46.36,556.36,1,0,,"2025-06-16 08:38:26","2025-06-16 08:38:26"
1232,2025-06-12,,13,1,Otopark.,40.00,1.000,6.67,46.67,1,0,,"2025-06-16 08:39:22","2025-06-16 08:39:22"
1233,2025-06-15,,28,1,"30metre CAT6 kablo.",500.00,1.000,83.33,583.33,1,0,,"2025-06-16 08:43:38","2025-06-21 17:10:28"
1234,2025-05-17,,2,1,Kahvaltılık.,170.00,1.000,15.45,185.45,1,0,,"2025-06-16 08:46:50","2025-06-16 08:46:50"
1235,2025-05-15,,18,1,Amerikano,114.00,1.000,10.36,124.36,1,0,,"2025-06-16 08:48:55","2025-06-16 08:48:55"
1236,2025-06-16,,17,1,"2 bira",320.00,1.000,0.00,320.00,0,0,,"2025-06-16 21:36:23","2025-06-16 21:36:23"
1237,2025-06-16,,20,1,"15k araç bakımı.",13593.88,1.000,2265.65,15859.53,1,0,,"2025-06-16 21:37:42","2025-06-16 21:37:42"
1238,2025-06-16,,18,1,"Emre ile 2 kahve 1 mozaik pasta",420.00,1.000,38.18,458.18,1,0,,"2025-06-16 21:40:43","2025-06-16 21:40:43"
1239,2025-06-18,,2,1,"Gece çorba dürüm",175.00,1.000,15.91,190.91,1,0,,"2025-06-17 21:43:26","2025-06-17 21:43:26"
1240,2025-06-17,,17,1,"2 fıçı",320.00,1.000,0.00,320.00,0,0,,"2025-06-17 21:44:21","2025-06-17 21:44:21"
1241,2025-06-18,,27,1,"1000 adet kartvizit.",750.00,1.000,125.00,875.00,1,0,,"2025-06-18 11:53:35","2025-06-18 11:53:35"
1242,2025-06-18,,18,1,Amerikano,145.00,1.000,13.18,158.18,1,0,,"2025-06-18 11:54:10","2025-06-18 11:54:10"
1243,2025-06-19,,16,1,"günlük otomatik yatırım bedeli.",1500.00,1.000,0.00,1500.00,0,0,,"2025-06-19 12:07:07","2025-06-19 12:07:07"
1244,2025-06-19,,1,1,"49.96lt x 49.84₺",2490.00,1.000,415.00,2905.00,1,0,,"2025-06-21 17:12:52","2025-06-21 17:12:52"
1245,2024-01-26,,25,1,"Koçtaş Basic PX-24F kombi.",15299.10,1.000,0.00,15299.10,0,0,,"2025-06-21 17:38:22","2025-06-21 17:38:22"
1246,2024-01-02,,22,1,"Skechers Kahverengi Bot.",3909.15,1.000,0.00,3909.15,0,0,,"2025-06-21 17:41:05","2025-06-21 17:41:05"
1247,2025-06-21,,17,1,"2 bira",320.00,1.000,0.00,320.00,0,0,,"2025-06-22 11:22:05","2025-06-22 11:22:05"
1248,2025-06-20,,8,1,"Abur cubur.",190.00,1.000,1.88,191.88,1,0,,"2025-06-22 11:24:09","2025-06-22 11:24:09"
1249,2025-06-17,,2,1,"Çorba ve çiğ köfte dürüm.",175.00,1.000,15.91,190.91,1,0,,"2025-06-22 11:27:02","2025-06-22 11:27:02"
1250,2025-06-22,,2,1,"Yoğurtlu tavuk tantuni.",190.00,1.000,17.27,207.27,1,0,,"2025-06-22 11:29:18","2025-06-22 11:29:18"
1251,2025-06-19,,2,1,"Öğle yemeği.",325.00,1.000,29.55,354.55,1,0,,"2025-06-22 11:30:16","2025-06-22 11:30:16"
1252,2025-06-24,,18,1,"Soğuk filtre kahve",135.00,1.000,12.27,147.27,1,0,,"2025-06-24 09:50:47","2025-06-24 09:50:47"
1253,2025-05-04,,1,1,"49.36lt x 44.59₺",2200.96,1.000,366.83,2567.79,1,0,,"2025-06-24 09:52:41","2025-06-24 09:52:41"
1254,2025-05-04,,18,1,"Kahve ve haşhaşlı 3 peynirli.",259.00,1.000,23.55,282.55,1,0,,"2025-06-24 09:54:01","2025-06-24 09:54:01"
1255,2025-05-04,,13,1,Otopark,180.00,1.000,30.00,210.00,1,0,,"2025-06-24 09:55:14","2025-06-24 09:55:14"
1256,2025-06-23,,1,1,"38.47lt x 50.99₺",1961.59,1.000,326.93,2288.52,1,0,,"2025-06-24 09:56:59","2025-06-24 09:56:59"
1257,2025-05-18,,18,1,"Çay su",140.00,1.000,12.73,152.73,1,0,,"2025-06-24 09:58:23","2025-06-24 09:58:23"
1258,2025-05-29,,2,1,"Ton balıklı sandviç",175.00,1.000,1.73,176.73,1,0,,"2025-06-24 10:08:39","2025-06-24 10:08:39"
1259,2025-05-26,,8,1,"Hazır sushi",426.70,1.000,0.00,426.70,0,0,,"2025-06-24 10:10:51","2025-06-24 10:10:51"
1260,2025-06-23,,13,1,Otopark,40.00,1.000,0.00,40.00,0,0,,"2025-06-24 10:11:35","2025-06-24 10:11:35"
1261,2025-04-18,,26,1,"Filiz için doğum günü hediyesi pelüş pembe panter.",369.99,1.000,0.00,369.99,0,0,,"2025-06-24 10:15:36","2025-06-24 10:15:36"
1262,2025-04-17,,8,1,"Market alışverişi.",2202.68,1.000,0.00,2202.68,0,0,,"2025-06-24 10:16:25","2025-06-24 10:16:25"
1263,2025-05-16,,2,1,"Çiğ köfte.",90.00,1.000,8.18,98.18,1,0,,"2025-06-24 10:17:57","2025-06-24 10:17:57"
1264,2025-04-12,,17,1,"Gin ve Smirnoff North",2225.38,1.000,0.00,2225.38,0,0,,"2025-06-24 10:19:44","2025-06-24 10:19:44"
1265,2025-05-19,,8,1,"Boya kitap ıvır zıvır.",304.05,1.000,0.00,304.05,0,0,,"2025-06-24 10:21:49","2025-06-24 10:21:49"
1266,2025-04-08,,8,1,"market alışverişi",228.75,1.000,0.00,228.75,0,0,,"2025-06-24 10:22:43","2025-06-24 10:22:43"
1267,2025-06-23,,2,1,Poğaça.,50.00,1.000,4.55,54.55,1,0,,"2025-06-24 10:25:50","2025-06-24 10:25:50"
1268,2025-05-28,,28,1,"Elektrik malzemeleri.",21155.71,1.000,3525.95,24681.66,1,0,,"2025-06-24 10:42:11","2025-06-24 10:42:11"
1269,2025-05-14,,28,1,"Kontrol kalemi poşet dosya magazinlik",894.10,1.000,149.04,1043.14,1,0,,"2025-06-24 10:45:41","2025-06-24 10:45:41"
1270,2025-05-12,,28,1,"Tornavida takımı",714.80,1.000,119.13,833.93,1,0,,"2025-06-24 10:46:55","2025-06-24 10:46:55"
1271,2025-06-18,,8,1,"Su ve danone yoğurt",87.00,1.000,0.00,87.00,0,0,,"2025-06-24 10:52:27","2025-06-24 10:52:27"
1272,2025-06-22,,15,1,"3 tane pişmaniye.",630.00,1.000,6.24,636.24,1,0,,"2025-06-24 10:53:15","2025-06-24 10:53:15"
1273,2025-06-15,,13,1,otopark,40.00,1.000,0.00,40.00,0,0,,"2025-06-24 10:57:05","2025-06-24 10:57:05"
1274,2025-06-24,,16,1,"Otomatik yatırım",1200.00,1.000,0.00,1200.00,0,0,,"2025-06-24 11:19:56","2025-06-24 11:19:56"
1275,2025-06-24,,17,1,"3 bira",480.00,1.000,0.00,480.00,0,0,,"2025-06-25 10:17:30","2025-06-25 10:17:30"
1276,2025-06-25,,2,1,"Sandviç ve kahve",365.00,1.000,33.18,398.18,1,0,,"2025-06-25 10:19:45","2025-06-25 10:19:45"
1277,2025-06-24,,18,1,Amerikano,130.00,1.000,11.82,141.82,1,0,,"2025-06-25 10:21:03","2025-06-25 10:21:03"
1278,2025-06-24,,2,1,"Ailemle yemek.",895.00,1.000,81.36,976.36,1,0,,"2025-06-25 10:22:05","2025-06-25 10:22:05"
1279,2025-06-26,,24,1,"Muhasebeci ücreti.",1943.70,1.000,443.70,2387.40,1,0,,"2025-06-26 10:18:10","2025-08-26 08:58:18"
1280,2025-06-26,,16,1,"Mayıs bağkur ödemesi.",7736.63,1.000,0.00,7736.63,1,0,,"2025-06-26 10:19:45","2025-06-26 10:19:45"
1281,2025-06-27,,16,1,"Günlük yatırım.",1200.00,1.000,0.00,1200.00,0,0,,"2025-06-27 11:29:47","2025-06-27 11:29:47"
1282,2025-06-27,,20,1,"Trafik park cezası.",744.75,1.000,0.00,744.75,0,0,,"2025-06-27 13:47:09","2025-06-27 13:47:09"
1283,2025-06-24,,2,1,"Annem ve babamla yemek. Parasını babam ödedi.",815.00,1.000,74.09,889.09,1,0,,"2025-06-28 09:17:58","2025-06-28 09:17:58"
1284,2025-06-25,,26,1,"İlayda ve Asen ile bira soda.",375.00,1.000,34.09,409.09,1,0,,"2025-06-28 09:19:32","2025-06-28 09:19:32"
1285,2025-06-24,,2,1,"Akşam yemeği makarna.",200.00,1.000,18.18,218.18,1,0,,"2025-06-28 09:24:25","2025-06-28 09:24:25"
1286,2025-06-26,,2,1,"2 poğaça",50.00,1.000,0.00,50.00,1,0,,"2025-06-28 09:25:34","2025-06-28 09:25:34"
1287,2025-06-24,,28,1,"Koçtaştan merdiven ve sarf malzeme.",3098.99,1.000,516.50,3615.49,1,0,,"2025-06-28 09:32:57","2025-06-28 09:32:57"
1288,2025-06-28,,8,1,"Market alışverişi",1904.04,1.000,0.00,1904.04,0,0,,"2025-06-28 14:22:29","2025-06-28 14:22:29"
1289,2025-06-25,,8,1,"Abur cubur",330.50,1.000,0.00,330.50,0,0,,"2025-06-28 14:27:45","2025-06-28 14:27:45"
1290,2025-06-29,,1,1,"50.96lt x 49.06₺",2500.10,1.000,416.68,2916.78,1,0,,"2025-06-29 08:52:28","2025-06-29 08:52:28"
1291,2025-06-28,,12,1,"Babam için ilaç.",30.00,1.000,0.00,30.00,0,0,,"2025-06-30 16:40:33","2025-06-30 16:40:33"
1292,2025-06-30,,2,1,"Market alışverişi.",122.00,1.000,0.00,122.00,0,0,,"2025-06-30 16:41:23","2025-06-30 16:41:23"
1293,2025-06-30,,8,1,"5 adet su.",37.50,1.000,0.00,37.50,0,0,,"2025-06-30 16:45:36","2025-06-30 16:45:36"
1294,2025-06-29,,21,1,"Milonga giriş ücreti.",300.00,1.000,0.00,300.00,0,0,,"2025-07-01 00:03:40","2025-07-01 00:03:40"
1295,2025-06-25,,21,1,"Milonga Qerida giriş ücreti.",300.00,1.000,0.00,300.00,0,0,,"2025-07-01 00:04:33","2025-07-01 00:04:33"
1296,2025-06-29,,17,1,"2 fıçı bira.",190.00,1.000,17.27,207.27,1,0,,"2025-07-01 00:12:43","2025-07-01 00:12:43"
1297,2025-06-29,,2,1,Sandviç,150.00,1.000,1.49,151.49,1,0,,"2025-07-01 00:13:54","2025-07-01 00:13:54"
1298,2025-06-29,,18,1,"Filtre kahve.",80.00,1.000,7.27,87.27,1,0,,"2025-07-01 00:14:59","2025-07-01 00:14:59"
1299,2025-06-30,,2,1,"Yeşim ile birer çorba.",585.00,1.000,53.18,638.18,1,0,,"2025-07-01 00:15:59","2025-07-01 00:15:59"
1300,2025-06-19,,18,1,içeçek.,70.00,1.000,6.36,76.36,1,0,,"2025-07-01 00:17:00","2025-07-01 00:17:00"
1301,2025-06-03,,23,1,"AirBNB hizmet faturası şirket masrafı için.",1848.70,1.000,308.12,2156.82,1,0,,"2025-07-01 12:20:33","2025-07-01 12:20:33"
1302,2025-07-01,,20,1,"Vesikalık biometrik foto.",350.00,1.000,0.00,350.00,0,0,,"2025-07-01 15:02:39","2025-07-01 15:02:39"
1303,2025-07-01,,20,1,"Sağlık raporu için bedel.",250.00,1.000,0.00,250.00,0,0,,"2025-07-01 15:03:15","2025-07-01 15:03:15"
1304,2025-07-01,,20,1,"Sağlık raporu bedeli.",250.00,1.000,0.00,250.00,0,0,,"2025-07-01 15:03:54","2025-07-01 15:03:54"
1305,2025-04-07,,8,1,"Kahve çikolata",204.00,1.000,8.10,212.10,1,0,,"2025-07-01 15:12:18","2025-07-01 15:12:18"
1306,2025-04-27,,18,1,"Kahve çay çikolata",240.00,1.000,21.82,261.82,1,0,,"2025-07-01 15:13:28","2025-07-01 15:13:28"
1307,2025-04-28,,2,1,"akşam yemeği",170.00,1.000,15.45,185.45,1,0,,"2025-07-01 15:20:49","2025-07-01 15:21:01"
1308,2025-07-01,,16,1,"Otomatik yatırım.",2000.00,1.000,0.00,2000.00,0,0,,"2025-07-01 15:28:13","2025-07-01 15:28:13"
1309,2025-04-25,,2,1,"kahve sandviç",259.00,1.000,23.55,282.55,1,0,,"2025-07-01 15:57:52","2025-07-01 15:57:52"
1310,2025-04-27,,18,1,Kahve.,312.00,1.000,28.36,340.36,1,0,,"2025-07-01 15:59:39","2025-07-01 15:59:39"
1311,2025-04-28,,2,1,Çorba,650.00,1.000,59.09,709.09,1,0,,"2025-07-01 16:02:50","2025-07-01 16:02:50"
1312,2025-04-30,,1,1,"47,45lt x 45,31₺",2150.00,1.000,358.33,2508.33,1,0,,"2025-07-01 16:04:55","2025-07-01 16:04:55"
1313,2025-04-23,,2,1,yiyecek.,190.00,1.000,17.27,207.27,1,0,,"2025-07-01 16:06:06","2025-07-01 16:06:06"
1314,2025-04-22,,1,1,"39,67lt x 44,59₺",1768.89,1.000,294.82,2063.71,1,0,,"2025-07-01 16:07:38","2025-07-01 16:07:38"
1315,2025-04-05,,18,1,Amerikano,110.00,1.000,10.00,120.00,1,0,,"2025-07-01 16:10:17","2025-07-01 16:10:17"
1316,2025-04-06,,2,1,"market alışveri",72.50,1.000,0.72,73.22,1,0,,"2025-07-01 16:15:23","2025-07-01 16:15:23"
1317,2025-04-02,,1,1,"21,3lt x 46,95₺",1000.04,1.000,166.67,1166.71,1,0,,"2025-07-01 16:17:03","2025-07-01 16:17:03"
1318,2025-04-03,,2,1,"Köyde iş için öğle yemeği.",410.00,1.000,37.27,447.27,1,0,,"2025-07-01 16:18:10","2025-07-01 16:18:10"
1319,2025-04-08,,2,1,Kahvaltı.,830.00,1.000,75.45,905.45,1,0,,"2025-07-01 16:19:28","2025-07-01 16:19:28"
1320,2025-04-08,,1,1,"48.09lt x 47,85₺",2301.11,1.000,383.52,2684.63,1,0,,"2025-07-01 16:20:56","2025-07-01 16:20:56"
1321,2025-04-05,,2,1,"Çak kahve sandviç kahvaltı.",475.00,1.000,43.19,518.19,1,0,,"2025-07-01 16:22:14","2025-07-01 16:22:14"
1322,2025-04-05,,1,1,"51,49lt x 46,81₺",2410.25,1.000,401.71,2811.96,1,0,,"2025-07-01 16:23:22","2025-07-01 16:23:22"
1323,2025-04-11,,2,1,yiyecek.,400.00,1.000,36.36,436.36,1,0,,"2025-07-01 16:24:34","2025-07-01 16:24:34"
1324,2025-04-11,,2,1,yiyecek.,355.00,1.000,32.27,387.27,1,0,,"2025-07-01 16:25:22","2025-07-01 16:25:22"
1325,2025-04-13,,18,1,amerikano,140.00,1.000,12.73,152.73,1,0,,"2025-07-01 16:26:16","2025-07-01 16:26:16"
1326,2025-04-13,,2,1,"Akşam yemeği.",570.00,1.000,51.82,621.82,1,0,,"2025-07-01 16:27:04","2025-07-01 16:27:04"
1327,2025-04-12,,26,1,"Filiz ile akşam yemeği.",838.00,1.000,76.18,914.18,1,0,,"2025-07-01 16:28:13","2025-07-01 16:28:13"
1328,2025-04-13,,2,1,"Akşam yemeği.",570.00,1.000,51.82,621.82,1,0,,"2025-07-01 16:29:11","2025-07-01 16:29:11"
1329,2025-04-21,,14,1,"Belgrad uçak gidiş dönüş.",10449.68,1.000,0.00,10449.68,1,0,,"2025-07-01 16:32:43","2025-07-01 16:32:43"
1330,2025-04-06,,18,1,Amerikano,110.00,1.000,10.00,120.00,1,0,,"2025-07-01 16:33:38","2025-07-01 16:33:38"
1331,2025-04-10,,1,1,"46,51lt x 44,51₺",2070.00,1.000,345.00,2415.00,1,0,,"2025-07-01 16:35:35","2025-07-01 16:35:35"
1332,2025-04-18,,2,1,"Sriracha Tavuk",290.00,1.000,26.36,316.36,1,0,,"2025-07-01 16:36:44","2025-07-01 16:36:44"
1333,2025-04-18,,1,1,"47,4lt x 45,27₺",2145.80,1.000,357.63,2503.43,1,0,,"2025-07-01 16:38:25","2025-07-01 16:38:25"
1334,2025-04-11,,9,1,kırtasiye,607.50,1.000,55.23,662.73,1,0,,"2025-07-01 16:48:11","2025-07-01 16:48:11"
1335,2025-04-13,,18,1,Amerikano,145.00,1.000,13.18,158.18,1,0,,"2025-07-01 16:52:02","2025-07-01 16:52:02"
1336,2025-04-18,,2,1,yiyecek.,190.00,1.000,17.27,207.27,1,0,,"2025-07-01 16:52:46","2025-07-01 16:52:46"
1337,2025-04-17,,18,1,Amerikano,123.00,1.000,11.18,134.18,1,0,,"2025-07-01 16:53:39","2025-07-01 16:53:39"
1338,2025-04-11,,2,1,"Sriracha Tavuk",290.00,1.000,26.36,316.36,1,0,,"2025-07-01 16:54:37","2025-07-01 16:54:37"
1339,2025-04-15,,18,1,Amerikano,125.00,1.000,11.36,136.36,1,0,,"2025-07-01 16:55:30","2025-07-01 16:55:30"
1340,2025-04-12,,8,1,"Kahve çikolata.",246.00,1.000,10.14,256.14,1,0,,"2025-07-01 16:57:14","2025-07-01 16:57:14"
1341,2025-04-11,,18,1,"Kahve çikolata",120.00,1.000,7.27,127.27,1,0,,"2025-07-01 16:58:07","2025-07-01 16:58:07"
1342,2025-04-13,,1,1,"47,56lt x 44,26₺",2105.01,1.000,350.84,2455.85,1,0,,"2025-07-01 16:59:17","2025-07-01 16:59:17"
1343,2025-04-27,,18,1,Amerikano,145.00,1.000,13.18,158.18,0,0,,"2025-07-01 17:00:44","2025-07-01 17:00:44"
1344,2025-07-01,,2,1,"Akşam yemeği makarna.",200.00,1.000,18.18,218.18,1,0,,"2025-07-01 17:01:49","2025-07-01 17:01:49"
1345,2025-07-07,,16,1,"Günlük yatırım.",1000.00,1.000,0.00,1000.00,0,0,,"2025-07-07 13:47:34","2025-07-07 13:47:34"
1346,2025-07-07,,21,1,"Ephesus Tango Marathon ön ödeme. Kalan konaklama için 130 € sonra girişte teslim edilecek.",5180.00,1.000,0.00,5180.00,0,0,,"2025-07-07 14:24:23","2025-07-07 14:24:23"
1347,2025-07-07,,8,1,"Sol De Invierno Tango Marathon 2025 için 100€ karşılığı ön ödeme.",4795.00,1.000,0.00,4795.00,0,0,,"2025-07-07 14:25:30","2025-07-07 14:25:30"
1348,2025-07-10,,16,1,"Günlük yatırım.",1000.00,1.000,0.00,1000.00,0,0,,"2025-07-10 05:19:49","2025-07-10 05:19:49"
1349,2025-07-09,,8,1,"1 şişe su.",10.00,1.000,0.00,10.00,0,0,,"2025-07-10 08:16:37","2025-07-10 08:16:37"
1350,2025-06-16,,16,1,"BES katkı payı.",2000.00,1.000,0.00,2000.00,0,0,,"2025-07-10 09:46:52","2025-07-10 09:46:52"
1351,2025-06-21,,16,1,"50 dolar birikimi.",1983.59,1.000,0.00,1983.59,0,0,,"2025-07-10 10:13:19","2025-07-10 10:13:19"
1352,2025-05-15,,16,1,"BES katkı payı.",2000.00,1.000,0.00,2000.00,0,0,,"2025-07-10 10:14:50","2025-07-10 10:14:50"
1353,2025-05-21,,16,1,"50 Dolar birikim",1944.95,1.000,0.00,1944.95,0,0,,"2025-07-10 10:15:46","2025-07-10 10:15:46"
1354,2025-04-15,,8,1,"BES katkı payı",2000.00,1.000,0.00,2000.00,0,0,,"2025-07-10 10:16:42","2025-07-10 10:16:42"
1355,2025-04-21,,16,1,"50 dolar birikim.",1906.44,1.000,0.00,1906.44,0,0,,"2025-07-10 10:17:45","2025-07-10 10:17:45"
1356,2025-07-11,,2,1,"Kahve sandviç",295.00,1.000,26.82,321.82,1,0,,"2025-07-11 09:51:22","2025-07-11 09:51:22"
1357,2025-07-10,,17,1,"3 bira.",480.00,1.000,0.00,480.00,0,0,,"2025-07-11 09:57:25","2025-07-11 09:57:25"
1358,2025-07-11,,1,1,"51,2lt x 51,38₺",2630.66,1.000,438.44,3069.10,1,0,,"2025-07-11 09:58:56","2025-07-11 09:58:56"
1359,2025-07-11,,8,1,"Abur cubur",46.00,1.000,0.00,46.00,0,0,,"2025-07-11 09:59:43","2025-07-11 09:59:43"
1360,2025-07-10,,21,1,"Bitki takviyesi.",116.35,1.000,0.00,116.35,0,0,,"2025-07-11 10:01:02","2025-07-11 10:01:02"
1361,2025-07-08,,2,1,Yiyecek,600.00,1.000,54.55,654.55,1,0,,"2025-07-11 10:02:14","2025-07-11 10:02:14"
1362,2025-07-09,,2,1,"Öğlen yemeği.",345.00,1.000,31.36,376.36,1,0,,"2025-07-11 10:03:35","2025-07-11 10:03:35"
1363,2025-07-10,,2,1,"öğlen yemeği",290.00,1.000,26.36,316.36,1,0,,"2025-07-11 10:05:01","2025-07-11 10:05:01"
1364,2025-07-11,,2,1,"Tavuk dürüm ayran",215.00,1.000,19.55,234.55,1,0,,"2025-07-11 12:45:05","2025-07-11 12:45:05"
1365,2025-07-12,,8,1,"Market alışverişi.",1132.57,1.000,0.00,1132.57,0,0,,"2025-07-12 11:38:52","2025-07-12 11:38:52"
1366,2025-07-11,,17,1,"3 bira",480.00,1.000,0.00,480.00,0,0,,"2025-07-12 11:39:26","2025-07-12 11:39:26"
1367,2025-07-13,,15,1,"Levent abinin düğünü için zarf içi para koyma.",300.00,1.000,0.00,300.00,0,0,,"2025-07-14 13:43:27","2025-07-14 13:43:27"
1368,2025-07-25,,12,1,"3 seans ücreti",6000.00,1.000,1000.00,7000.00,1,0,,"2025-07-15 12:14:33","2025-07-26 12:47:20"
1369,2025-07-12,,21,1,"Milonga giriş ücreti",500.00,1.000,0.00,500.00,0,0,,"2025-07-15 12:15:53","2025-07-15 12:15:53"
1370,2025-07-15,,21,1,"Milonga giriş ücreti",500.00,1.000,0.00,500.00,0,0,,"2025-07-15 18:06:31","2025-07-15 18:06:31"
1371,2025-07-15,,2,1,"Sandviç kahve",230.00,1.000,0.00,230.00,0,0,,"2025-07-15 18:07:13","2025-07-15 18:07:13"
1372,2025-07-16,,12,1,"Renie çiğneme tableti.",171.00,1.000,0.00,171.00,0,0,,"2025-07-16 14:43:30","2025-07-16 14:43:30"
1373,2025-07-17,,17,1,,185.00,1.000,0.00,185.00,0,0,,"2025-07-17 04:41:41","2025-07-17 04:41:41"
1374,2025-07-17,,2,1,"Çiğ köfte dürüm ayran.",110.00,1.000,10.00,120.00,1,0,,"2025-07-17 04:42:14","2025-07-17 04:42:14"
1375,2025-07-19,,17,1,"4’lü bira",402.50,1.000,0.00,402.50,0,0,,"2025-07-19 14:06:40","2025-07-19 14:06:40"
1376,2025-07-19,,17,1,"4’lü bira",403.50,1.000,0.00,403.50,0,0,,"2025-07-19 14:07:34","2025-07-19 14:07:34"
1377,2025-07-18,,17,1,"Tuğçe ile birer bira",640.00,1.000,0.00,640.00,0,0,,"2025-07-19 14:07:58","2025-07-19 14:08:29"
1378,2025-07-18,,17,1,"Tuğçe ile birer bira",650.00,1.000,0.00,650.00,0,0,,"2025-07-19 14:08:57","2025-07-19 14:08:57"
1379,2025-07-19,,18,1,"Ice Amerikano",170.00,1.000,28.00,198.00,1,0,,"2025-07-19 14:09:46","2025-07-19 14:09:46"
1380,2025-07-21,,24,1,"Cep faturası.",1073.00,1.000,0.00,1073.00,1,0,,"2025-07-21 14:40:51","2025-07-21 14:40:51"
1381,2025-07-21,,16,1,"50 Dolar sigorta yatırımı",2018.06,1.000,0.00,2018.06,0,0,,"2025-07-21 14:41:36","2025-07-21 14:41:36"
1382,2025-07-21,,24,1,"Netflix abonelik ücreti.",379.99,1.000,0.00,379.99,0,0,,"2025-07-21 14:42:16","2025-12-29 14:11:55"
1383,2025-07-16,,16,1,"BES katkı payı",2000.00,1.000,0.00,2000.00,0,0,,"2025-07-21 14:42:54","2025-07-21 14:42:54"
1384,2025-07-19,,9,1,"2 adet koleksiyon için shot bardak.",200.00,1.000,0.00,200.00,0,0,,"2025-07-21 14:49:02","2025-07-21 14:49:02"
1385,2025-07-22,,13,1,,50.00,1.000,0.00,50.00,1,0,,"2025-07-22 06:45:02","2025-07-22 06:45:02"
1386,2025-07-22,,13,1,,50.00,1.000,0.00,50.00,1,0,,"2025-07-22 06:45:45","2025-07-22 06:45:45"
1387,2025-07-17,,1,1,"50.93lt x 51.45₺",2620.35,1.000,436.73,3057.08,1,0,,"2025-07-22 06:47:24","2025-07-22 06:47:24"
1388,2025-07-18,,1,1,"39.22lt x 52.28₺",2050.42,1.000,341.74,2392.16,1,0,,"2025-07-22 06:48:31","2025-07-22 06:48:31"
1389,2025-07-20,,1,1,"35.71lt x 52.08₺",1860.00,1.000,310.00,2170.00,1,0,,"2025-07-22 06:49:22","2025-07-22 06:49:22"
1390,2025-07-15,,13,1,,500.00,1.000,83.33,583.33,1,0,,"2025-07-22 06:52:25","2025-07-22 06:52:25"
1391,2025-07-21,,26,1,"Tuğçe ile Doping'te 2'şer bira.",740.00,1.000,0.00,740.00,0,0,,"2025-07-22 06:54:15","2025-07-22 06:54:15"
1392,2025-07-22,,27,1,"myfammap.com adresini 3 yıllık satın alma.",1422.79,1.000,0.00,1422.79,0,0,,"2025-07-22 07:01:09","2025-07-22 07:01:09"
1393,2025-07-20,,17,1,"Tuğçe ile teknede 1'er bira.",500.00,1.000,0.00,500.00,0,0,,"2025-07-22 07:01:43","2025-07-22 07:01:43"
1394,2025-07-22,,21,1,"Tormento milonga giriş ücreti.",300.00,1.000,0.00,300.00,0,0,,"2025-07-24 06:47:49","2025-07-24 06:47:49"
1395,2025-07-15,,27,1,"Co-Pilot 1 yıllık abonelik ücreti.",4220.35,1.000,0.00,4220.35,0,0,,"2025-07-24 07:08:17","2025-07-24 07:09:13"
1396,2025-07-24,,23,1,"Duş başlığı",59.90,1.000,0.00,59.90,0,0,,"2025-07-24 18:12:52","2025-07-24 18:12:52"
1397,2025-07-24,,22,1,"Kot pantolon ve 3x boxer",857.97,1.000,0.00,857.97,0,0,,"2025-07-24 18:13:51","2025-07-24 18:13:51"
1398,2025-07-24,,22,1,"ZerCard harcama iadesi.",-857.97,1.000,0.00,-857.97,0,0,,"2025-07-24 18:14:35","2025-07-24 18:14:35"
1401,2025-07-26,,17,1,"2 bira",370.00,1.000,0.00,370.00,0,0,,"2025-07-26 21:37:57","2025-07-26 21:37:57"
1402,2025-07-26,,2,1,"Çiğ köfte ayran.",110.00,1.000,10.00,120.00,1,0,,"2025-07-26 21:38:51","2025-07-26 21:38:51"
1403,2025-07-29,,8,1,"2 su",7.90,1.000,0.00,7.90,0,0,,"2025-07-29 14:08:57","2025-07-29 14:13:13"
1404,2025-07-29,,9,1,"Beyhan Budak, Senin Suçun Değil",250.00,1.000,0.00,250.00,0,0,,"2025-07-29 14:09:34","2025-07-29 14:09:34"
1405,2025-07-29,,25,1,"Telefon kılıfı",130.00,1.000,0.00,130.00,0,0,,"2025-07-29 14:10:36","2025-07-29 14:10:36"
1406,2025-07-27,,17,1,"2 bira su",400.00,1.000,0.00,400.00,0,0,,"2025-07-29 14:12:05","2025-07-29 14:12:16"
1407,2025-07-29,,20,1,"Araç çekici bedeli.",1215.00,1.000,202.50,1417.50,1,0,,"2025-07-29 14:16:18","2025-07-29 14:16:18"
1408,2025-07-29,,16,1,"Günlük yatırım",2500.00,1.000,0.00,2500.00,0,0,,"2025-07-29 19:36:47","2025-07-29 19:36:47"
1409,2025-07-29,,21,1,"Marinada Gökhan abiden olta misine çapari aldım.",1500.00,1.000,0.00,1500.00,0,0,,"2025-07-30 08:54:07","2025-07-30 08:54:07"
1410,2025-08-04,,16,1,"Otomatik yatırım ve süpriz 4 altcoine 250’şer lira.",2750.00,1.000,0.00,2750.00,0,0,,"2025-08-04 18:06:13","2025-08-04 18:06:13"
1411,2025-08-03,,17,1,"7 tane kutu bira.",700.00,1.000,0.00,700.00,0,0,,"2025-08-04 18:08:20","2025-08-04 18:08:20"
1412,2025-08-05,,16,1,"100 Euro karşılığı dönüşüm. Ev kasasına atıldı",4700.00,1.000,0.00,4700.00,0,0,,"2025-08-05 08:32:38","2025-08-05 08:32:38"
1413,2025-08-08,,16,1,"Günlük otomatik yatırım",1500.00,1.000,0.00,1500.00,0,0,,"2025-08-08 09:07:44","2025-08-08 09:07:44"
1414,2025-08-08,,17,1,"33lük bira",150.00,1.000,0.00,150.00,0,0,,"2025-08-09 16:51:55","2025-08-09 16:51:55"
1415,2025-08-08,,2,1,"Sandviç ve su.",155.00,1.000,0.00,155.00,0,0,,"2025-08-09 16:52:22","2025-08-09 16:52:22"
1416,2025-08-08,,21,1,"Olta çay vs.",405.00,1.000,0.00,405.00,0,0,,"2025-08-09 16:53:30","2025-08-09 16:53:30"
1417,2025-08-04,,8,1,"Market alışverişi.",476.18,1.000,0.00,476.18,0,0,,"2025-08-10 11:03:34","2025-08-10 11:03:34"
1418,2025-08-05,,2,1,yemek.,270.00,1.000,24.55,294.55,1,0,,"2025-08-10 11:06:12","2025-08-10 11:06:12"
1419,2025-08-05,,18,1,"kahve sandviç",170.00,1.000,15.45,185.45,1,0,,"2025-08-10 11:07:30","2025-08-10 11:07:30"
1420,2025-08-06,,8,1,"Mangal için malzeme",588.36,1.000,0.00,588.36,0,0,,"2025-08-10 11:11:31","2025-08-10 12:27:00"
1421,2025-07-24,,21,1,"2 adet koltuk.",739.90,1.000,0.00,739.90,0,0,,"2025-08-10 11:28:55","2025-08-10 11:28:55"
1422,2025-07-24,,8,1,"Market alışverişi.",1116.88,1.000,0.00,1116.88,0,0,,"2025-08-10 11:29:37","2025-08-10 11:29:37"
1423,2025-07-03,,2,1,"öğlen yemeği.",345.00,1.000,31.36,376.36,1,0,,"2025-08-10 11:30:43","2025-08-10 11:30:43"
1424,2025-08-01,,2,1,"Akşam yemeği.",710.00,1.000,64.55,774.55,1,0,,"2025-08-10 11:32:14","2025-08-10 11:32:14"
1425,2025-08-03,,8,1,"market alışverişi.",1085.05,1.000,0.00,1085.05,0,0,,"2025-08-10 11:33:15","2025-08-10 11:33:15"
1426,2025-07-22,,18,1,"cool lime ve su",196.00,1.000,17.82,213.82,1,0,,"2025-08-10 11:34:45","2025-08-10 11:34:45"
1427,2025-07-20,,18,1,"2 çay.",40.00,1.000,3.64,43.64,1,0,,"2025-08-10 11:36:03","2025-08-10 11:36:03"
1428,2025-08-01,,1,1,"45.06lt x 51.57₺",2323.74,1.000,387.29,2711.03,1,0,,"2025-08-10 11:38:01","2025-08-10 11:38:01"
1429,2025-07-24,,2,1,"Yemek Sepetinden yemek.",365.00,1.000,0.00,365.00,0,0,,"2025-08-10 11:39:18","2025-08-10 11:39:18"
1430,2025-07-22,,18,1,"Ice Amerikano",130.00,1.000,11.82,141.82,1,0,,"2025-08-10 11:40:11","2025-08-10 11:40:11"
1431,2025-07-20,,18,1,"Ice amerikano",130.00,1.000,11.82,141.82,1,0,,"2025-08-10 11:42:19","2025-08-10 11:42:19"
1432,2025-07-19,,2,1,"Waffle ve çiğ köfte Tuğçe ile.",800.00,1.000,72.73,872.73,1,0,,"2025-08-10 11:43:48","2025-08-10 11:43:48"
1433,2025-07-22,,2,1,yemek,250.00,1.000,22.73,272.73,1,0,,"2025-08-10 11:44:57","2025-08-10 11:44:57"
1434,2025-07-19,,2,1,yemek,530.00,1.000,48.18,578.18,1,0,,"2025-08-10 11:45:58","2025-08-10 11:45:58"
1435,2025-07-25,,2,1,"öğlen yemeği.",280.00,1.000,25.45,305.45,1,0,,"2025-08-10 11:46:56","2025-08-10 11:46:56"
1436,2025-07-18,,2,1,"gece yemeği",695.00,1.000,63.18,758.18,1,0,,"2025-08-10 11:48:49","2025-08-10 11:48:49"
1437,2025-07-27,,13,1,otopark,50.00,1.000,0.00,50.00,1,0,,"2025-08-10 11:49:42","2025-08-10 11:49:42"
1438,2025-07-28,,2,1,"Akşam yemeği.",985.00,1.000,89.55,1074.55,1,0,,"2025-08-10 11:51:16","2025-08-10 11:51:16"
1439,2025-07-28,,2,1,"akşam yemeği.",985.00,1.000,89.55,1074.55,1,0,,"2025-08-10 11:51:53","2025-08-10 11:51:53"
1440,2025-07-31,,2,1,"öğlen yemeği.",325.00,1.000,29.55,354.55,1,0,,"2025-08-10 11:53:14","2025-08-10 11:53:14"
1441,2025-07-28,,13,1,Otopark,120.00,1.000,20.00,140.00,1,0,,"2025-08-10 11:54:37","2025-08-10 11:54:37"
1442,2025-07-29,,18,1,"sandviç ve kahve.",295.00,1.000,26.82,321.82,1,0,,"2025-08-10 11:55:27","2025-08-10 11:55:27"
1443,2025-07-18,,2,1,"Tuğçe ile akşam yemeği.",2600.00,1.000,236.36,2836.36,1,0,,"2025-08-10 11:56:29","2025-08-10 11:56:29"
1444,2025-07-27,,2,1,"gece yemeği.",110.00,1.000,10.00,120.00,1,0,,"2025-08-10 11:57:18","2025-08-10 11:57:18"
1445,2025-07-11,,18,1,su,50.00,1.000,0.00,50.00,0,0,,"2025-08-10 11:58:25","2025-08-10 11:58:36"
1446,2025-07-18,,2,1,"kahvaltılık sandviç ve kahve.",583.00,1.000,53.00,636.00,1,0,,"2025-08-10 12:04:58","2025-08-10 12:04:58"
1447,2025-07-02,,22,1,"Sketchers Ayakkabı",2990.00,1.000,0.00,2990.00,0,0,,"2025-08-10 12:06:44","2025-08-10 12:06:44"
1448,2025-07-02,,22,1,Tshirt,209.90,1.000,0.00,209.90,0,0,,"2025-08-10 12:08:41","2025-08-10 12:08:41"
1449,2025-07-02,,8,1,"Market alışverişi ıvır zıvır",1830.00,1.000,0.00,1830.00,0,0,,"2025-08-10 12:09:39","2025-08-10 12:09:39"
1450,2025-08-01,,8,1,"market alışverişi",388.25,1.000,0.00,388.25,0,0,,"2025-08-10 12:13:20","2025-08-10 12:13:20"
1451,2025-07-06,,8,1,"market alışverişi.",1171.42,1.000,0.00,1171.42,0,0,,"2025-08-10 12:14:43","2025-08-10 12:14:43"
1452,2025-07-17,,2,1,"Su ve kruvasan",75.00,1.000,0.00,75.00,0,0,,"2025-08-10 12:17:52","2025-08-10 12:17:52"
1453,2025-07-15,,18,1,içecek,180.00,1.000,0.00,180.00,0,0,,"2025-08-10 12:19:10","2025-08-10 12:19:10"
1454,2025-08-06,,8,1,"mangal için içecek alışverişi.",302.50,1.000,0.00,302.50,0,0,,"2025-08-10 12:20:41","2025-08-10 12:20:41"
1455,2025-07-08,,9,1,"3 kitap",205.00,1.000,0.00,205.00,0,0,,"2025-08-10 12:22:21","2025-08-10 12:22:21"
1456,2025-07-05,,8,1,"Market alışverişi.",153.50,1.000,0.00,153.50,0,0,,"2025-08-10 12:24:22","2025-08-10 12:24:22"
1457,2025-08-08,,13,1,,70.00,1.000,11.67,81.67,1,0,,"2025-08-10 14:25:32","2025-08-10 14:25:32"
1458,2025-07-06,,18,1,"Kahve latte su",310.00,1.000,28.18,338.18,1,0,,"2025-08-10 14:26:51","2025-08-10 14:26:51"
1459,2025-08-10,,13,1,otopark,60.00,1.000,0.00,60.00,1,0,,"2025-08-10 14:27:40","2025-08-10 14:27:40"
1460,2025-08-06,,2,1,"Mangal için köfte.",1050.00,1.000,95.45,1145.45,1,0,,"2025-08-10 14:28:36","2025-08-10 14:28:36"
1461,2025-08-10,,2,1,"dürüm ayran.",185.00,1.000,16.82,201.82,1,0,,"2025-08-10 14:34:00","2025-08-10 14:34:00"
1462,2025-08-06,,2,1,"Mangal için tavuk.",1100.00,1.000,10.89,1110.89,1,0,,"2025-08-10 14:35:04","2025-08-10 14:35:04"
1463,2025-07-07,,2,1,"haşhaşlı ve su.",186.00,1.000,16.91,202.91,1,0,,"2025-08-10 14:36:01","2025-08-10 14:36:01"
1464,2025-07-01,,2,1,içecek.,280.00,1.000,25.45,305.45,1,0,,"2025-08-10 14:37:01","2025-08-10 14:37:01"
1465,2025-07-06,,18,1,"kahve sandviç",354.00,1.000,32.18,386.18,1,0,,"2025-08-10 14:38:22","2025-08-10 14:38:22"
1466,2025-07-04,,2,1,"öğlen yemeği.",290.00,1.000,26.36,316.36,1,0,,"2025-08-10 14:39:21","2025-08-10 14:39:21"
1467,2025-07-28,,18,1,Limonata,130.00,1.000,11.82,141.82,1,0,,"2025-08-10 14:45:16","2025-08-10 14:45:16"
1468,2025-07-31,,13,1,,60.00,1.000,0.00,60.00,1,0,,"2025-08-10 14:46:06","2025-08-10 14:46:06"
1469,2025-08-03,,13,1,,40.00,1.000,0.00,40.00,1,0,,"2025-08-10 14:46:49","2025-08-10 14:46:49"
1470,2025-07-28,,1,1,"50.23lt x 51.53₺",2588.35,1.000,431.39,3019.74,1,0,,"2025-08-10 14:48:34","2025-08-10 14:48:34"
1471,2025-07-07,,13,1,,120.00,1.000,20.00,140.00,1,0,,"2025-08-10 14:49:47","2025-08-10 14:49:47"
1472,2025-07-15,,2,1,"kahve sandviç",230.00,1.000,8.76,238.76,1,0,,"2025-08-10 14:51:25","2025-08-10 14:51:25"
1473,2025-07-06,,13,1,,100.00,1.000,16.67,116.67,1,0,,"2025-08-10 14:53:04","2025-08-10 14:53:04"
1474,2025-07-22,,13,1,,260.00,1.000,43.33,303.33,1,0,,"2025-08-10 14:53:47","2025-08-10 14:53:47"
1475,2025-07-11,,2,1,yemek,215.00,1.000,19.55,234.55,1,0,,"2025-08-10 14:54:42","2025-08-10 14:54:42"
1476,2025-07-01,,13,1,,60.00,1.000,0.00,60.00,1,0,,"2025-08-10 14:55:37","2025-08-10 14:55:37"
1477,2025-07-03,,18,1,limonata,140.00,1.000,12.73,152.73,1,0,,"2025-08-10 14:57:00","2025-08-10 14:57:00"
1478,2025-07-06,,2,1,"Tuğçe ile tost ayran.",395.00,1.000,35.91,430.91,1,0,,"2025-08-10 14:58:16","2025-08-10 14:58:16"
1479,2025-07-03,,1,1,"49.3lt x 51.32₺",2530.00,1.000,421.67,2951.67,1,0,,"2025-08-10 14:59:53","2025-08-10 14:59:53"
1480,2025-07-03,,1,1,,101.10,1.000,16.85,117.95,1,0,,"2025-08-10 15:01:02","2025-08-10 15:01:02"
1481,2025-07-25,,13,1,,150.00,1.000,25.00,175.00,1,0,,"2025-08-10 15:02:04","2025-08-10 15:02:04"
1482,2025-07-19,,18,1,Kahve,170.00,1.000,15.45,185.45,1,0,,"2025-08-10 15:04:14","2025-08-10 15:04:14"
1483,2025-07-24,,22,1,"Boxer ve kot pantolon",858.00,1.000,0.00,858.00,0,0,,"2025-08-10 15:05:18","2025-08-10 15:05:18"
1484,2025-07-19,,22,1,"Tuğçe ile şapka vs.",700.00,1.000,0.00,700.00,0,0,,"2025-08-10 15:06:13","2025-08-10 15:06:13"
1485,2025-07-23,,8,1,"abur cubur.",102.00,1.000,0.00,102.00,0,0,,"2025-08-10 15:06:57","2025-08-10 15:06:57"
1486,2025-07-18,,8,1,"Abur cubur.",220.00,1.000,0.00,220.00,0,0,,"2025-08-10 15:07:29","2025-08-10 15:07:29"
1487,2025-07-17,,2,1,"çiğ köfte ayran.",110.00,1.000,10.00,120.00,1,0,,"2025-08-10 15:08:18","2025-08-10 15:08:18"
1488,2025-07-02,,2,1,yemek.,315.00,1.000,28.64,343.64,1,0,,"2025-08-10 15:08:54","2025-08-10 15:08:54"
1489,2025-07-02,,18,1,kahve.,100.00,1.000,9.09,109.09,1,0,,"2025-08-10 15:09:37","2025-08-10 15:09:37"
1490,2025-07-31,,2,1,"yemek içecek.",250.00,1.000,22.73,272.73,1,0,,"2025-08-10 15:10:24","2025-08-10 15:10:24"
1491,2025-07-29,,8,1,"abur cubur.",116.50,1.000,0.00,116.50,0,0,,"2025-08-10 15:11:07","2025-08-10 15:11:07"
1492,2025-07-17,,2,1,"Kahve çay",215.00,1.000,19.55,234.55,1,0,,"2025-08-10 15:12:06","2025-08-10 15:12:06"
1493,2025-07-29,,13,1,,120.00,1.000,20.00,140.00,1,0,,"2025-08-10 15:12:45","2025-08-10 15:12:45"
1494,2025-07-29,,2,1,"Öğle yemeği",350.00,1.000,31.82,381.82,1,0,,"2025-08-10 15:13:24","2025-08-10 15:13:24"
1495,2025-07-29,,13,1,,200.00,1.000,33.33,233.33,1,0,,"2025-08-10 15:13:57","2025-08-10 15:13:57"
1496,2025-07-17,,2,1,"pilav tavuk.",200.00,1.000,18.18,218.18,1,0,,"2025-08-10 15:14:48","2025-08-10 15:14:48"
1497,2025-07-17,,2,1,"pilav tavuk",260.00,1.000,23.64,283.64,1,0,,"2025-08-10 15:15:31","2025-08-10 15:15:31"
1498,2025-07-06,,2,1,Yemek,1310.00,1.000,119.09,1429.09,1,0,,"2025-08-10 15:16:39","2025-08-10 15:16:39"
1499,2025-08-09,,17,1,"2 bira.",370.00,1.000,0.00,370.00,0,0,,"2025-08-10 15:17:10","2025-08-10 15:17:10"
1500,2025-08-10,,2,1,"Tuğçe ile dondurma",90.00,1.000,0.00,90.00,0,0,,"2025-08-11 08:52:27","2025-08-11 08:52:27"
1501,2025-08-10,,17,1,"5 bira",590.00,1.000,0.00,590.00,0,0,,"2025-08-11 08:53:39","2025-08-11 08:53:39"
1502,2025-08-12,,8,1,"Çiğ köfte dürüm ayran",110.00,1.000,10.00,120.00,1,0,,"2025-08-11 21:42:29","2025-08-11 21:42:29"
1503,2025-08-12,,13,1,,50.00,1.000,0.00,50.00,1,0,,"2025-08-11 22:03:10","2025-08-11 22:03:10"
1504,2025-08-13,,1,1,"49,68lt x 51,73₺",2569.95,1.000,428.32,2998.27,1,0,,"2025-08-13 09:51:59","2025-08-13 09:51:59"
1505,2025-08-12,,21,1,"olta malzemeleri çay kahve.",280.00,1.000,0.00,280.00,0,0,,"2025-08-13 09:54:06","2025-08-13 09:54:06"
1506,2025-08-11,,17,1,"3 bira.",555.00,1.000,0.00,555.00,0,0,,"2025-08-13 09:55:54","2025-08-13 09:55:54"
1507,2025-08-12,,13,1,,120.00,1.000,20.00,140.00,1,0,,"2025-08-13 09:56:32","2025-08-13 09:56:32"
1508,2025-08-12,,2,1,"Makarna ve limonata",260.00,1.000,23.64,283.64,1,0,,"2025-08-13 09:57:27","2025-08-13 09:57:27"
1509,2025-08-12,,8,1,"abur cubur",66.00,1.000,0.00,66.00,0,0,,"2025-08-13 09:58:39","2025-08-13 09:58:39"
1510,2025-08-12,,28,1,"Esra ve İbo için elektrik malzemeleri.",380.00,1.000,0.00,380.00,0,0,,"2025-08-13 09:59:42","2025-08-13 09:59:42"
1511,2025-08-13,,16,1,,900.00,1.000,0.00,900.00,0,0,,"2025-08-13 16:37:32","2025-08-13 16:37:32"
1512,2025-08-13,,21,1,"Tuğçe için 100 kendim için 300 lira.",400.00,1.000,0.00,400.00,0,0,,"2025-08-14 10:46:28","2025-08-14 10:46:28"
1513,2025-08-14,,17,1,"1 bira",185.00,1.000,0.00,185.00,0,0,,"2025-08-14 19:45:55","2025-08-14 19:45:55"
1514,2025-08-16,,21,1,"çay kahve.",80.00,1.000,0.00,80.00,0,0,,"2025-08-16 19:32:33","2025-08-16 19:32:33"
1515,2025-08-16,,8,1,"Market alışverişi.",3117.15,1.000,0.00,3117.15,0,0,,"2025-08-16 19:32:52","2025-08-16 19:32:52"
1516,2025-08-15,,2,1,"Tuğçe ile yemek.",650.00,1.000,59.09,709.09,1,0,,"2025-08-16 19:36:33","2025-08-16 19:36:33"
1517,2025-08-18,,17,1,"1 bira.",170.00,1.000,0.00,170.00,0,0,,"2025-08-21 11:07:51","2025-08-21 11:07:51"
1518,2025-08-20,,8,1,aburcubur.,107.00,1.000,0.00,107.00,0,0,,"2025-08-21 11:08:11","2025-08-21 11:08:11"
1519,2025-08-18,,8,1,"abur cubur.",130.00,1.000,0.00,130.00,0,0,,"2025-08-21 11:08:51","2025-08-21 11:08:51"
1520,2025-08-17,,8,1,"abur cubur.",199.95,1.000,0.00,199.95,0,0,,"2025-08-21 11:09:24","2025-08-21 11:09:24"
1521,2025-08-19,,17,1,"Beril ile 2 bira sohbet.",370.00,1.000,0.00,370.00,0,0,,"2025-08-21 11:11:42","2025-08-21 11:11:42"
1522,2025-08-20,,8,1,"gong çikolata nane şekeri.",175.00,1.000,0.00,175.00,0,0,,"2025-08-21 11:13:36","2025-08-21 11:13:36"
1523,2025-08-21,,2,1,"Kahvaltılık sandviç",175.00,1.000,0.00,175.00,0,0,,"2025-08-21 16:08:12","2025-08-21 16:08:12"
1524,2025-08-19,,15,1,Bahşiş,60.00,1.000,0.00,60.00,0,0,,"2025-08-21 16:47:51","2025-08-21 16:47:51"
1525,2025-08-22,,2,1,"Pilav ayran",125.00,1.000,0.00,125.00,0,0,,"2025-08-22 16:08:27","2025-08-22 16:08:27"
1526,2025-08-22,,8,1,"Market alışverişi",317.20,1.000,0.00,317.20,0,0,,"2025-08-22 16:09:57","2025-08-22 16:09:57"
1527,2025-08-22,,13,1,"Araç yıkama",700.00,1.000,0.00,700.00,0,0,,"2025-08-22 16:17:12","2025-08-22 16:17:12"
1528,2025-09-04,,24,1,"Su faturası.",172.00,1.000,0.00,172.00,0,0,,"2025-08-23 14:55:58","2025-12-29 15:21:57"
1529,2025-08-19,,13,1,otopark.,200.00,1.000,33.33,233.33,1,0,,"2025-08-23 14:56:34","2025-08-23 14:56:34"
1530,2025-08-18,,2,1,"pilav ayran.",150.00,1.000,13.64,163.64,1,0,,"2025-08-23 14:57:19","2025-08-23 14:57:19"
1531,2025-08-14,,13,1,,30.00,1.000,0.00,30.00,0,0,,"2025-08-23 14:57:49","2025-08-23 14:57:49"
1532,2025-08-20,,13,1,,60.00,1.000,0.00,60.00,1,0,,"2025-08-23 14:58:11","2025-08-23 14:58:11"
1533,2025-08-15,,2,1,"Tuğçe ile sandviç kahve çikolata.",595.00,1.000,0.00,595.00,0,0,,"2025-08-23 14:59:22","2025-08-23 14:59:22"
1534,2025-08-15,,2,1,"Melike Öztürk ile çorba tatlı.",600.00,1.000,54.55,654.55,1,0,,"2025-08-23 15:00:26","2025-08-23 15:00:26"
1535,2025-08-18,,1,1,"51,15lt x 51,42₺",2630.00,1.000,438.33,3068.33,1,0,,"2025-08-23 15:01:16","2025-08-23 15:01:16"
1536,2025-08-21,,13,1,otopark.,40.00,1.000,6.67,46.67,1,0,,"2025-08-23 15:01:55","2025-08-23 15:01:55"
1537,2025-08-23,,2,1,"Babamlarla çorba burger.",400.00,1.000,36.36,436.36,1,0,,"2025-08-23 15:02:38","2025-08-23 15:02:38"
1538,2025-08-17,,2,1,"Yeşim için doğum günü pastası.",850.00,1.000,77.27,927.27,1,0,,"2025-08-23 15:03:20","2025-08-23 15:03:20"
1539,2025-08-14,,2,1,"Tuğçe ile ıslak hamburger.",760.00,1.000,69.09,829.09,1,0,,"2025-08-23 15:03:58","2025-08-23 15:03:58"
1540,2025-08-02,,18,1,"Sandviç ve kahve.",619.00,1.000,56.27,675.27,1,0,,"2025-08-23 15:04:53","2025-08-23 15:04:53"
1541,2025-08-19,,2,1,"Tango çıkışı yemek.",780.00,1.000,70.91,850.91,1,0,,"2025-08-23 15:05:49","2025-08-23 15:05:49"
1542,2025-08-15,,25,1,"MacBook Pro yeni",139999.00,1.000,23333.17,163332.17,1,0,,"2025-08-24 11:04:38","2025-09-11 13:30:50"
1543,2025-08-26,,16,1,"Günlük yatırım.",2150.00,1.000,0.00,2150.00,0,0,,"2025-08-26 08:13:05","2025-08-26 08:13:05"
1544,2025-08-26,,16,1,prim.,7736.63,1.000,0.00,7736.63,1,0,,"2025-08-26 08:13:33","2025-08-26 08:13:51"
1545,2025-08-26,,20,1,"Geçici vergi.",698.10,1.000,0.00,698.10,1,0,,"2025-08-26 08:14:21","2025-08-26 08:14:21"
1546,2025-08-26,,24,1,"Muhasebe ödemesi.",1943.70,1.000,443.70,2387.40,1,0,,"2025-08-26 08:54:49","2025-08-26 08:58:36"
1547,2025-07-28,,16,1,"Bağkur ödemesi.",7736.63,1.000,0.00,7736.63,1,0,,"2025-08-26 08:56:44","2025-11-26 13:34:13"
1548,2025-07-28,,24,1,"Muhasebe ödemesi.",1943.70,1.000,443.70,2387.40,1,0,,"2025-08-26 08:57:10","2025-08-26 08:58:28"
1549,2025-08-25,,1,1,"50,11 lt x 51,89₺",2600.21,1.000,433.37,3033.58,1,0,,"2025-08-26 09:13:39","2025-08-26 09:13:39"
1550,2025-08-24,,13,1,otopark,40.00,1.000,0.00,40.00,1,0,,"2025-08-26 09:14:20","2025-08-26 09:14:20"
1551,2025-08-28,,2,1,"Üçgen sandviç",120.00,1.000,0.00,120.00,0,0,,"2025-08-28 11:22:24","2025-08-28 11:22:24"
1552,2025-08-27,,17,1,"1 bira",185.00,1.000,0.00,185.00,0,0,,"2025-08-28 11:22:58","2025-08-28 11:22:58"
1553,2025-08-27,,17,1,"2 bira bir cips.",250.00,1.000,0.00,250.00,0,0,,"2025-08-28 11:23:32","2025-08-28 11:23:32"
1554,2025-08-28,,9,1,"2 dergi",220.00,1.000,0.00,220.00,0,0,,"2025-08-28 12:05:11","2025-08-28 12:05:26"
1555,2025-08-28,,2,1,"Öğlen yemeği",290.00,1.000,26.36,316.36,1,0,,"2025-08-28 12:06:18","2025-08-28 12:06:18"
1556,2025-09-01,,16,1,"Günlük yatırım ve 1000TL WLFI yatırımı",2500.00,1.000,0.00,2500.00,0,0,,"2025-09-01 13:11:06","2025-09-01 13:11:06"
1557,2025-08-26,,16,1,"kenara koymalık 48,00 liradan 200 EURO",9600.00,1.000,0.00,9600.00,0,0,,"2025-09-01 13:24:59","2025-09-01 13:24:59"
1558,2025-09-05,,26,1,"Nazlı için çiçek.",689.99,1.000,0.00,689.99,0,0,,"2025-09-05 14:05:08","2025-09-05 14:05:08"
1559,2025-09-05,,9,1,Dergi.,130.00,1.000,0.00,130.00,0,0,,"2025-09-05 14:05:47","2025-09-05 14:05:47"
1560,2025-09-03,,17,1,"1 bira",185.00,1.000,0.00,185.00,0,0,,"2025-09-05 14:06:20","2025-09-05 14:06:20"
1561,2025-09-01,,17,1,"4 bira.",390.00,1.000,0.00,390.00,0,0,,"2025-09-05 14:07:06","2025-09-05 14:07:06"
1562,2025-09-01,,17,1,"1 bira.",185.00,1.000,0.00,185.00,0,0,,"2025-09-05 14:07:24","2025-09-05 14:07:24"
1563,2025-09-05,,24,1,"Youtube Premium",165.78,1.000,0.00,165.78,0,0,,"2025-09-05 14:09:21","2025-09-05 14:09:21"
1564,2025-09-04,,24,1,"elektrik faturası",323.00,1.000,0.00,323.00,0,0,,"2025-09-05 14:09:48","2025-09-05 14:09:48"
1566,2025-08-21,,24,1,"Netflix abonelik ücreti.",379.99,1.000,0.00,379.99,0,0,,"2025-09-05 14:12:37","2025-12-29 14:04:55"
1567,2025-08-21,,24,1,"Cep faturası.",766.50,1.000,0.00,766.50,1,0,,"2025-09-05 14:18:24","2025-09-05 14:18:24"
1568,2025-08-21,,16,1,"dolar yatırım.",2048.80,1.000,0.00,2048.80,0,0,,"2025-09-05 14:20:28","2025-09-05 14:20:28"
1569,2025-08-15,,16,1,"BES yatırım.",2000.00,1.000,0.00,2000.00,0,0,,"2025-09-05 14:23:10","2025-09-05 14:23:10"
1570,2025-08-16,,24,1,"2tb üyelik.",249.99,1.000,0.00,249.99,0,0,,"2025-09-05 14:29:20","2025-09-05 14:29:20"
1571,2025-08-16,,24,1,"Amazon Prime üyeliği.",49.90,1.000,0.00,49.90,0,0,,"2025-09-05 14:31:47","2025-12-29 13:55:18"
1572,2025-09-05,,17,1,"6 bira",590.00,1.000,0.00,590.00,0,0,,"2025-09-06 10:37:39","2025-09-06 10:37:39"
1573,2025-09-06,,8,1,"Abur cubur",249.00,1.000,0.00,249.00,0,0,,"2025-09-06 12:55:02","2025-09-06 12:55:02"
1574,2025-09-07,,16,1,"Günlük yatırım",2000.00,1.000,0.00,2000.00,0,0,,"2025-09-07 07:18:42","2025-09-07 07:18:42"
1575,2025-08-31,,1,1,"44,69lt x 53,11₺",2373.49,1.000,395.58,2769.07,1,0,,"2025-09-07 08:25:17","2025-09-07 08:25:17"
1576,2025-09-06,,1,1,"40,94lt x 53,20₺",2178.01,1.000,363.00,2541.01,1,0,,"2025-09-07 08:29:00","2025-09-07 08:29:00"
1577,2025-08-31,,9,1,"5 Yıldızlı Atkı",299.99,1.000,0.00,299.99,0,0,,"2025-09-07 08:29:49","2025-09-07 08:29:49"
1578,2025-08-31,,2,1,Kahvaltılık,165.00,1.000,15.00,180.00,1,0,,"2025-09-07 08:30:37","2025-09-07 08:30:37"
1579,2025-08-31,,13,1,,50.00,1.000,0.00,50.00,1,0,,"2025-09-07 08:31:07","2025-09-07 08:31:07"
1580,2025-08-29,,26,1,"Nazlı ile cin ve market alışverişi.",1283.35,1.000,0.00,1283.35,0,0,,"2025-09-07 08:32:32","2025-09-07 08:32:32"
1581,2025-09-08,,18,1,"1 amerikano",165.00,1.000,15.00,180.00,1,0,,"2025-09-08 08:18:35","2025-09-08 08:18:35"
1582,2025-08-28,,2,1,"öğle yemeği.",290.00,1.000,26.36,316.36,1,0,,"2025-09-08 08:20:15","2025-09-08 08:20:15"
1583,2025-08-28,,13,1,,30.00,1.000,0.00,30.00,1,0,,"2025-09-08 08:21:16","2025-09-08 08:21:16"
1584,2025-08-26,,18,1,"Nazlı ile kahve.",338.00,1.000,30.73,368.73,1,0,,"2025-09-08 08:26:02","2025-09-08 08:26:02"
1585,2025-08-30,,2,1,"sandviç ve kahve.",360.00,1.000,32.73,392.73,1,0,,"2025-09-08 08:27:04","2025-09-08 08:27:04"
1586,2025-08-30,,2,1,"sandviç ve kahve.",295.00,1.000,26.82,321.82,1,0,,"2025-09-08 08:28:07","2025-09-08 08:28:07"
1587,2025-08-28,,18,1,"Nazlı ile kahve.",230.00,1.000,20.91,250.91,1,0,,"2025-09-08 08:29:04","2025-09-08 08:29:04"
1588,2025-08-29,,2,1,"Akşam yemeği.",1085.00,1.000,98.64,1183.64,1,0,,"2025-09-08 08:30:21","2025-09-08 08:30:21"
1589,2025-09-07,,18,1,"Nazlı ile kahve sandviç",499.00,1.000,45.36,544.36,1,0,,"2025-09-08 08:31:15","2025-09-08 08:31:15"
1590,2025-09-06,,2,1,"Beril ile gece yemek.",645.00,1.000,58.64,703.64,1,0,,"2025-09-08 08:33:18","2025-09-08 08:33:18"
1591,2025-08-26,,9,1,"Z Raporu dergisi.",100.00,1.000,0.00,100.00,0,0,,"2025-09-08 08:36:25","2025-09-08 08:36:25"
1592,2025-08-26,,8,1,"Abur cubur.",119.59,1.000,0.00,119.59,0,0,,"2025-09-08 08:36:52","2025-09-08 08:36:52"
1593,2025-08-12,,8,1,"Bahçe lambası avokado vs.",310.68,1.000,0.00,310.68,0,0,,"2025-09-08 08:40:02","2025-09-08 08:40:02"
1594,2025-08-23,,2,1,"Nazlı ile yemek",1275.00,1.000,115.91,1390.91,1,0,,"2025-09-08 08:41:02","2025-09-08 08:41:02"
1595,2025-08-26,,2,1,Yemek.,190.00,1.000,17.27,207.27,1,0,,"2025-09-08 08:42:27","2025-09-08 08:42:27"
1596,2025-08-24,,2,1,"Tuğçe ile son yemek.",1270.00,1.000,115.45,1385.45,1,0,,"2025-09-08 08:43:28","2025-09-08 08:43:28"
1597,2025-08-24,,2,1,"Nazlı ile gece çiğ köfte.",150.00,1.000,13.64,163.64,1,0,,"2025-09-08 08:44:17","2025-09-08 08:44:17"
1598,2025-09-03,,2,1,"kardeşlerimle atıştırmalık",220.00,1.000,20.00,240.00,1,0,,"2025-09-08 08:54:29","2025-09-08 08:54:29"
1599,2025-09-03,,13,1,,40.00,1.000,0.00,40.00,1,0,,"2025-09-08 08:55:02","2025-09-08 08:55:02"
1600,2025-09-01,,2,1,"Nazlı ile yemek.",710.00,1.000,64.55,774.55,1,0,,"2025-09-08 08:56:03","2025-09-08 08:56:03"
1601,2025-09-04,,2,1,"Nazlı ile yemek.",540.00,1.000,49.09,589.09,1,0,,"2025-09-08 08:57:26","2025-09-08 08:57:26"
1602,2025-09-06,,2,1,"Nazlı ile akşam yemeği.",695.00,1.000,63.18,758.18,1,0,,"2025-09-08 08:58:18","2025-09-08 08:58:18"
1603,2025-09-08,,20,1,"Trafik cezası.",744.75,1.000,0.00,744.75,0,0,,"2025-09-08 12:51:38","2025-09-08 12:51:38"
1604,2025-09-11,,2,1,"Ofiste öğle yemeği köfte",300.00,1.000,27.27,327.27,1,0,,"2025-09-11 12:43:39","2025-09-11 12:43:39"
1605,2025-09-11,,21,1,"2 saatlik ders ve kort ücreti.",1260.00,1.000,0.00,1260.00,0,0,,"2025-09-12 00:52:32","2025-09-12 00:52:32"
1606,2025-09-12,,16,1,"Otomatik alım",2000.00,1.000,0.00,2000.00,0,0,,"2025-09-12 00:53:05","2025-09-12 00:53:05"
1607,2025-09-11,,1,1,"Mustafa’nın arabası için elektrik şarj",581.41,1.000,0.00,581.41,0,0,,"2025-09-14 11:53:13","2025-09-14 11:53:13"
1608,2025-09-13,,17,1,"Baron barda Yeşimlerle eğlence herkese Shot ve kendime 3 bira",2375.00,1.000,0.00,2375.00,0,0,,"2025-09-14 11:54:22","2025-09-14 11:54:22"
1609,2025-09-13,,18,1,"Elif Çınar ile tanışma",240.00,1.000,0.00,240.00,0,0,,"2025-09-14 11:55:29","2025-09-14 11:55:29"
1610,2025-09-13,,1,1,"47,82lt x 52,91₺",2530.00,1.000,421.67,2951.67,1,0,,"2025-09-14 12:00:18","2025-09-14 12:00:18"
1611,2025-09-13,,2,1,"Babamların yediği yemek fişi.",320.00,1.000,29.09,349.09,1,0,,"2025-09-14 12:01:11","2025-09-14 12:01:11"
1612,2025-09-13,,2,1,"Babamların yediği yemeğin masraf düşümü.",-320.00,1.000,0.00,-320.00,1,0,,"2025-09-14 12:01:51","2025-09-14 12:01:51"
1613,2025-09-15,,18,1,"Ice amerikano.",130.00,1.000,11.82,141.82,1,0,,"2025-09-15 09:41:20","2025-09-15 09:41:20"
1614,2025-09-09,,17,1,"4lü bira ve haribo",417.95,1.000,0.00,417.95,0,0,,"2025-09-15 09:44:12","2025-09-15 09:44:12"
1615,2025-09-15,,2,1,"Kahvaltılık sandviç ve kahve.",245.00,1.000,10.13,255.13,1,0,,"2025-09-15 09:47:36","2025-09-15 09:47:36"
1616,2025-09-14,,2,1,"Tombik Et Döner",360.00,1.000,3.56,363.56,1,0,,"2025-09-15 09:49:13","2025-09-15 09:49:13"
1617,2025-09-10,,2,1,yiyecek,420.00,1.000,38.18,458.18,1,0,,"2025-09-15 09:50:46","2025-09-15 09:50:46"
1618,2025-09-09,,2,1,"Nazlı ile yemek",595.00,1.000,54.09,649.09,1,0,,"2025-09-15 09:52:11","2025-09-15 09:52:11"
1619,2025-09-14,,28,1,"Macitten kağıt bant.",50.00,1.000,0.00,50.00,0,0,,"2025-09-15 09:53:28","2025-09-15 09:53:28"
1620,2025-09-14,,2,1,"3 poğaça",45.00,1.000,0.00,45.00,0,0,,"2025-09-15 09:54:00","2025-09-15 09:54:00"
1621,2025-09-09,,8,1,"Nazlı ile market alışverişi.",473.05,1.000,0.00,473.05,0,0,,"2025-09-15 10:06:45","2025-09-15 10:06:45"
1622,2025-09-08,,2,1,"çiğ köfte dürüm",135.00,1.000,12.27,147.27,1,0,,"2025-09-15 10:07:28","2025-09-15 10:07:28"
1623,2025-09-15,,8,1,"abur cubur.",90.00,1.000,0.00,90.00,0,0,,"2025-09-16 08:58:04","2025-09-16 08:58:04"
1624,2025-09-16,,2,1,"kahvaltılık 3 poğaça",45.00,1.000,0.00,45.00,0,0,,"2025-09-16 08:58:27","2025-09-16 08:58:27"
1625,2025-09-16,,16,1,"Otomatik yatırım",2000.00,1.000,0.00,2000.00,0,0,,"2025-09-16 13:57:05","2025-09-16 13:57:05"
1626,2025-09-20,,27,1,"Datafili için 6 aylık VDS kiralama",4128.00,1.000,688.00,4816.00,1,0,,"2025-09-20 09:37:12","2025-09-20 09:37:12"
1627,2025-09-19,,26,1,"Nazlı ile doğum günü için Jigger Roof Barda birer kokteyl.",2035.00,1.000,0.00,2035.00,0,0,,"2025-09-20 09:55:53","2025-09-20 09:55:53"
1628,2025-09-19,,22,1,"Beyaz USPolo ayakkabı ve beyazlatıcı köpük.",2304.98,1.000,0.00,2304.98,0,0,,"2025-09-20 09:57:10","2025-09-20 09:57:10"
1629,2025-09-19,,26,1,"Nazlı için doğum günü hediyesi kaban ve kolye.",2561.98,1.000,0.00,2561.98,0,0,,"2025-09-20 09:58:01","2025-09-20 09:58:01"
1630,2025-09-20,,2,1,"Pilav üstü tavuk.",200.00,1.000,18.18,218.18,1,0,,"2025-09-20 12:13:49","2025-09-20 12:13:49"
1631,2025-09-30,,23,1,"Nazlı ile Abant'ta tek gece konaklama.",4200.00,1.000,375.00,4575.00,1,0,,"2025-09-20 12:15:00","2025-10-09 15:04:42"
1632,2025-09-17,,2,1,"Tavuk ayran.",150.00,1.000,1.49,151.49,1,0,,"2025-09-20 12:15:58","2025-09-20 12:15:58"
1633,2025-09-11,,2,1,"3 poğaça.",45.00,1.000,4.09,49.09,1,0,,"2025-09-20 12:17:12","2025-09-20 12:17:29"
1634,2025-09-16,,2,1,"Öğlen yemeği",325.00,1.000,29.55,354.55,1,0,,"2025-09-20 12:18:06","2025-09-20 12:18:06"
1635,2025-09-20,,18,1,su,17.50,1.000,0.00,17.50,0,0,,"2025-09-20 12:18:41","2025-09-20 12:18:41"
1636,2025-09-17,,2,1,"simit poğaça meyve suyu.",90.00,1.000,8.18,98.18,1,0,,"2025-09-20 12:19:31","2025-09-20 12:19:31"
1637,2025-09-19,,2,1,"Kahvaltılık simit su.",345.00,1.000,3.42,348.42,1,0,,"2025-09-20 12:20:49","2025-09-20 12:20:49"
1638,2025-09-20,,2,1,"Nazlı ile kahve ve latte.",355.00,1.000,32.27,387.27,1,0,,"2025-09-20 12:22:48","2025-09-20 12:22:48"
1639,2025-09-16,,9,1,"FullMetal Alchemist serisinden 14 kitap.",770.00,1.000,0.00,770.00,0,0,,"2025-09-20 12:25:14","2025-09-20 12:25:25"
1640,2025-09-16,,8,1,"Stanley Termos, tava ve market alışverişi.",2484.10,1.000,0.00,2484.10,0,0,,"2025-09-20 12:27:47","2025-09-20 12:27:47"
1641,2025-09-16,,17,1,"4lü 2 adet 8 bira.",759.90,1.000,0.00,759.90,0,0,,"2025-09-20 12:28:47","2025-09-20 12:28:47"
1642,2025-09-24,,16,1,"otomatik yatırım.",2000.00,1.000,0.00,2000.00,0,0,,"2025-09-24 14:57:08","2025-09-24 14:57:08"
1643,2025-09-24,,2,1,"Ofiste öğle yemeği.",600.00,1.000,54.55,654.55,1,0,,"2025-09-24 14:57:44","2025-09-24 14:57:44"
1644,2025-09-24,,2,1,"Kahvaltılık sandviç ve meyvesuyu.",70.00,1.000,6.36,76.36,1,0,,"2025-09-24 14:58:38","2025-09-24 14:58:38"
1645,2025-10-01,,27,1,"5 yıllık hanedan1453.com.tr adresinin alış bedeli.",2801.80,1.000,466.97,3268.77,1,0,,"2025-10-01 12:27:51","2025-10-09 15:21:03"
1646,2025-10-02,,17,1,"2 bira",270.00,1.000,0.00,270.00,0,0,,"2025-10-03 10:52:11","2025-10-03 10:52:11"
1647,2025-10-03,,20,1,"79km/s hız cezası. Emre'yi fabrikaya bırakırken.",1625.25,1.000,0.00,1625.25,0,0,,"2025-10-03 20:41:21","2025-10-03 20:41:21"
1648,2025-10-03,,16,1,"Otomatik yatırım.",2000.00,1.000,0.00,2000.00,0,0,,"2025-10-03 20:43:14","2025-10-03 20:43:14"
1649,2025-09-28,,17,1,"4 şişe şarap",2100.00,1.000,0.00,2100.00,0,0,,"2025-10-04 15:45:40","2025-10-04 15:45:40"
1650,2025-10-06,,27,1,"4 adet vesikalık foto",350.00,1.000,58.33,408.33,1,0,,"2025-10-06 09:05:54","2025-10-06 09:05:54"
1651,2025-10-05,,2,1,"çiğ köfte ayran.",140.00,1.000,12.73,152.73,1,0,,"2025-10-06 09:15:02","2025-10-06 09:15:02"
1652,2025-09-22,,2,1,yiyecek.,220.00,1.000,20.00,240.00,1,0,,"2025-10-06 09:16:10","2025-10-06 09:16:10"
1653,2025-10-04,,18,1,"Yeşimlerle 4 çay.",160.00,1.000,14.55,174.55,1,0,,"2025-10-06 09:24:04","2025-10-06 09:24:04"
1654,2025-10-01,,2,1,yemek,269.00,1.000,24.45,293.45,1,0,,"2025-10-06 09:25:15","2025-10-06 09:25:15"
1655,2025-09-21,,9,1,"Death Note kitapları",260.00,1.000,0.00,260.00,0,0,,"2025-10-06 09:27:40","2025-10-06 09:27:40"
1656,2025-09-21,,8,1,"Bolu Özdilek'te alışveriş abur cubur.",310.00,1.000,0.00,310.00,0,0,,"2025-10-06 09:30:26","2025-10-06 09:30:26"
1657,2025-10-05,,2,1,"tantuni ayran.",225.00,1.000,20.45,245.45,1,0,,"2025-10-06 09:34:46","2025-10-06 09:34:46"
1658,2025-10-02,,2,1,"kahvaltılık sandviç",220.00,1.000,0.00,220.00,0,0,,"2025-10-06 10:18:44","2025-10-06 10:18:44"
1659,2025-10-07,,1,1,"45,49lt x 53,65₺",2440.54,1.000,406.76,2847.30,1,0,,"2025-10-08 08:34:46","2025-10-08 08:34:46"
1660,2025-09-26,,2,1,yiyecek.,450.00,1.000,40.91,490.91,1,0,,"2025-10-08 08:39:25","2025-10-08 08:39:25"
1661,2025-09-26,,2,1,yiyecek.,400.00,1.000,36.36,436.36,1,0,,"2025-10-08 08:40:20","2025-10-08 08:40:20"
1662,2025-09-25,,2,1,"Kahve ve sandviç",585.00,1.000,53.18,638.18,1,0,,"2025-10-08 08:41:07","2025-10-08 08:41:07"
1663,2025-10-08,,16,1,,2000.00,1.000,0.00,2000.00,0,0,,"2025-10-08 09:41:04","2025-10-08 09:41:37"
1664,2025-10-08,,8,1,"market alışverişi",1231.66,1.000,0.00,1231.66,0,0,,"2025-10-08 09:57:57","2025-10-08 09:57:57"
1665,2025-10-08,,2,1,"100gr tavuk dürüm",210.00,1.000,19.09,229.09,1,0,,"2025-10-08 16:54:41","2025-10-08 16:54:41"
1666,2025-10-07,,9,1,"koleksiyonluk kitap",601.00,1.000,0.00,601.00,1,0,,"2025-10-08 16:56:28","2025-10-08 16:56:28"
1667,2025-10-09,,2,1,"Öğlen yemeği sriracha ve sade soda",350.00,1.000,31.82,381.82,1,0,,"2025-10-09 12:58:12","2025-10-09 12:58:12"
1668,2025-09-21,,22,1,"Kemer çift taraflı mavi.",399.99,1.000,0.00,399.99,0,0,,"2025-10-09 13:00:00","2025-10-09 13:00:00"
1669,2025-10-05,,9,1,"TDK kitapları koleksiyonluk.",1485.00,1.000,0.00,1485.00,0,0,,"2025-10-09 13:01:04","2025-10-09 13:01:04"
1670,2025-09-27,,2,1,dürüm.,180.00,1.000,16.36,196.36,1,0,,"2025-10-09 13:02:13","2025-10-09 13:02:13"
1671,2025-09-29,,2,1,"muhtelif gıda",195.00,1.000,1.93,196.93,1,0,,"2025-10-09 13:03:17","2025-10-09 13:03:17"
1672,2025-09-29,,2,1,"Tantuni ayran",270.00,1.000,24.55,294.55,1,0,,"2025-10-09 13:04:10","2025-10-09 13:04:10"
1673,2025-12-19,,20,1,"A Motor Ehliyeti için kurs ücreti, belge harçları vs.",19000.00,1.000,1727.27,20727.27,1,0,,"2025-10-09 13:05:17","2025-12-29 11:42:10"
1674,2025-10-06,,2,1,"2 pilav üstü tavuk",260.00,1.000,2.57,262.57,1,0,,"2025-10-09 13:06:28","2025-10-09 13:06:28"
1675,2025-09-25,,2,1,Yemek.,540.00,1.000,49.09,589.09,1,0,,"2025-10-09 13:07:43","2025-10-09 13:07:43"
1676,2025-10-01,,12,1,"antidepresan magnezyum melatonin",1425.00,1.000,0.00,1425.00,0,0,,"2025-10-09 13:09:08","2025-10-09 13:09:08"
1677,2025-09-30,,1,1,"46,38lt x 53,48",2480.40,1.000,413.40,2893.80,1,0,,"2025-10-09 13:10:17","2025-10-09 13:10:17"
1678,2025-09-26,,2,1,dondurma,250.00,1.000,22.73,272.73,1,0,,"2025-10-09 13:18:41","2025-10-09 13:18:41"
1679,2025-10-03,,2,1,Dürüm,190.00,1.000,17.27,207.27,1,0,,"2025-10-09 13:19:23","2025-10-09 13:19:23"
1680,2025-09-23,,18,1,"su ve limonata",75.00,1.000,6.82,81.82,1,0,,"2025-10-09 13:20:47","2025-10-09 13:20:47"
1681,2025-10-07,,2,1,yiyecek,205.00,1.000,18.64,223.64,1,0,,"2025-10-09 13:21:33","2025-10-09 13:21:33"
1682,2025-10-01,,18,1,amerikano,130.00,1.000,11.82,141.82,1,0,,"2025-10-09 13:22:15","2025-10-09 13:22:15"
1683,2025-09-28,,2,1,"Akşam yemeği",460.00,1.000,41.82,501.82,1,0,,"2025-10-09 13:24:30","2025-10-09 13:24:30"
1684,2025-09-28,,2,1,"Akşam yemeği",735.00,1.000,66.82,801.82,1,0,,"2025-10-09 13:25:24","2025-10-09 13:25:24"
1685,2025-09-29,,2,1,"Burak ve kendim için akşam yemeği",1040.00,1.000,94.55,1134.55,1,0,,"2025-10-09 13:26:27","2025-10-09 13:26:27"
1686,2025-09-30,,2,1,"Burger çorba",300.00,1.000,27.27,327.27,1,0,,"2025-10-09 13:30:22","2025-10-09 13:30:22"
1687,2025-10-01,,18,1,"Decaf 250gr kahve.",549.00,1.000,49.91,598.91,1,0,,"2025-10-09 13:31:30","2025-10-09 13:31:30"
1688,2025-09-23,,27,1,"6 Aylık Datafili Sunucu kiralama",4128.00,1.000,688.00,4816.00,1,0,,"2025-10-09 15:22:55","2025-10-09 15:22:55"
1689,2025-09-22,,24,1,"Cep Faturası",441.50,1.000,0.00,441.50,1,0,,"2025-10-09 15:32:38","2026-02-16 12:00:08"
1690,2025-10-10,,8,1,"Burak'ın ofise market alışverişi.",206.21,1.000,0.00,206.21,0,0,,"2025-10-10 09:43:31","2025-10-10 09:43:31"
1691,2025-09-30,,9,1,"2 kitap.",120.00,1.000,0.00,120.00,0,0,,"2025-10-10 09:44:30","2025-10-10 09:44:30"
1692,2025-09-30,,8,1,"Abur cubur.",149.11,1.000,0.00,149.11,0,0,,"2025-10-10 09:45:01","2025-10-10 09:45:01"
1693,2025-09-22,,8,1,"Market alışverişi.",1726.89,1.000,0.00,1726.89,0,0,,"2025-10-10 09:46:14","2025-10-10 09:46:25"
1694,2025-09-20,,2,1,"Nazlı ile yemek.",750.00,1.000,68.18,818.18,1,0,,"2025-10-10 09:47:55","2025-10-10 09:47:55"
1695,2025-09-17,,13,1,,50.00,1.000,8.33,58.33,1,0,,"2025-10-10 09:49:19","2025-10-10 09:49:19"
1696,2025-09-20,,1,1,"38,02lt x 52,61₺",2000.23,1.000,333.37,2333.60,1,0,,"2025-10-10 09:51:13","2025-10-10 09:51:13"
1697,2025-09-18,,1,1,"46,77lt x 53,36₺",2495.65,1.000,415.94,2911.59,1,0,,"2025-10-10 09:54:41","2025-10-10 09:54:41"
1698,2025-09-18,,2,1,"Poğaça simit.",35.00,1.000,3.18,38.18,1,0,,"2025-10-10 10:28:06","2025-10-10 10:28:06"
1699,2025-09-20,,2,1,"Çikolata hediye.",870.00,1.000,79.09,949.09,1,0,,"2025-10-10 10:29:16","2025-10-10 10:29:16"
1700,2025-09-09,,2,1,"Yemek limonata.",730.00,1.000,66.36,796.36,1,0,,"2025-10-10 10:29:59","2025-10-10 10:29:59"
1701,2025-09-22,,2,1,"çiğ köfte.",120.00,1.000,10.91,130.91,1,0,,"2025-10-10 10:31:00","2025-10-10 10:31:00"
1702,2025-09-12,,2,1,"Burger çorba",320.00,1.000,29.09,349.09,1,0,,"2025-10-10 10:31:39","2025-10-10 10:31:39"
1703,2025-10-05,,17,1,"Smirnoff north",1140.00,1.000,0.00,1140.00,0,0,,"2025-10-10 10:34:20","2025-10-10 10:34:20"
1704,2025-10-05,,8,1,"Ev alışverişi",1195.20,1.000,0.00,1195.20,0,0,,"2025-10-10 10:35:31","2025-10-10 10:35:31"
1705,2025-10-11,,21,1,"Milonga giriş ücreti",300.00,1.000,0.00,300.00,0,0,,"2025-10-12 09:40:42","2025-10-12 09:40:42"
1706,2025-10-07,,2,1,"Melike ve Nazlı ile oturma.",500.00,1.000,45.45,545.45,1,0,,"2025-10-12 09:41:54","2025-10-12 09:41:54"
1707,2025-09-28,,18,1,"Türk kahvesi",390.00,1.000,35.45,425.45,1,0,,"2025-10-12 09:43:05","2025-10-12 09:43:05"
1708,2025-10-10,,8,1,"Abur cubur",518.58,1.000,0.00,518.58,0,0,,"2025-10-12 09:44:28","2025-10-12 09:44:28"
1709,2025-10-09,,8,1,"market alışverişi",350.30,1.000,0.00,350.30,0,0,,"2025-10-12 09:45:20","2025-10-12 09:45:20"
1710,2025-10-12,,1,1,"47,65lt x 52,47₺",2500.20,1.000,416.70,2916.90,1,0,,"2025-10-12 13:18:43","2025-10-12 13:18:43"
1711,2025-10-13,,28,1,"Babam için kablo.",3600.00,1.000,0.00,3600.00,0,0,,"2025-10-13 10:54:27","2025-10-13 10:54:27"
1712,2025-10-12,,2,1,"Simit kahvaltı ve çay kahve Nazlı ile.",280.00,1.000,52.73,332.73,1,0,,"2025-10-13 10:56:28","2025-10-13 10:56:28"
1713,2025-10-10,,2,1,"Akşam yemeği.",290.00,1.000,26.36,316.36,1,0,,"2025-10-13 10:57:32","2025-10-13 10:57:32"
1714,2025-10-13,,20,1,"ALES3 sınav harcı.",850.00,1.000,0.00,850.00,0,0,,"2025-10-13 12:55:03","2025-10-13 12:55:03"
1715,2025-10-11,,16,1,"Otomatik yatırım.",1500.00,1.000,0.00,1500.00,0,0,,"2025-10-13 12:56:52","2025-10-13 12:56:52"
1716,2025-09-29,,16,1,,2000.00,1.000,0.00,2000.00,0,0,,"2025-10-13 12:57:51","2025-10-13 12:57:51"
1717,2025-09-21,,16,1,,2000.00,1.000,0.00,2000.00,0,0,,"2025-10-13 12:58:42","2025-10-13 12:58:42"
1718,2025-09-03,,16,1,,1600.00,1.000,0.00,1600.00,0,0,,"2025-10-13 12:59:59","2025-10-13 12:59:59"
1719,2025-08-31,,16,1,,2000.00,1.000,0.00,2000.00,0,0,,"2025-10-13 13:01:01","2025-10-13 13:01:01"
1720,2025-08-22,,16,1,,2000.00,1.000,0.00,2000.00,0,0,,"2025-10-13 13:01:51","2025-10-13 13:01:51"
1721,2025-08-16,,16,1,,2000.00,1.000,0.00,2000.00,0,0,,"2025-10-13 13:02:29","2025-10-13 13:02:29"
1722,2025-10-09,,20,1,"Açık Öğretim Sosyoloji harcı.",3120.00,1.000,0.00,3120.00,0,0,,"2025-10-13 13:17:39","2025-10-13 13:17:51"
1723,2025-10-13,,17,1,"2 bira",400.00,1.000,0.00,400.00,0,0,,"2025-10-14 08:57:07","2025-10-14 08:57:07"
1724,2025-10-13,,2,1,"Makarna akşam yemeği",200.00,1.000,18.18,218.18,1,0,,"2025-10-14 08:57:59","2025-10-14 08:57:59"
1725,2025-09-15,,2,1,"Nazlı ile yemek",920.00,1.000,83.64,1003.64,1,0,,"2025-10-14 08:59:49","2025-10-14 08:59:49"
1726,2025-10-12,,2,1,"Eray ile çorba",450.00,1.000,40.91,490.91,1,0,,"2025-10-14 09:01:10","2025-10-14 09:01:10"
1727,2025-10-12,,2,1,"Çorba parasını Eray ödedi. Düşüm",-450.00,1.000,0.00,-450.00,1,0,,"2025-10-14 09:01:39","2025-10-14 09:01:39"
1728,2025-10-07,,2,1,Yiyecek,195.00,1.000,17.73,212.73,1,0,,"2025-10-14 09:02:31","2025-10-14 09:02:31"
1729,2025-10-15,,16,1,"otomatik yatırım.",1040.00,1.000,0.00,1040.00,0,0,,"2025-10-15 14:35:28","2025-10-15 14:35:28"
1730,2025-10-16,,17,1,"1 bira",200.00,1.000,0.00,200.00,0,0,,"2025-10-16 18:48:06","2025-10-16 18:48:06"
1731,2025-10-16,,2,1,Kahvaltılık,90.00,1.000,0.00,90.00,0,0,,"2025-10-16 18:49:32","2025-10-16 18:49:32"
1732,2025-10-16,,17,1,"4 bira abur cubur",450.00,1.000,0.00,450.00,0,0,,"2025-10-17 08:13:34","2025-10-17 08:13:34"
1733,2025-10-27,,16,1,"2k günlük yatırım 2k short",4000.00,1.000,0.00,4000.00,0,0,,"2025-10-27 07:08:12","2025-10-27 07:08:12"
1734,2025-10-27,,20,1,"Stopaj vergisi.",1090.00,1.000,0.00,1090.00,1,0,,"2025-10-27 07:09:06","2025-10-27 07:09:06"
1735,2025-10-27,,21,1,"Nisan Mayıs Haziran ve Temmuz ayları için 500'er ₺ aidat bedeli.",2000.00,1.000,0.00,2000.00,0,0,,"2025-10-27 07:28:19","2025-10-27 07:28:19"
1736,2025-10-27,,24,1,"Muhasebeci ücreti",2165.00,1.000,0.00,2165.00,1,0,,"2025-10-27 07:29:03","2025-11-26 13:27:38"
1737,2025-10-17,,16,1,"Otomatik yatırım.",1750.00,1.000,0.00,1750.00,0,0,,"2025-10-27 11:20:01","2025-10-27 11:20:01"
1738,2025-10-27,,18,1,Amerikano,165.00,1.000,15.00,180.00,1,0,,"2025-10-27 11:34:39","2025-10-27 11:34:39"
1739,2025-10-27,,28,1,"2 adet armatür.",999.80,1.000,166.63,1166.43,1,0,,"2025-10-27 11:37:27","2025-10-27 11:37:27"
1740,2025-11-03,,15,1,"Üsame ve Aydan için kitap.",202.22,1.000,0.00,202.22,0,0,,"2025-11-03 13:07:53","2025-11-03 13:07:53"
1741,2025-11-02,,8,1,"Babamlarla çalışırken yemek için bisküvi",421.25,1.000,0.00,421.25,0,0,,"2025-11-03 13:09:23","2025-11-03 13:09:23"
1742,2025-11-05,,16,1,"Otomatik yatırım.",2500.00,1.000,0.00,2500.00,0,0,,"2025-11-05 16:47:53","2025-11-05 16:47:53"
1743,2025-11-04,,8,1,"Abur cubur.",135.00,1.000,0.00,135.00,0,0,,"2025-11-05 16:49:57","2025-11-05 16:49:57"
1744,2025-11-04,,1,1,"48,64lt x 53,98₺",2625.59,1.000,437.60,3063.19,1,0,,"2025-11-05 16:50:47","2025-11-05 16:50:47"
1746,2025-11-05,,2,1,"Amerikano ve sandviç",165.00,1.000,15.00,180.00,1,0,,"2025-11-05 16:53:51","2025-11-05 16:53:51"
1747,2025-11-05,,22,1,"Tango için 2 pantolon, parfüm ve çorap.",3254.96,1.000,0.00,3254.96,0,0,,"2025-11-05 16:55:29","2025-11-05 16:55:29"
1748,2025-10-29,,21,1,"Yeşimle benim giriş ücretimiz.",700.00,1.000,0.00,700.00,0,0,,"2025-11-05 17:09:27","2025-11-05 17:09:27"
1749,2025-11-05,,2,1,"Et suyu çorba, hamburger.",320.00,1.000,29.09,349.09,1,0,,"2025-11-05 17:09:59","2025-11-05 17:09:59"
1750,2025-11-05,,21,1,"4 derslik tenis ücreti",2520.00,1.000,0.00,2520.00,0,0,,"2025-11-05 17:18:54","2025-11-05 17:18:54"
1751,2025-11-05,,2,1,"Tenis ekibi ile mangal için ödeme",285.00,1.000,0.00,285.00,0,0,,"2025-11-05 17:23:54","2025-11-05 17:23:54"
1752,2025-11-10,,16,1,"Oto yatırım",1000.00,1.000,0.00,1000.00,0,0,,"2025-11-10 13:07:05","2025-11-10 13:07:05"
1753,2025-11-10,,1,1,"48,66 x 55,79₺",2714.74,1.000,452.46,3167.20,1,0,,"2025-11-10 13:08:26","2025-11-10 13:08:26"
1754,2025-11-10,,27,1,"Canva yıllık abonelik ücreti",1920.00,1.000,0.00,1920.00,0,0,,"2025-11-10 13:09:50","2025-11-10 13:09:50"
1755,2025-11-10,,8,1,"3 tane karam",105.00,1.000,0.00,105.00,0,0,,"2025-11-10 13:10:28","2025-11-10 13:10:28"
1756,2025-11-14,,12,1,"Magnezyum Glisinat 60'lı kapsül",800.00,1.000,0.00,800.00,0,0,,"2025-11-15 07:11:03","2025-11-15 07:11:03"
1757,2025-11-14,,17,1,"2 adet bira",410.00,1.000,0.00,410.00,0,0,,"2025-11-15 07:11:56","2025-11-15 07:11:56"
1758,2025-11-13,,17,1,"2 Bira 2 shot. Filizle.",700.00,1.000,0.00,700.00,0,0,,"2025-11-15 07:12:33","2025-11-15 07:12:33"
1759,2025-11-15,,16,1,"otomatik yatırım.",1500.00,1.000,0.00,1500.00,0,0,,"2025-11-15 07:14:06","2025-11-15 07:14:06"
1760,2025-11-15,,16,1,"Otomatik yatırım.",2000.00,1.000,0.00,2000.00,0,0,,"2025-11-15 07:15:19","2025-11-15 07:15:19"
1761,2025-11-14,,2,1,"yoğurlu tavuk ve ayran.",225.00,1.000,20.45,245.45,1,0,,"2025-11-15 07:21:17","2025-11-15 07:21:17"
1762,2025-11-13,,18,1,"Filizle kahve ve su.",311.00,1.000,28.27,339.27,1,0,,"2025-11-15 07:22:29","2025-11-15 07:22:29"
1763,2025-11-13,,2,1,"İskender ve çorba.",295.00,1.000,0.00,295.00,1,0,,"2025-11-15 07:23:32","2025-11-15 07:23:32"
1764,2025-11-06,,24,1,"Su faturası.",172.00,1.000,0.00,172.00,0,0,,"2025-11-15 07:52:54","2025-12-29 15:21:13"
1765,2025-10-29,,2,1,"Filiz Yeşim ben kahvaltı niyetine kahve ve sandviç.",870.00,1.000,79.09,949.09,1,0,,"2025-11-15 07:54:17","2025-11-15 07:54:17"
1766,2025-10-29,,2,1,Çorba,380.00,1.000,34.55,414.55,1,0,,"2025-11-15 08:00:28","2025-11-15 08:00:28"
1767,2025-10-29,,2,1,"Yeşimlerle tatlı kahve çay",1765.00,1.000,160.46,1925.46,1,0,,"2025-11-15 08:05:30","2025-11-15 08:05:30"
1768,2025-10-29,,13,1,Otopark,400.00,1.000,66.67,466.67,1,0,,"2025-11-15 08:06:14","2025-11-15 08:06:14"
1769,2025-10-28,,1,1,"38,34lt x 52,17₺",2000.00,1.000,333.33,2333.33,1,0,,"2025-11-15 08:07:37","2025-11-15 08:07:37"
1770,2025-10-28,,8,1,Aburcubur.,215.00,1.000,0.00,215.00,0,0,,"2025-11-15 08:08:29","2025-11-15 08:08:29"
1771,2025-10-28,,2,1,"Nazlı ile pizza",410.00,1.000,37.27,447.27,1,0,,"2025-11-15 08:09:25","2025-11-15 08:09:25"
1772,2025-11-01,,2,1,çorba,220.00,1.000,20.00,240.00,1,0,,"2025-11-15 08:10:43","2025-11-15 08:10:43"
1773,2025-11-06,,2,1,"tost içecek.",255.00,1.000,36.82,291.82,1,0,,"2025-11-15 08:12:39","2025-11-15 08:12:39"
1774,2025-10-29,,2,1,"Yeşim ve Filizle akşam yemeği içkili.",2370.50,1.000,0.00,2370.50,0,0,,"2025-11-15 08:15:23","2025-11-15 08:15:23"
1775,2025-11-12,,8,1,"Ev için market alışverişi.",924.65,1.000,0.00,924.65,0,0,,"2025-11-15 08:16:08","2025-11-15 08:16:08"
1776,2025-11-12,,1,1,"48,07lt x 54,09₺",2600.11,1.000,433.35,3033.46,1,0,,"2025-11-15 08:18:16","2025-11-15 08:18:16"
1777,2025-11-10,,2,1,"Eray ve Melike ile yemek.",1490.00,1.000,135.45,1625.45,1,0,,"2025-11-15 08:19:22","2025-11-15 08:19:22"
1778,2025-11-05,,18,1,"Çay kahve.",310.00,1.000,28.18,338.18,1,0,,"2025-11-15 08:20:37","2025-11-15 08:20:37"
1779,2025-11-06,,2,1,"tost ayran",230.00,1.000,34.55,264.55,1,0,,"2025-11-15 08:21:55","2025-11-15 08:21:55"
1780,2025-11-06,,2,1,Tost,360.00,1.000,60.00,420.00,1,0,,"2025-11-15 08:22:56","2025-11-15 08:22:56"
1781,2025-10-31,,18,1,kahve.,160.00,1.000,14.55,174.55,1,0,,"2025-11-15 08:24:21","2025-11-15 08:24:21"
1782,2025-11-12,,2,1,"çiğ köfte",120.00,1.000,0.00,120.00,1,0,,"2025-11-15 08:25:49","2025-11-15 08:25:49"
1783,2025-11-15,,2,1,"çiğ köfte",145.00,1.000,0.00,145.00,1,0,,"2025-11-15 08:27:06","2025-11-15 08:27:06"
1784,2025-10-23,,1,1,"38,04lt x 52,58₺",2000.14,1.000,333.36,2333.50,1,0,,"2025-11-15 08:32:06","2025-11-15 08:32:06"
1785,2025-10-22,,2,1,"Nazlı ile tatlı.",455.00,1.000,40.45,495.45,1,0,,"2025-11-15 08:33:37","2025-11-15 08:33:37"
1786,2025-10-31,,2,1,"Melikelerle pide ayran.",360.00,1.000,32.73,392.73,1,0,,"2025-11-15 08:34:53","2025-11-15 08:34:53"
1787,2025-10-31,,2,1,yiyecek.,225.00,1.000,20.45,245.45,1,0,,"2025-11-15 08:35:46","2025-11-15 08:35:46"
1788,2025-10-26,,2,1,"Nazlı ile kahvaltı.",1635.00,1.000,148.64,1783.64,1,0,,"2025-11-15 08:37:02","2025-11-15 08:37:02"
1789,2025-10-31,,2,1,yiyecek.,750.00,1.000,68.18,818.18,1,0,,"2025-11-15 08:37:47","2025-11-15 08:37:47"
1790,2025-10-26,,18,1,"Melike ile çay kahve.",310.00,1.000,28.18,338.18,1,0,,"2025-11-15 08:38:33","2025-11-15 08:38:33"
1791,2025-10-30,,2,1,yiyecek,140.00,1.000,12.73,152.73,1,0,,"2025-11-15 08:39:32","2025-11-15 08:39:32"
1792,2025-10-21,,2,1,yiyecek,560.00,1.000,50.91,610.91,1,0,,"2025-11-15 08:40:41","2025-11-15 08:40:41"
1793,2025-10-18,,2,1,noodle.,425.00,1.000,38.64,463.64,1,0,,"2025-11-15 08:41:46","2025-11-15 08:41:46"
1794,2025-10-19,,18,1,kahve.,301.00,1.000,27.36,328.36,1,0,,"2025-11-15 08:42:56","2025-11-15 08:42:56"
1795,2025-10-18,,1,1,"47,24lt x 52,53₺",2481.52,1.000,413.59,2895.11,1,0,,"2025-11-15 08:44:26","2025-11-15 08:44:26"
1796,2025-10-18,,2,1,Ekmek,55.00,1.000,0.00,55.00,0,0,,"2025-11-15 08:45:30","2025-11-15 08:45:30"
1797,2025-10-26,,13,1,"otopark ücreti.",40.00,1.000,6.67,46.67,1,0,,"2025-11-15 08:52:51","2025-11-15 08:52:51"
1798,2025-10-20,,21,1,"Raket için overstrip.",190.00,1.000,0.00,190.00,0,0,,"2025-11-15 09:07:36","2025-11-15 09:07:36"
1799,2025-10-16,,2,1,yiyecek.,285.00,1.000,25.91,310.91,1,0,,"2025-11-15 09:09:36","2025-11-15 09:09:36"
1800,2025-10-25,,13,1,otopark,50.00,1.000,8.33,58.33,1,0,,"2025-11-15 09:10:20","2025-11-15 09:10:20"
1801,2025-11-15,,2,1,pilav.,260.00,1.000,0.00,260.00,0,0,,"2025-11-15 09:11:10","2025-11-15 09:11:10"
1802,2025-10-27,,2,1,"Aydan ile burger.",946.00,1.000,86.00,1032.00,1,0,,"2025-11-15 09:11:52","2025-11-15 09:11:52"
1803,2025-10-27,,8,1,aburcubur,247.85,1.000,0.00,247.85,0,0,,"2025-11-15 09:18:14","2025-11-15 09:18:14"
1804,2025-10-18,,18,1,"Nazlı ile kahve.",422.00,1.000,38.59,460.59,1,0,,"2025-11-15 09:19:03","2025-11-15 09:19:03"
1805,2025-11-13,,17,1,"Smirnoff North",1100.00,1.000,0.00,1100.00,0,0,,"2025-11-15 10:53:14","2025-11-15 10:53:14"
1806,2025-11-11,,26,1,"2 şişe şarap 2 bira ve çerez Büşra ile içmek için.",1320.00,1.000,0.00,1320.00,0,0,,"2025-11-15 10:55:18","2025-11-15 10:55:18"
1807,2025-11-11,,17,1,"2 bira kendime 2 bira Tunç hocaya.",800.00,1.000,0.00,800.00,0,0,,"2025-11-15 10:55:55","2025-11-15 10:55:55"
1808,2025-11-10,,15,1,"Kaynamlı lokum annemlere hediye.",645.30,1.000,0.00,645.30,0,0,,"2025-11-15 10:58:02","2025-11-15 10:58:02"
1809,2025-11-06,,8,1,aburcubur,210.00,1.000,0.00,210.00,0,0,,"2025-11-15 10:59:26","2025-11-15 10:59:26"
1810,2025-11-06,,8,1,aburcubır,84.24,1.000,0.00,84.24,0,0,,"2025-11-15 11:00:07","2025-11-15 11:00:07"
1811,2025-11-05,,8,1,aburcubur,59.92,1.000,0.00,59.92,0,0,,"2025-11-15 11:00:55","2025-11-15 11:00:55"
1812,2025-11-04,,8,1,aburcubur,145.00,1.000,0.00,145.00,0,0,,"2025-11-15 11:02:26","2025-11-15 11:02:26"
1813,2025-11-03,,17,1,"1 bira.",200.00,1.000,0.00,200.00,0,0,,"2025-11-15 11:03:23","2025-11-15 11:03:23"
1814,2025-11-15,,18,1,"Mustafalarla çay kahve",95.00,1.000,8.64,103.64,1,0,,"2025-11-15 13:35:45","2025-11-15 13:35:45"
1815,2025-11-15,,17,1,"5 bira 3 kendime 2 tiyatroculara",1000.00,1.000,0.00,1000.00,0,0,,"2025-11-16 19:53:14","2025-11-16 19:53:14"
1816,2025-11-15,,8,1,"Abur cubur",115.00,1.000,0.00,115.00,0,0,,"2025-11-16 19:54:39","2025-11-16 19:54:39"
1817,2025-11-15,,20,1,"Araç 30k bakımı",19416.11,1.000,0.00,19416.11,0,0,,"2025-11-16 19:58:23","2025-11-16 19:58:23"
1818,2025-11-18,,17,1,"1 bira",200.00,1.000,0.00,200.00,0,0,,"2025-11-19 09:38:45","2025-11-19 09:38:45"
1819,2025-11-19,,2,1,"1 yoğurtlu tantuni",190.00,1.000,17.27,207.27,1,0,,"2025-11-19 09:39:26","2025-11-19 09:41:17"
1820,2025-11-19,,1,1,"32,38lt x 55,27₺",1789.64,1.000,298.27,2087.91,1,0,,"2025-11-19 09:40:44","2025-11-19 09:40:44"
1821,2025-11-18,,2,1,"annem babam ve kendim için köfte ekmek.",825.00,1.000,75.00,900.00,1,0,,"2025-11-19 09:42:12","2025-11-19 09:42:12"
1822,2025-11-17,,2,1,"çiğ köfte",120.00,1.000,0.00,120.00,1,0,,"2025-11-19 09:43:29","2025-11-19 09:43:29"
1823,2025-11-27,,24,1,"elektrik faturası.",247.00,1.000,0.00,247.00,0,0,,"2025-11-19 09:46:47","2025-11-19 09:47:07"
1824,2025-11-19,,16,1,"Otomatik yatırım.",2500.00,1.000,0.00,2500.00,0,0,,"2025-11-19 10:53:22","2025-11-19 10:53:22"
1825,2025-10-21,,24,1,"Son fatura.",3576.67,1.000,0.00,3576.67,1,0,,"2025-11-19 13:36:55","2025-11-19 13:36:55"
1826,2025-10-20,,28,1,"Boru Anahtarı",711.38,1.000,118.56,829.94,1,0,,"2025-11-19 13:38:27","2025-11-19 13:38:27"
1827,2025-10-20,,28,1,"İngiliz fiş dönüştürücü.",192.00,1.000,32.00,224.00,1,0,,"2025-11-19 13:39:57","2025-11-19 13:39:57"
1828,2025-10-23,,28,1,"HDMI VGA dönüştürücü.",135.88,1.000,22.65,158.53,1,0,,"2025-11-19 13:54:21","2025-11-19 13:54:21"
1829,2025-10-28,,28,1,Malzeme,104.90,1.000,17.48,122.38,1,0,,"2025-11-19 14:07:40","2025-11-19 14:07:40"
1830,2025-10-28,,28,1,"Maket Bıçağı",404.00,1.000,67.33,471.33,1,0,,"2025-11-19 14:09:34","2025-11-19 14:09:34"
1831,2025-11-19,,17,1,"1 bira",200.00,1.000,0.00,200.00,0,0,,"2025-11-19 16:05:12","2025-11-19 16:05:12"
1832,2025-11-19,,8,1,"Muz ve su",96.25,1.000,0.00,96.25,0,0,,"2025-11-19 16:12:40","2025-11-19 16:12:40"
1833,2025-11-18,,8,1,"Abur Cubur",77.00,1.000,0.00,77.00,0,0,,"2025-11-19 16:13:12","2025-11-19 16:13:36"
1834,2025-11-17,,17,1,"2 bira",400.00,1.000,0.00,400.00,0,0,,"2025-11-19 16:14:31","2025-11-19 16:14:31"
1835,2025-11-19,,2,1,"Pilav üstü tavuk ve ciğer",230.00,1.000,20.91,250.91,1,0,,"2025-11-19 16:15:29","2025-11-19 16:15:29"
1836,2025-11-21,,17,1,"2 bira",400.00,1.000,0.00,400.00,0,0,,"2025-11-21 23:13:55","2025-11-21 23:13:55"
1837,2025-11-22,,17,1,,200.00,1.000,0.00,200.00,0,0,,"2025-11-22 19:45:56","2025-11-22 19:45:56"
1838,2025-11-22,,2,1,"Küçük menü",170.00,1.000,15.45,185.45,1,0,,"2025-11-22 19:46:45","2025-11-22 19:46:45"
1839,2025-11-24,,16,1,,1000.00,1.000,0.00,1000.00,0,0,,"2025-11-24 09:05:00","2025-11-24 09:05:00"
1840,2025-11-24,,2,1,"1 soğuk sandviç 1 çay",100.00,1.000,0.00,100.00,0,0,,"2025-11-24 09:05:56","2025-11-24 09:05:56"
1841,2025-11-23,,17,1,"2 bira",410.00,1.000,0.00,410.00,0,0,,"2025-11-24 09:07:06","2025-11-24 09:07:06"
1842,2025-11-24,,20,1,"3 Yıllık E-imza alımı yapıldı.",3069.00,1.000,0.00,3069.00,1,0,,"2025-11-24 21:12:15","2025-11-24 21:12:15"
1843,2025-11-24,,17,1,"1 bira",200.00,1.000,0.00,200.00,0,0,,"2025-11-24 21:12:38","2025-11-24 21:12:38"
1844,2025-11-24,,15,1,"Yeşim'e öğretmenler günü hediyesi.",99.50,1.000,0.00,99.50,0,0,,"2025-11-24 21:16:29","2025-12-08 15:38:55"
1845,2025-11-26,,20,1,"TOKİ başvurusu için yaptığım ödeme.",5000.00,1.000,0.00,5000.00,0,0,,"2025-11-26 13:26:16","2025-11-26 13:26:16"
1846,2025-11-26,,24,1,"Muhasebeci ücreti",2165.00,1.000,665.00,2830.00,1,0,,"2025-11-26 13:27:25","2025-11-26 13:27:25"
1847,2025-05-26,,24,1,"Muhasebeci ücreti.",1943.70,1.000,443.70,2387.40,1,0,,"2025-11-26 13:31:13","2025-11-26 13:31:13"
1848,2025-09-26,,24,1,"Muhasebe ödemesi.",1943.70,1.000,443.70,2387.40,1,0,,"2025-11-26 13:33:47","2025-11-26 13:33:47"
1849,2025-11-29,,21,1,"Selçuk-Müge Workshop ve Milonga giriş ücreti",1200.00,1.000,0.00,1200.00,0,0,,"2025-11-29 06:02:50","2025-11-29 06:02:50"
1850,2025-11-27,,21,1,"Milonga giriş ücreti",400.00,1.000,0.00,400.00,0,0,,"2025-11-29 06:03:43","2025-11-29 06:03:43"
1851,2025-11-28,,8,1,"Su çikolata",50.00,1.000,0.00,50.00,0,0,,"2025-11-29 06:34:32","2025-11-29 06:34:32"
1852,2025-11-29,,18,1,Su,10.00,1.000,0.00,10.00,0,0,,"2025-11-29 12:36:41","2025-11-29 12:36:41"
1853,2025-11-29,,21,1,"Ter bilekliği ve spor eldiveni",445.00,1.000,0.00,445.00,0,0,,"2025-11-29 12:38:36","2025-11-29 12:38:36"
1854,2025-11-29,,12,1,"Fare bilekliği",245.00,1.000,0.00,245.00,0,0,,"2025-11-29 12:39:19","2025-11-29 12:39:19"
1855,2025-12-01,,18,1,su,25.00,1.000,0.00,25.00,0,0,,"2025-12-01 19:24:45","2025-12-01 19:25:22"
1856,2025-12-01,,15,1,"Fatmanur için resim çerçevesi.",105.00,1.000,0.00,105.00,0,0,,"2025-12-01 19:25:13","2025-12-01 19:25:13"
1857,2025-12-01,,16,1,"Otomatik yatırım.",2500.00,1.000,0.00,2500.00,0,0,,"2025-12-01 19:25:40","2025-12-01 19:25:40"
1858,2025-12-06,,15,1,"Pompacı çocuğa bahşiş.",100.00,1.000,0.00,100.00,0,0,,"2025-12-08 14:26:46","2025-12-08 14:26:46"
1859,2025-12-06,,1,1,"49,49lt x 54,76₺",2710.07,1.000,451.68,3161.75,1,0,,"2025-12-08 15:23:39","2025-12-08 15:23:39"
1860,2025-11-24,,1,1,"46,62lt x 55,35₺",2580.42,1.000,430.07,3010.49,1,0,,"2025-12-08 15:35:57","2025-12-08 15:35:57"
1861,2025-11-25,,28,1,"Elektrik Malzemesi",70.00,1.000,11.67,81.67,1,0,,"2025-12-08 15:38:08","2025-12-08 15:38:08"
1862,2025-12-05,,14,1,"HGS otomatik yükleme.",400.00,1.000,0.00,400.00,0,0,,"2025-12-08 15:43:59","2026-01-01 13:58:53"
1863,2025-11-30,,14,1,"HGS otomatik yükleme.",400.00,1.000,0.00,400.00,0,0,,"2025-12-08 15:44:31","2025-12-08 15:45:08"
1864,2025-11-27,,14,1,"HGS otomatik yükleme.",400.00,1.000,0.00,400.00,0,0,,"2025-12-08 15:45:36","2025-12-08 15:45:36"
1865,2025-11-21,,14,1,"HGS otomatik yükleme.",400.00,1.000,0.00,400.00,0,0,,"2025-12-08 15:45:58","2025-12-08 15:45:58"
1866,2025-11-21,,24,1,"Netflix abonelik ücreti.",379.99,1.000,0.00,379.99,0,0,,"2025-12-08 15:46:30","2025-12-29 14:04:44"
1867,2025-11-21,,16,1,"50$ hayat sigortası birikimi.",2121.40,1.000,0.00,2121.40,0,0,,"2025-12-08 15:51:33","2025-12-08 15:53:32"
1868,2025-10-21,,16,1,"50$ hayat sigortası birikimi.",2100.76,1.000,0.00,2100.76,0,0,,"2025-12-08 15:55:37","2025-12-08 15:55:37"
1869,2025-10-27,,24,1,"elektrik faturası.",421.00,1.000,0.00,421.00,0,0,,"2025-12-08 15:58:09","2025-12-08 15:58:09"
1870,2025-11-21,,2,1,"çiğ köfte",120.00,1.000,0.00,120.00,1,0,,"2025-12-08 16:46:49","2025-12-08 16:46:49"
1871,2025-11-21,,26,1,"Deniz Berfin Ayaydın ile akşam yemeği ve şarap...",2370.00,1.000,0.00,2370.00,0,0,,"2025-12-08 16:52:39","2025-12-08 16:52:39"
1872,2025-11-20,,13,1,otopark,220.00,1.000,36.67,256.67,1,0,,"2025-12-08 16:56:49","2025-12-08 16:56:49"
1873,2025-11-22,,2,1,yiyecek,150.00,1.000,13.64,163.64,1,0,,"2025-12-08 16:58:30","2025-12-08 16:58:30"
1874,2025-11-22,,2,1,"tavuk ayran",225.00,1.000,20.45,245.45,1,0,,"2025-12-08 17:01:27","2025-12-08 17:01:27"
1875,2025-11-18,,28,1,"Viko üçlü priz 2 adet.",419.90,1.000,69.98,489.88,1,0,,"2025-12-08 17:02:38","2025-12-08 17:02:38"
1876,2025-12-07,,13,1,otopark,50.00,1.000,8.33,58.33,1,0,,"2025-12-08 17:03:25","2025-12-08 17:03:25"
1877,2025-12-04,,2,1,yiyecek.,460.00,1.000,41.82,501.82,1,0,,"2025-12-08 17:05:30","2025-12-08 17:05:30"
1878,2025-12-04,,2,1,yiyecek.,460.00,1.000,41.82,501.82,1,0,,"2025-12-08 17:06:14","2025-12-08 17:06:14"
1879,2025-12-02,,22,1,giyim,350.00,1.000,0.00,350.00,0,0,,"2025-12-08 17:12:12","2025-12-08 17:13:57"
1880,2025-11-28,,2,1,"çiğ köfte",130.00,1.000,11.82,141.82,1,0,,"2025-12-08 17:13:19","2025-12-08 17:13:19"
1881,2025-12-03,,2,1,Yemek,860.00,1.000,78.18,938.18,1,0,,"2025-12-08 17:15:08","2025-12-08 17:15:08"
1882,2025-12-05,,2,1,"Eray Yeşim ben bira patates.",2090.00,1.000,190.00,2280.00,1,0,,"2025-12-08 17:17:16","2025-12-08 17:17:16"
1883,2025-12-05,,8,1,"abur cubur",330.50,1.000,0.00,330.50,0,0,,"2025-12-08 17:18:35","2025-12-08 17:18:35"
1884,2025-12-07,,8,1,"market alışverişi",121.22,1.000,0.00,121.22,0,0,,"2025-12-08 17:19:47","2025-12-08 17:19:47"
1885,2025-11-27,,8,1,"çiğ köfte ayran.",27.15,1.000,0.00,27.15,0,0,,"2025-12-08 17:21:07","2025-12-08 17:21:07"
1886,2025-11-28,,13,1,otopark,600.00,1.000,100.00,700.00,1,0,,"2025-12-08 17:22:05","2025-12-08 17:22:05"
1887,2025-11-27,,13,1,otopark,220.00,1.000,36.67,256.67,1,0,,"2025-12-08 17:24:31","2025-12-08 17:24:31"
1888,2025-12-04,,2,1,yemek,150.00,1.000,13.64,163.64,1,0,,"2025-12-08 17:25:52","2025-12-08 17:25:52"
1889,2025-12-06,,2,1,"az et suyu çorba ve burger",330.00,1.000,30.00,360.00,1,0,,"2025-12-08 17:27:13","2025-12-08 17:27:13"
1890,2025-11-23,,8,1,"simit kruvasan abur cubur",233.10,1.000,0.00,233.10,0,0,,"2025-12-08 17:29:13","2025-12-08 17:29:13"
1891,2025-12-03,,20,1,"Noter'den İmza Beyan alımı.",664.06,1.000,36.24,700.30,1,0,,"2025-12-08 17:31:04","2025-12-08 17:35:18"
1892,2025-11-26,,2,1,"çiğ köfte",130.00,1.000,11.82,141.82,1,0,,"2025-12-08 17:43:40","2025-12-08 17:43:40"
1893,2025-11-29,,8,1,"market alışverişi.",1331.36,1.000,0.00,1331.36,0,0,,"2025-12-08 17:44:49","2025-12-08 17:44:49"
1894,2025-11-23,,18,1,kahve.,370.00,1.000,33.64,403.64,1,0,,"2025-12-08 18:02:07","2025-12-08 18:02:07"
1895,2025-12-03,,8,1,"market alışverişi.",1816.84,1.000,0.00,1816.84,0,0,,"2025-12-08 18:03:15","2025-12-08 18:03:15"
1896,2025-12-02,,8,1,"market alışverişi",397.14,1.000,0.00,397.14,0,0,,"2025-12-08 18:04:06","2025-12-08 18:04:06"
1897,2025-11-28,,2,1,pilav,135.00,1.000,0.00,135.00,1,0,,"2025-12-08 18:05:36","2025-12-08 18:05:36"
1898,2025-12-03,,1,1,"hatalı yakıt alımı.",14.20,1.000,2.37,16.57,0,0,,"2025-12-08 18:06:41","2025-12-08 18:06:41"
1899,2025-12-03,,1,1,"51,29lt x 54,62₺",2801.46,1.000,466.91,3268.37,1,0,,"2025-12-08 18:07:36","2025-12-08 18:07:36"
1900,2025-12-01,,2,1,Yemek,370.00,1.000,33.64,403.64,1,0,,"2025-12-08 18:15:56","2025-12-08 18:15:56"
1901,2025-12-08,,16,1,"otomatik yatırım.",1000.00,1.000,0.00,1000.00,0,0,,"2025-12-08 18:32:56","2025-12-08 18:32:56"
1902,2025-12-06,,16,1,"otomatik yatırım.",1000.00,1.000,0.00,1000.00,0,0,,"2025-12-08 18:54:32","2025-12-08 18:54:32"
1903,2025-11-30,,2,1,"çiğ köfte ayran",110.00,1.000,10.00,120.00,1,0,,"2025-12-08 21:21:34","2025-12-08 21:21:34"
1904,2025-12-02,,2,1,"Akşam yemeği",580.00,1.000,52.73,632.73,1,0,,"2025-12-08 21:29:58","2025-12-08 21:29:58"
1905,2025-11-27,,2,1,"Deniz Berfin ile akşam yemeği.",1110.00,1.000,100.91,1210.91,1,0,,"2025-12-08 21:30:59","2025-12-08 21:30:59"
1906,2025-11-26,,18,1,"amerikano su",190.00,1.000,17.27,207.27,1,0,,"2025-12-08 21:32:07","2025-12-08 21:32:07"
1907,2025-11-28,,2,1,"Deniz Berfin ile kahvaltı.",715.00,1.000,65.00,780.00,1,0,,"2025-12-08 21:33:21","2025-12-08 21:33:21"
1908,2025-11-28,,2,1,"tatlı çay",430.00,1.000,39.09,469.09,1,0,,"2025-12-08 21:34:10","2025-12-08 21:34:10"
1909,2025-11-29,,2,1,"Tavuk soda",450.00,1.000,40.91,490.91,1,0,,"2025-12-08 21:35:21","2025-12-08 21:35:21"
1910,2025-11-29,,22,1,"Kocaeli T-shirt'ü",500.00,1.000,0.00,500.00,0,0,,"2025-12-08 21:36:50","2025-12-08 21:36:50"
1911,2025-11-29,,9,1,"Kocaeli atkı ve kartpostal.",180.00,1.000,0.00,180.00,0,0,,"2025-12-08 21:37:34","2025-12-08 21:37:34"
1912,2025-12-02,,18,1,Amerikano,90.00,1.000,8.18,98.18,1,0,,"2025-12-08 21:38:26","2025-12-08 21:38:26"
1913,2025-11-29,,2,1,Kahvaltı,305.00,1.000,27.73,332.73,1,0,,"2025-12-08 21:39:29","2025-12-08 21:39:29"
1914,2025-11-30,,18,1,"Kahve sandviç",438.00,1.000,39.82,477.82,1,0,,"2025-12-08 21:40:28","2025-12-08 21:40:28"
1915,2025-12-07,,2,1,Tost,90.00,1.000,8.18,98.18,1,0,,"2025-12-08 21:41:05","2025-12-08 21:41:05"
1916,2025-11-24,,2,1,"Akşam yemeği.",1448.00,1.000,131.64,1579.64,1,0,,"2025-12-08 21:41:56","2025-12-08 21:41:56"
1917,2025-12-06,,2,1,Kahvaltılık,130.00,1.000,11.82,141.82,1,0,,"2025-12-08 21:43:14","2025-12-08 21:43:14"
1918,2025-12-07,,17,1,"1 bira",200.00,1.000,0.00,200.00,0,0,,"2025-12-08 23:05:29","2025-12-08 23:06:00"
1919,2025-12-06,,17,1,"2 blanc",450.00,1.000,0.00,450.00,0,0,,"2025-12-08 23:05:53","2025-12-08 23:05:53"
1920,2025-12-07,,8,1,"Market alışverişi",137.02,1.000,0.00,137.02,0,0,,"2025-12-08 23:06:44","2025-12-08 23:06:44"
1921,2025-12-05,,17,1,"1 bira",105.00,1.000,0.00,105.00,0,0,,"2025-12-08 23:07:47","2025-12-08 23:07:47"
1922,2025-12-10,,21,1,"Giriş ücreti",350.00,1.000,0.00,350.00,0,0,,"2025-12-11 11:58:19","2025-12-11 11:58:19"
1923,2025-12-10,,17,1,"1 bira",200.00,1.000,0.00,200.00,0,0,,"2025-12-11 11:59:01","2025-12-11 11:59:01"
1924,2025-12-10,,8,1,"Abur cubur",155.00,1.000,0.00,155.00,0,0,,"2025-12-11 12:01:27","2025-12-11 12:01:27"
1925,2025-12-10,,8,1,"Kahve bisküvi",26.00,1.000,0.00,26.00,0,0,,"2025-12-11 12:02:05","2025-12-11 12:02:23"
1926,2025-12-14,,8,1,"Market alışverişi.",1094.63,1.000,0.00,1094.63,0,0,,"2025-12-14 19:06:43","2025-12-14 19:06:43"
1927,2025-12-13,,17,1,"2 blanc",420.00,1.000,0.00,420.00,0,0,,"2025-12-14 19:07:09","2025-12-14 19:07:09"
1928,2025-12-17,,16,1,"Otomatik yatırım.",2000.00,1.000,0.00,2000.00,0,0,,"2025-12-17 09:59:34","2025-12-17 09:59:34"
1929,2025-12-15,,21,1,"KOÜ Milonga giriş ücreti.",300.00,1.000,0.00,300.00,0,0,,"2025-12-17 10:02:08","2025-12-17 10:02:08"
1930,2025-12-16,,8,1,"abur cubur.",75.00,1.000,0.00,75.00,0,0,,"2025-12-17 10:03:00","2025-12-17 10:03:00"
1931,2025-12-16,,17,1,"Eray ile Salsa gecesinde 2 bira bir soda",750.00,1.000,0.00,750.00,0,0,,"2025-12-17 10:03:55","2025-12-17 10:03:55"
1932,2025-12-15,,17,1,"1 bira",250.00,1.000,22.73,272.73,1,0,,"2025-12-17 10:05:09","2025-12-29 12:30:12"
1933,2025-12-17,,17,1,"1 bira",225.00,1.000,0.00,225.00,0,0,,"2025-12-17 18:27:23","2025-12-17 18:27:23"
1934,2025-12-17,,21,1,"Milonga giriş ücreti",350.00,1.000,0.00,350.00,0,0,,"2025-12-17 18:27:52","2025-12-17 18:27:52"
1935,2025-12-17,,17,1,"2 blanc",220.00,1.000,0.00,220.00,0,0,,"2025-12-18 14:37:09","2025-12-18 14:37:09"
1936,2025-11-24,,2,1,Pizza,290.00,1.000,26.36,316.36,1,0,,"2025-12-19 13:30:58","2025-12-19 13:30:58"
1937,2025-12-19,,17,1,"2 bira",400.00,1.000,0.00,400.00,0,0,,"2025-12-20 11:11:47","2025-12-20 11:11:47"
1938,2025-12-20,,17,1,"2 bira",1000.00,1.000,0.00,1000.00,0,0,,"2025-12-21 06:02:34","2025-12-21 06:02:34"
1939,2025-12-20,,8,1,"Abur cubur",110.00,1.000,0.00,110.00,0,0,,"2025-12-21 06:04:13","2025-12-21 06:04:13"
1940,2025-12-23,,16,1,"Binance otomatik yatırım.",2000.00,1.000,0.00,2000.00,0,0,,"2025-12-23 16:53:25","2025-12-23 16:53:25"
1941,2025-12-22,,14,1,"Sağ arka teker lastik tamiri.",400.00,1.000,0.00,400.00,0,0,,"2025-12-23 16:53:56","2025-12-23 16:53:56"
1942,2025-12-22,,20,1,"Zorunlu araç trafik sigortası (41AYP681)",8759.60,1.000,0.00,8759.60,1,0,,"2025-12-23 21:46:09","2025-12-23 21:46:09"
1943,2025-12-24,,21,1,"Milonga giriş ücreti.",350.00,1.000,0.00,350.00,0,0,,"2025-12-24 19:38:09","2025-12-29 11:35:47"
1944,2025-12-24,,17,1,"1 bira",155.00,1.000,0.00,155.00,0,0,,"2025-12-24 19:38:37","2025-12-24 19:38:37"
1945,2025-12-24,,17,1,"2 bira 1 su",240.00,1.000,0.00,240.00,0,0,,"2025-12-24 19:39:42","2025-12-24 19:39:42"
1946,2025-12-24,,12,1,"İlaç ve naneli anla sürülen taş.",400.00,1.000,0.00,400.00,0,0,,"2025-12-24 19:41:14","2025-12-24 19:41:14"
1947,2025-12-26,,12,1,"D3-K2 vitamini.",226.34,1.000,0.00,226.34,0,0,,"2025-12-26 17:04:05","2025-12-26 17:04:05"
1948,2025-12-28,,17,1,"3 bira",285.00,1.000,0.00,285.00,0,0,,"2025-12-29 10:36:31","2025-12-29 10:36:31"
1949,2025-12-28,,26,1,"Filiz’e 1 kendime 1 bira",900.00,1.000,0.00,900.00,0,0,,"2025-12-29 10:37:06","2025-12-29 10:37:06"
1950,2025-12-28,,21,1,"Giriş ücreti",600.00,1.000,0.00,600.00,0,0,,"2025-12-29 10:37:44","2025-12-29 10:37:44"
1951,2025-12-28,,8,1,"4 su ve Abur cubur",510.00,1.000,0.00,510.00,0,0,,"2025-12-29 10:38:51","2025-12-29 10:38:51"
1952,2025-12-25,,2,1,Yoğurtlu,190.00,1.000,17.27,207.27,1,0,,"2025-12-29 10:47:03","2025-12-29 10:47:03"
1953,2025-12-28,,1,1,"47,55lt x 51,74",2460.00,1.000,410.00,2870.00,1,0,,"2025-12-29 10:51:23","2025-12-29 10:51:23"
1954,2025-12-25,,2,1,"Tavuklu makarna.",200.00,1.000,18.18,218.18,1,0,,"2025-12-29 10:52:21","2025-12-29 10:52:21"
1955,2025-12-27,,17,1,"Meze 3 bira",630.00,1.000,57.27,687.27,1,0,,"2025-12-29 10:55:03","2025-12-29 10:55:03"
1956,2025-12-29,,13,1,Otopark,500.00,1.000,83.33,583.33,1,0,,"2025-12-29 10:56:02","2025-12-29 10:56:02"
1957,2025-12-29,,2,1,"4 tane çorba",500.00,1.000,45.45,545.45,1,0,,"2025-12-29 10:57:29","2025-12-29 10:57:29"
1958,2025-12-22,,2,1,yiyecek,190.00,1.000,17.27,207.27,1,0,,"2025-12-29 10:58:31","2025-12-29 10:58:31"
1959,2025-12-28,,18,1,"4 kahve ve 3 sandviç",1150.00,1.000,104.55,1254.55,1,0,,"2025-12-29 10:59:35","2025-12-29 10:59:35"
1960,2025-12-25,,8,1,"Abur cubur",65.00,1.000,0.00,65.00,0,0,,"2025-12-29 11:36:16","2025-12-29 11:36:16"
1961,2025-12-08,,24,1,"Telefon Faturası",411.50,1.000,0.00,411.50,1,0,,"2025-12-29 12:17:56","2025-12-29 12:17:56"
1962,2025-12-18,,8,1,"abur cubur",142.00,1.000,0.00,142.00,0,0,,"2025-12-29 12:28:05","2025-12-29 12:28:05"
1963,2025-12-20,,8,1,"Tuvalet kokusu ve çiğ köfte",168.75,1.000,0.00,168.75,0,0,,"2025-12-29 12:29:02","2025-12-29 12:29:02"
1964,2025-12-14,,13,1,otopark,50.00,1.000,8.33,58.33,1,0,,"2025-12-29 12:30:58","2025-12-29 12:30:58"
1965,2025-12-21,,1,1,"49,36lt x 52,07₺",2570.18,1.000,428.36,2998.54,1,0,,"2025-12-29 12:32:03","2025-12-29 12:32:03"
1966,2025-12-21,,8,1,"abur cubur",110.00,1.000,0.00,110.00,0,0,,"2025-12-29 12:33:06","2025-12-29 12:33:06"
1967,2025-12-19,,8,1,"Market alışverişi",908.16,1.000,0.00,908.16,0,0,,"2025-12-29 12:33:48","2025-12-29 12:33:48"
1968,2025-12-19,,8,1,"muz ve lifalif",243.94,1.000,0.00,243.94,0,0,,"2025-12-29 12:34:26","2025-12-29 12:34:26"
1969,2025-09-15,,16,1,"BES yatırım.",2000.00,1.000,0.00,2000.00,0,0,,"2025-12-29 12:36:21","2025-12-29 12:36:21"
1970,2025-10-15,,16,1,"BES yatırım.",2000.00,1.000,0.00,2000.00,0,0,,"2025-12-29 12:36:46","2025-12-29 12:36:46"
1971,2025-11-17,,16,1,"BES yatırım.",2670.00,1.000,0.00,2670.00,0,0,,"2025-12-29 12:38:22","2025-12-29 12:38:22"
1972,2025-12-15,,16,1,"BES yatırım.",2670.00,1.000,0.00,2670.00,0,0,,"2025-12-29 12:38:50","2025-12-29 12:38:50"
1973,2025-12-24,,16,1,"BES yatırım.",330.00,1.000,0.00,330.00,0,0,,"2025-12-29 12:39:07","2025-12-29 12:39:07"
1974,2025-12-17,,13,1,otopark,180.00,1.000,30.00,210.00,1,0,,"2025-12-29 13:04:20","2025-12-29 13:04:20"
1975,2025-12-27,,18,1,"2 çay",150.00,1.000,13.64,163.64,1,0,,"2025-12-29 13:09:20","2025-12-29 13:09:20"
1976,2025-12-26,,24,1,"elektrik faturası.",243.00,1.000,0.00,243.00,0,0,,"2025-12-29 13:27:25","2025-12-29 13:27:25"
1977,2025-11-10,,24,1,"Telefon Faturası",234.00,1.000,0.00,234.00,1,0,,"2025-12-29 13:30:30","2025-12-29 13:30:30"
1978,2025-12-15,,24,1,"doğalgaz faturası",300.00,1.000,0.00,300.00,0,0,,"2025-12-29 13:47:52","2025-12-29 13:47:52"
1979,2025-12-21,,16,1,"50$ hayat sigortası birikimi.",2139.71,1.000,0.00,2139.71,0,0,,"2025-12-29 13:49:28","2025-12-29 13:49:28"
1980,2025-12-16,,24,1,"Amazon Prime üyeliği.",69.90,1.000,0.00,69.90,0,0,,"2025-12-29 13:51:03","2025-12-29 13:55:54"
1981,2025-11-16,,24,1,"Amazon Prime üyeliği.",49.90,1.000,0.00,49.90,0,0,,"2025-12-29 13:52:03","2025-12-29 13:56:39"
1982,2025-10-16,,24,1,"Amazon Prime üyeliği.",49.90,1.000,0.00,49.90,0,0,,"2025-12-29 13:53:57","2025-12-29 13:56:19"
1983,2025-09-16,,24,1,"Amazon Prime üyeliği.",49.90,1.000,0.00,49.90,0,0,,"2025-12-29 13:54:41","2025-12-29 13:55:27"
1984,2025-07-16,,24,1,"Amazon Prime üyeliği.",49.90,1.000,0.00,49.90,0,0,,"2025-12-29 13:58:07","2025-12-29 13:58:07"
1985,2025-06-16,,24,1,"Amazon Prime üyeliği.",49.90,1.000,0.00,49.90,0,0,,"2025-12-29 13:58:26","2025-12-29 13:58:26"
1986,2025-05-16,,24,1,"Amazon Prime üyeliği.",39.00,1.000,0.00,39.00,0,0,,"2025-12-29 13:59:23","2025-12-29 13:59:23"
1987,2025-04-16,,24,1,"Amazon Prime üyeliği.",39.00,1.000,0.00,39.00,0,0,,"2025-12-29 13:59:44","2025-12-29 13:59:44"
1988,2025-03-16,,24,1,"Amazon Prime üyeliği.",39.00,1.000,0.00,39.00,0,0,,"2025-12-29 14:00:21","2025-12-29 14:00:21"
1989,2025-01-16,,24,1,"Amazon Prime üyeliği.",39.00,1.000,0.00,39.00,0,0,,"2025-12-29 14:00:55","2025-12-29 14:00:55"
1990,2024-12-16,,24,1,"Amazon Prime üyeliği.",39.00,1.000,0.00,39.00,0,0,,"2025-12-29 14:01:48","2025-12-29 14:01:48"
1991,2024-12-21,,24,1,"Netflix abonelik ücreti.",299.99,1.000,0.00,299.99,0,0,,"2025-12-29 14:03:06","2025-12-29 14:03:06"
1992,2025-01-21,,24,1,"Netflix abonelik ücreti.",299.99,1.000,0.00,299.99,0,0,,"2025-12-29 14:06:08","2025-12-29 14:06:08"
1993,2025-02-21,,24,1,"Netflix abonelik ücreti.",299.99,1.000,0.00,299.99,0,0,,"2025-12-29 14:07:16","2025-12-29 14:07:16"
1994,2025-04-21,,24,1,"Netflix abonelik ücreti.",299.99,1.000,0.00,299.99,0,0,,"2025-12-29 14:09:10","2025-12-29 14:09:10"
1995,2025-05-21,,24,1,"Netflix abonelik ücreti.",299.99,1.000,0.00,299.99,0,0,,"2025-12-29 14:10:24","2025-12-29 14:10:24"
1996,2025-06-21,,24,1,"Netflix abonelik ücreti.",299.99,1.000,0.00,299.99,0,0,,"2025-12-29 14:11:14","2025-12-29 14:11:14"
1997,2025-09-21,,24,1,"Netflix abonelik ücreti.",379.99,1.000,0.00,379.99,0,0,,"2025-12-29 14:13:18","2025-12-29 14:13:18"
1998,2025-10-21,,24,1,"Netflix abonelik ücreti.",379.99,1.000,0.00,379.99,0,0,,"2025-12-29 14:14:14","2025-12-29 14:14:14"
1999,2025-12-21,,24,1,"Netflix abonelik ücreti.",379.99,1.000,0.00,379.99,0,0,,"2025-12-29 14:15:44","2025-12-29 14:15:44"
2000,2025-12-17,,17,1,Bira,225.00,1.000,20.45,245.45,1,0,,"2025-12-29 15:01:46","2025-12-29 15:01:46"
2001,2025-12-21,,13,1,otopark,120.00,1.000,20.00,140.00,1,0,,"2025-12-29 15:03:49","2025-12-29 15:03:49"
2002,2025-12-20,,17,1,"bira ve mint şeker",252.33,1.000,0.00,252.33,0,0,,"2025-12-29 15:04:55","2025-12-29 15:04:55"
2003,2025-12-16,,2,1,yiyecek,225.00,1.000,20.45,245.45,1,0,,"2025-12-29 15:05:31","2025-12-29 15:05:31"
2004,2025-12-11,,18,1,"kahve sandviç",295.00,1.000,26.82,321.82,1,0,,"2025-12-29 15:06:29","2025-12-29 15:06:29"
2005,2025-12-10,,18,1,"kahve sandviç",463.00,1.000,42.09,505.09,1,0,,"2025-12-29 15:07:59","2025-12-29 15:07:59"
2006,2025-12-13,,8,1,"Simit Kruvasan",299.25,1.000,2.96,302.21,1,0,,"2025-12-29 15:09:22","2025-12-29 15:09:22"
2007,2025-12-13,,2,1,"Filiz Yeşim ben yemek.",1260.00,1.000,114.55,1374.55,1,0,,"2025-12-29 15:10:37","2025-12-29 15:10:37"
2008,2025-12-12,,2,1,köfteburger,150.00,1.000,13.64,163.64,1,0,,"2025-12-29 15:11:30","2025-12-29 15:11:30"
2009,2026-01-02,,24,1,"Su faturası.",206.00,1.000,0.00,206.00,0,0,,"2025-12-29 15:20:43","2025-12-29 15:20:43"
2010,2025-12-10,,9,1,"Post Öykü",80.00,1.000,0.00,80.00,0,0,,"2025-12-29 15:23:18","2025-12-29 15:23:18"
2011,2025-12-10,,17,1,"2 blanc",213.60,1.000,0.00,213.60,0,0,,"2025-12-29 15:23:45","2025-12-29 15:23:45"
2012,2025-12-12,,1,1,"49,82lt x 54,8₺",2730.00,1.000,455.00,3185.00,0,0,,"2025-12-29 15:25:10","2025-12-29 15:25:10"
2013,2025-12-13,,1,1,"16,44lt x 54,8₺",900.91,1.000,150.15,1051.06,1,0,,"2025-12-29 15:26:20","2025-12-29 15:26:20"
2014,2025-12-27,,2,1,içecek,750.00,1.000,68.18,818.18,1,0,,"2025-12-29 15:28:22","2025-12-29 15:28:22"
2015,2025-12-28,,2,1,"Yoğurtlu tantuni",200.00,1.000,18.18,218.18,1,0,,"2025-12-29 15:29:18","2025-12-29 15:29:18"
2016,2025-12-26,,2,1,"pilav üstü tavuk.",135.00,1.000,0.00,135.00,1,0,,"2025-12-29 15:30:05","2025-12-29 15:30:05"
2017,2025-12-27,,18,1,Amerikano,135.00,1.000,12.27,147.27,1,0,,"2025-12-29 15:30:45","2025-12-29 15:30:45"
2018,2025-12-28,,17,1,"2 bira",400.00,1.000,36.36,436.36,1,0,,"2025-12-29 15:31:23","2025-12-29 15:31:23"
2019,2025-12-28,,13,1,otopark,50.00,1.000,8.33,58.33,1,0,,"2025-12-29 15:32:25","2025-12-29 15:32:25"
2020,2025-12-14,,18,1,Amerikano,145.00,1.000,13.18,158.18,1,0,,"2025-12-29 15:32:57","2025-12-29 15:32:57"
2021,2025-12-13,,13,1,otopark,450.00,1.000,75.00,525.00,1,0,,"2025-12-29 15:33:39","2025-12-29 15:33:39"
2022,2025-12-13,,8,1,"abur cubur",85.00,1.000,0.00,85.00,0,0,,"2025-12-29 15:34:35","2025-12-29 15:34:35"
2023,2025-12-12,,18,1,içecek,415.00,1.000,37.73,452.73,1,0,,"2025-12-29 15:36:09","2025-12-29 15:36:09"
2024,2025-12-12,,2,1,Kahvaltı,1000.00,1.000,90.91,1090.91,1,0,,"2025-12-29 15:37:22","2025-12-29 15:37:22"
2025,2025-12-06,,2,1,"Annemlerin yediği yemek.",1775.00,1.000,161.36,1936.36,1,0,,"2025-12-29 15:38:40","2025-12-29 15:38:40"
2026,2025-12-29,,8,1,"Market alışverişi",1649.53,1.000,0.00,1649.53,0,0,,"2025-12-30 16:27:12","2025-12-30 16:27:12"
2027,2025-12-31,,8,1,"Abur cubur",220.00,1.000,0.00,220.00,0,0,,"2025-12-31 12:35:00","2025-12-31 12:35:00"
2028,2025-12-30,,17,1,"2 bira",400.00,1.000,0.00,400.00,0,0,,"2025-12-31 12:35:16","2025-12-31 12:35:16"
2029,2025-12-30,,2,1,"Filiz ile lahmacun ve tatlı.",1060.00,1.000,96.38,1156.38,1,0,,"2025-12-31 12:35:53","2025-12-31 12:35:53"
2030,2025-12-31,,17,1,"100'lük cin.",1175.00,1.000,0.00,1175.00,0,0,,"2025-12-31 16:28:36","2025-12-31 16:28:36"
2031,2025-12-31,,27,1,"mahiryildizhan.com adresi 5 yıllık uzatma bedeli.",3120.96,1.000,0.00,3120.96,1,0,,"2025-12-31 16:29:13","2025-12-31 16:29:13"
2032,2025-12-31,,28,1,"2 adet akım gerilim koruma rölesi temini.",2478.00,1.000,0.00,2478.00,1,0,,"2025-12-31 16:30:40","2025-12-31 16:30:40"
2033,2025-12-31,,21,1,"2026 ajandası",350.00,1.000,31.82,381.82,1,0,,"2025-12-31 16:31:46","2025-12-31 16:31:46"
2034,2025-12-31,,8,1,"Market alışverişi",220.12,1.000,0.00,220.12,0,0,,"2025-12-31 16:32:23","2025-12-31 16:32:23"
2035,2025-12-31,,17,1,"Yılbaşı için 262'ye giriş bedeli.",500.00,1.000,0.00,500.00,0,0,,"2025-12-31 16:50:00","2025-12-31 16:50:00"
2036,2025-12-31,,16,1,"otomatik yatırım.",1000.00,1.000,0.00,1000.00,0,0,,"2025-12-31 17:35:56","2025-12-31 17:35:56"
2037,2025-12-31,,17,1,"Yılbaşı gecesi içtiklerimin bedeli.",1200.00,1.000,0.00,1200.00,0,0,,"2026-01-01 12:55:01","2026-01-01 12:55:01"
2038,2026-01-01,,9,1,"Dragon ball 19 - 20",240.00,1.000,0.00,240.00,0,0,,"2026-01-01 13:54:20","2026-01-01 13:54:20"
2039,2026-01-01,,22,1,"2 tshirt 2 çarşaf",861.22,1.000,0.00,861.22,0,0,,"2026-01-01 13:55:39","2026-01-01 13:55:39"
2040,2026-01-02,,27,1,"Life App 41 alan adının 2 yıllık satın alımı.",702.67,1.000,0.00,702.67,0,0,,"2026-01-02 13:27:12","2026-01-02 13:27:12"
2041,2026-01-04,,16,1,"Otomatik yatırım.",750.00,1.000,0.00,750.00,0,0,,"2026-01-04 21:51:35","2026-01-04 21:51:35"
2042,2026-01-03,,18,1,"Benzinlikten makine kahvesi aldım.",85.00,1.000,0.00,85.00,0,0,,"2026-01-04 22:41:25","2026-01-04 22:41:25"
2043,2026-01-02,,2,1,"Eraylarla künefe",1332.00,1.000,121.09,1453.09,1,0,,"2026-01-04 22:42:05","2026-01-04 22:42:05"
2044,2026-01-03,,2,1,"Akşam yemeği.",470.00,1.000,42.73,512.73,1,0,,"2026-01-04 22:42:41","2026-01-04 22:42:41"
2045,2026-01-01,,14,1,"Yılbaşı gecesi taksi ile kaptana dönüş.",324.68,1.000,0.00,324.68,0,0,,"2026-01-05 16:38:50","2026-01-05 16:38:50"
2046,2026-01-01,,2,1,"Yoğurtlu tantuni.",220.00,1.000,20.00,240.00,1,0,,"2026-01-05 16:40:23","2026-01-05 16:40:23"
2047,2026-01-02,,8,1,"Market alışverişi.",217.90,1.000,0.00,217.90,0,0,,"2026-01-05 16:41:06","2026-01-05 16:41:06"
2048,2026-01-02,,2,1,"Tavuklu makarna ayran.",240.00,1.000,21.82,261.82,1,0,,"2026-01-05 16:41:47","2026-01-05 16:41:47"
2049,2026-01-03,,2,1,"Melike'lerle künefe.",954.00,1.000,86.73,1040.73,1,0,,"2026-01-05 16:42:49","2026-01-05 16:42:49"
2050,2026-01-07,,16,1,"otomatik yatırım.",960.00,1.000,0.00,960.00,0,0,,"2026-01-07 23:25:59","2026-01-07 23:25:59"
2051,2026-01-08,,21,1,"Milonga giriş ücreti",350.00,1.000,0.00,350.00,0,0,,"2026-01-09 10:45:53","2026-01-09 10:46:09"
2052,2026-01-10,,16,1,"Otomatik yatırım",930.00,1.000,0.00,930.00,0,0,,"2026-01-10 17:25:00","2026-01-10 17:25:00"
2053,2026-01-10,,16,1,"Acil durumlar için hesaba transfer.",300.00,1.000,0.00,300.00,0,0,,"2026-01-10 17:26:24","2026-01-10 17:26:24"
2054,2026-01-11,,18,1,Amerikano,75.00,1.000,0.00,75.00,1,0,,"2026-01-11 11:23:55","2026-01-11 11:23:55"
2055,2026-01-10,,8,1,"abur cubur",95.00,1.000,0.00,95.00,0,0,,"2026-01-11 11:24:23","2026-01-11 11:24:23"
2056,2026-01-10,,17,1,"Nazlı ile 2 bira bir kokteyl",660.00,1.000,0.00,660.00,0,0,,"2026-01-11 11:24:53","2026-01-11 11:24:53"
2057,2025-12-09,,16,1,"Acil durumlar için hesaba transfer.",500.00,1.000,0.00,500.00,0,0,,"2026-01-11 11:30:31","2026-01-11 11:30:31"
2058,2025-12-24,,16,1,"Acil durumlar için hesaba transfer.",500.00,1.000,0.00,500.00,0,0,,"2026-01-11 11:30:45","2026-01-11 11:30:45"
2059,2026-01-12,,8,1,"abur cubur",60.00,1.000,0.00,60.00,0,0,,"2026-01-13 14:18:29","2026-01-13 14:18:29"
2060,2026-01-12,,17,1,"3 bira",700.00,1.000,0.00,700.00,0,0,,"2026-01-13 14:18:48","2026-01-13 14:18:48"
2061,2026-01-07,,1,1,"46,53lt x 53,19₺",2474.93,1.000,412.49,2887.42,1,0,,"2026-01-13 14:19:41","2026-01-13 14:19:41"
2062,2026-01-13,,1,1,"43,51lt x 52,99₺",2305.59,1.000,384.27,2689.86,1,0,,"2026-01-13 14:32:44","2026-01-13 14:32:44"
2063,2026-01-06,,1,1,"9,35lt x 53,46₺",500.00,1.000,83.33,583.33,1,0,,"2026-01-13 14:35:10","2026-01-13 14:35:10"
2064,2026-01-13,,27,1,"vita41 uygulaması için alan adı satın alımı.",1016.38,1.000,0.00,1016.38,1,0,,"2026-01-13 14:37:09","2026-01-13 14:37:09"
2065,2026-01-13,,16,1,"Otomatik yatırım.",620.00,1.000,0.00,620.00,0,0,,"2026-01-13 14:46:21","2026-01-13 14:46:21"
2066,2026-01-13,,19,1,"Tıraş parası",800.00,1.000,0.00,800.00,0,0,,"2026-01-14 06:39:34","2026-01-14 06:39:52"
2067,2026-01-13,,8,1,"Market alışverişi",1455.38,1.000,0.00,1455.38,0,0,,"2026-01-14 10:10:43","2026-01-14 10:10:43"
2068,2026-01-14,,17,1,"2 blanc kutu",216.00,1.000,0.00,216.00,0,0,,"2026-01-14 18:48:53","2026-01-14 18:48:53"
2069,2026-01-14,,17,1,"1 casberg fıçı",166.00,1.000,0.00,166.00,0,0,,"2026-01-14 18:58:57","2026-01-14 18:58:57"
2070,2026-01-14,,21,1,"Giriş ücreti",400.00,1.000,0.00,400.00,0,0,,"2026-01-14 19:03:25","2026-01-15 18:05:57"
2071,2026-01-15,,8,1,"Cips baharat çerez.",277.50,1.000,0.00,277.50,0,0,,"2026-01-15 18:05:44","2026-01-15 18:05:44"
2072,2026-01-16,,16,1,"Otomatik yatırım",930.00,1.000,0.00,930.00,0,0,,"2026-01-16 10:52:34","2026-01-16 10:52:34"
2073,2026-01-19,,16,1,"Otomatik yatırım.",930.00,1.000,0.00,930.00,0,0,,"2026-01-19 10:23:40","2026-01-19 10:23:40"
2074,2026-01-19,,8,1,"Ozmo süpriz yumurta",45.00,1.000,0.00,45.00,0,0,,"2026-01-19 10:32:25","2026-01-19 10:32:25"
2075,2025-12-22,,24,1,"Aralık Telefon Faturası",411.50,1.000,0.00,411.50,1,0,,"2026-01-19 10:40:09","2026-02-16 11:31:27"
2076,2025-12-26,,14,1,"HGS otomatik yükleme.",400.00,1.000,0.00,400.00,0,0,,"2026-01-19 10:41:24","2026-01-19 10:41:24"
2077,2025-12-19,,14,1,"HGS otomatik yükleme.",400.00,1.000,0.00,400.00,0,0,,"2026-01-19 10:42:48","2026-01-19 10:42:48"
2078,2025-12-13,,14,1,"HGS otomatik yükleme.",400.00,1.000,0.00,400.00,0,0,,"2026-01-19 10:44:34","2026-01-19 10:44:34"
2079,2025-12-11,,14,1,"HGS otomatik yükleme.",400.00,1.000,0.00,400.00,0,0,,"2026-01-19 10:44:44","2026-01-19 10:44:44"
2080,2026-01-17,,17,1,"2 fıçı",460.00,1.000,0.00,460.00,0,0,,"2026-01-19 11:25:09","2026-01-19 11:25:09"
2081,2026-01-13,,27,1,"Storytel Yıllık abonelik yenileme.",1199.99,1.000,0.00,1199.99,0,0,,"2026-01-19 11:28:04","2026-01-19 11:28:04"
2082,2026-01-15,,16,1,"BES yatırım.",3000.00,1.000,0.00,3000.00,0,0,,"2026-01-19 11:28:33","2026-01-19 11:28:33"
2083,2026-01-11,,14,1,"HGS otomatik yükleme.",400.00,1.000,0.00,400.00,0,0,,"2026-01-19 11:28:52","2026-01-19 11:28:52"
2084,2026-01-16,,21,1,"Mu Online first top-up.",124.99,1.000,0.00,124.99,0,0,,"2026-01-19 11:29:51","2026-01-19 11:29:51"
2085,2026-01-16,,24,1,"doğalgaz faturası",1126.00,1.000,0.00,1126.00,0,0,,"2026-01-19 11:30:24","2026-01-19 11:30:24"
2086,2026-01-16,,24,1,"2TB üyelik.",399.99,1.000,0.00,399.99,0,0,,"2026-01-19 11:31:04","2026-02-16 10:25:24"
2087,2026-01-16,,24,1,"Amazon Prime üyeliği.",69.90,1.000,0.00,69.90,0,0,,"2026-01-19 11:31:55","2026-01-19 11:31:55"
2088,2026-01-19,,2,1,"Sandviç ve su.",240.00,1.000,21.82,261.82,1,0,,"2026-01-19 13:06:38","2026-01-19 13:06:38"
2089,2026-01-19,,9,1,"Post Öykü",150.00,1.000,0.00,150.00,0,0,,"2026-01-19 13:34:06","2026-01-19 13:34:06"
2090,2026-01-20,,1,1,"47,86lt x 54,33₺",2600.00,1.000,433.33,3033.33,1,0,,"2026-01-20 10:01:15","2026-01-20 10:01:27"
2091,2026-01-20,,8,1,"Abur cubur",105.00,1.000,0.00,105.00,0,0,,"2026-01-20 11:45:48","2026-01-20 11:45:48"
2092,2026-01-19,,17,1,"1 bira",230.00,1.000,0.00,230.00,0,0,,"2026-01-20 11:46:12","2026-01-20 11:46:12"
2093,2026-01-21,,12,1,"Yıllık TSS ödemesi. 3 taksitle ödeyeceğim.",30784.00,1.000,0.00,30784.00,0,0,,"2026-01-21 22:01:47","2026-01-21 22:01:47"
2094,2026-01-22,,16,1,"Otomatik yatırım.",1395.00,1.000,0.00,1395.00,0,0,,"2026-01-22 09:35:02","2026-01-22 09:35:02"
2095,2026-01-20,,18,1,amerikano,185.00,1.000,16.82,201.82,1,0,,"2026-01-22 09:51:11","2026-01-22 09:51:11"
2096,2026-01-26,,24,1,"Elektrik faturası.",271.00,1.000,0.00,271.00,0,0,,"2026-01-22 09:52:51","2026-01-22 09:52:51"
2097,2026-01-16,,28,1,"Elektrik malzemeleri için kutu.",120.00,1.000,0.00,120.00,0,0,,"2026-01-22 10:03:17","2026-01-22 10:03:17"
2098,2026-01-21,,8,1,"Market alışverişi.",384.57,1.000,0.00,384.57,0,0,,"2026-01-22 10:04:11","2026-01-22 10:04:11"
2099,2026-01-17,,2,1,"Yoğurtlu tantuni.",200.00,1.000,18.18,218.18,1,0,,"2026-01-22 10:04:56","2026-01-22 10:04:56"
2100,2026-01-19,,2,1,"Pilav tavuk.",170.00,1.000,15.45,185.45,1,0,,"2026-01-22 10:07:24","2026-01-22 10:07:24"
2101,2026-01-16,,2,1,"Nazlı ile kruvasan kahve.",310.00,1.000,28.18,338.18,1,0,,"2026-01-22 10:09:10","2026-01-22 10:09:17"
2102,2026-01-16,,2,1,"Öğle yemeği.",640.00,1.000,58.18,698.18,1,0,,"2026-01-22 10:10:46","2026-01-22 10:10:46"
2103,2026-01-18,,2,1,"Nazlı ile kahvaltı.",655.00,1.000,59.55,714.55,1,0,,"2026-01-22 10:11:49","2026-01-22 10:11:49"
2104,2026-01-16,,8,1,"Market alışverişi.",916.30,1.000,0.00,916.30,0,0,,"2026-01-22 10:13:19","2026-01-22 10:13:19"
2105,2026-01-05,,2,1,"Yoğurtlu yemek.",300.00,1.000,27.27,327.27,1,0,,"2026-01-22 10:14:47","2026-01-22 10:14:47"
2106,2026-01-01,,2,1,içecek.,950.00,1.000,86.36,1036.36,1,0,,"2026-01-22 10:16:40","2026-01-22 10:16:40"
2107,2026-01-08,,13,1,otopark.,200.00,1.000,33.33,233.33,1,0,,"2026-01-22 10:17:27","2026-01-22 10:17:32"
2108,2026-01-08,,2,1,"Nazlı ile öğle yemeği.",452.00,1.000,41.09,493.09,1,0,,"2026-01-22 10:19:29","2026-01-22 10:19:29"
2109,2026-01-06,,2,1,"Nazlı ile akşam yemeği.",410.00,1.000,37.27,447.27,1,0,,"2026-01-22 10:20:42","2026-01-22 10:20:42"
2110,2026-01-20,,17,1,"Dans Dans ekibiyle oturma 2 blanc",660.00,1.000,0.00,660.00,0,0,,"2026-01-22 10:24:19","2026-01-22 10:24:19"
2111,2026-01-20,,18,1,"Ozan abi ile çay ve magnolia.",370.00,1.000,33.64,403.64,1,0,,"2026-01-22 10:25:06","2026-01-22 10:25:06"
2112,2026-01-08,,13,1,otopark,140.00,1.000,23.33,163.33,1,0,,"2026-01-22 10:46:45","2026-01-22 10:46:45"
2113,2026-01-13,,2,1,"Filiz ile burger.",537.00,1.000,48.82,585.82,1,0,,"2026-01-22 10:48:00","2026-01-22 10:48:00"
2114,2026-01-05,,8,1,"Market alışverişi",612.19,1.000,0.00,612.19,0,0,,"2026-01-22 10:48:49","2026-01-22 10:48:49"
2115,2026-01-07,,18,1,"3 tane amerikano",450.00,1.000,40.91,490.91,1,0,,"2026-01-22 10:49:34","2026-01-22 10:49:34"
2116,2026-01-13,,18,1,"Cafe latte",215.00,1.000,19.55,234.55,1,0,,"2026-01-22 10:50:36","2026-01-22 10:50:36"
2117,2026-01-08,,2,1,"Yeşim ile akşam yemeği.",890.00,1.000,80.91,970.91,1,0,,"2026-01-22 10:51:25","2026-01-22 10:51:25"
2118,2026-01-07,,17,1,"2 bira (meze)",460.00,1.000,41.82,501.82,1,0,,"2026-01-22 11:21:04","2026-01-22 11:21:04"
2119,2026-01-09,,18,1,içecek,395.00,1.000,35.91,430.91,1,0,,"2026-01-22 11:22:52","2026-01-22 11:22:52"
2120,2026-01-11,,2,1,Burger,240.00,1.000,21.82,261.82,1,0,,"2026-01-22 11:23:36","2026-01-22 11:23:36"
2121,2026-01-11,,2,1,"Annemler için tatlı",170.00,1.000,15.45,185.45,1,0,,"2026-01-22 11:24:14","2026-01-22 11:24:14"
2122,2026-01-08,,18,1,"Amerikano ve latte",325.00,1.000,29.55,354.55,1,0,,"2026-01-22 11:25:44","2026-01-22 11:25:44"
2123,2026-01-07,,18,1,"Amerikano ve latte",365.00,1.000,33.18,398.18,1,0,,"2026-01-22 11:26:35","2026-01-22 11:26:35"
2124,2026-01-08,,15,1,"Kıvanç için oyuncaklara kart yükleme.",200.00,1.000,0.00,200.00,0,0,,"2026-01-22 11:40:44","2026-01-22 11:40:44"
2125,2026-01-24,,17,1,"2 bira",490.00,1.000,0.00,490.00,0,0,,"2026-01-25 07:37:27","2026-01-25 07:37:27"
2126,2026-01-25,,8,1,"Eti Karam",35.00,1.000,0.00,35.00,0,0,,"2026-01-26 12:31:25","2026-01-26 12:31:25"
2127,2026-01-22,,2,1,"Çiğ Köfte",120.00,1.000,10.91,130.91,1,0,,"2026-01-26 12:32:02","2026-01-26 12:32:02"
2128,2026-01-23,,2,1,"Yoğurtlu tantuni",200.00,1.000,18.18,218.18,1,0,,"2026-01-26 12:32:49","2026-01-26 12:32:49"
2129,2026-01-26,,1,1,"46,39lt x 53,88₺",2499.49,1.000,416.58,2916.07,1,0,,"2026-01-26 13:03:50","2026-01-26 13:03:50"
2130,2025-12-26,,24,1,"Muhasebeci ücreti",1500.00,1.000,250.00,1750.00,1,0,,"2026-01-26 13:09:16","2026-01-26 13:09:16"
2131,2026-01-26,,24,1,"Muhasebeci ücreti",2000.00,1.000,333.33,2333.33,1,0,,"2026-01-26 13:11:10","2026-01-26 13:11:10"
2132,2026-01-26,,20,1,"Devlete ödenen KDV vergisi.",791.00,1.000,0.00,791.00,0,0,,"2026-01-26 13:13:04","2026-01-26 13:13:04"
2133,2026-01-26,,20,1,"Stopaj vergisi",1239.70,1.000,0.00,1239.70,0,0,,"2026-01-26 13:13:37","2026-01-26 13:13:37"
2134,2026-01-26,,16,1,"Bağkur ödemesi",7736.63,1.000,0.00,7736.63,1,0,,"2026-01-26 13:14:42","2026-01-26 13:14:42"
2135,2026-01-28,,21,1,"milonga giriş ücreti.",400.00,1.000,0.00,400.00,0,0,,"2026-01-29 13:09:45","2026-01-29 13:09:45"
2136,2026-01-26,,16,1,"otomatik yatırım.",2170.00,1.000,0.00,2170.00,0,0,,"2026-01-29 13:18:22","2026-01-29 13:18:22"
2137,2026-01-28,,17,1,"2 bira bir çörçil",410.00,1.000,0.00,410.00,0,0,,"2026-01-29 13:19:10","2026-01-29 13:19:10"
2138,2026-01-30,,8,1,"Market alışverişi",221.89,1.000,0.00,221.89,0,0,,"2026-01-30 07:28:32","2026-01-30 07:28:32"
2139,2026-01-30,,16,1,"Acil durumlar için hesaba transfer.",200.00,1.000,0.00,200.00,0,0,,"2026-01-30 11:12:35","2026-01-30 11:12:35"
2140,2026-01-27,,18,1,"2 su",70.00,1.000,0.00,70.00,0,0,,"2026-01-30 11:15:36","2026-01-30 11:15:36"
2141,2026-02-03,,8,1,"abur cubur",182.00,1.000,0.00,182.00,0,0,,"2026-02-04 13:09:02","2026-02-04 13:09:02"
2142,2026-01-31,,22,1,"Kışlık bot ayakkabı",849.90,1.000,0.00,849.90,0,0,,"2026-02-04 13:09:51","2026-02-04 13:09:51"
2143,2026-01-31,,17,1,"Smirnoff North ve 1 bira",1250.00,1.000,0.00,1250.00,0,0,,"2026-02-04 13:10:28","2026-02-04 13:11:03"
2144,2026-02-01,,26,1,"Nazlı için bakır bileklik hediye.",300.00,1.000,0.00,300.00,0,0,,"2026-02-04 13:14:32","2026-02-04 13:14:32"
2145,2026-01-31,,17,1,"CSO içinde 1 bira içtim.",250.00,1.000,0.00,250.00,0,0,,"2026-02-04 13:16:54","2026-02-04 13:16:54"
2146,2026-01-31,,9,1,"Anıtkabir hatırası kartpostal.",50.00,1.000,0.00,50.00,0,0,,"2026-02-04 13:17:42","2026-02-04 13:17:42"
2147,2026-01-29,,17,1,"1 bira",230.00,1.000,0.00,230.00,0,0,,"2026-02-04 13:18:36","2026-02-04 13:18:36"
2148,2026-02-05,,17,1,"2 bira",460.00,1.000,0.00,460.00,0,0,,"2026-02-06 11:38:03","2026-02-06 11:38:03"
2149,2026-02-05,,26,1,"3 north shot",510.00,1.000,0.00,510.00,0,0,,"2026-02-06 11:38:56","2026-02-06 11:38:56"
2150,2026-02-04,,18,1,Amerikano,150.00,1.000,0.00,150.00,0,0,,"2026-02-07 16:19:08","2026-02-07 16:19:08"
2152,2026-02-13,,24,1,"doğalgaz faturası",731.00,1.000,0.00,731.00,0,0,,"2026-02-09 00:41:10","2026-02-09 00:41:10"
2153,2026-02-04,,21,1,"Çipil için balık yemi.",100.00,1.000,0.00,100.00,0,0,,"2026-02-09 00:42:09","2026-02-09 00:42:09"
2154,2026-01-31,,21,1,"Ankara'daki milonga girişi.",350.00,1.000,0.00,350.00,0,0,,"2026-02-09 00:43:32","2026-02-09 00:43:32"
2155,2026-02-02,,8,1,"Market alışverişi",1278.04,1.000,0.00,1278.04,0,0,,"2026-02-09 00:44:02","2026-02-09 00:44:02"
2156,2026-02-06,,2,1,"Melike ve Nazlı ile tatlıcıda tatlı.",1560.00,1.000,141.82,1701.82,1,0,,"2026-02-09 00:45:28","2026-02-09 00:45:28"
2157,2026-01-30,,2,1,"çiğ köfte",280.00,1.000,25.45,305.45,1,0,,"2026-02-09 00:46:25","2026-02-09 00:46:25"
2158,2025-12-31,,8,1,"Eray Filiz Yeşim'le kahve.",475.00,1.000,43.18,518.18,1,1,,"2026-02-09 00:47:42","2026-02-09 00:47:42"
2159,2026-01-31,,18,1,"Kahve ortaklaşa payıma düşen.",118.75,1.000,0.00,118.75,0,0,,"2026-02-09 00:48:39","2026-02-09 00:48:39"
2160,2026-02-02,,2,1,"Nazlı ile öğlen yemeği.",815.00,1.000,74.09,889.09,1,0,,"2026-02-09 01:05:05","2026-02-09 01:05:05"
2161,2026-01-30,,8,1,"Market alışverişi",510.59,1.000,0.00,510.59,0,0,,"2026-02-09 01:06:03","2026-02-09 01:06:03"
2162,2026-01-26,,2,1,yiyecek.,500.00,1.000,45.45,545.45,1,0,,"2026-02-09 01:07:18","2026-02-09 01:07:18"
2163,2025-12-30,,2,1,"yoğurtlu tantuni",200.00,1.000,18.18,218.18,1,0,,"2026-02-09 01:08:10","2026-02-09 01:08:10"
2164,2026-01-27,,2,1,"Burger ve tost Nazlı ile.",800.00,1.000,72.73,872.73,1,0,,"2026-02-09 01:09:33","2026-02-09 16:02:42"
2165,2026-01-31,,2,1,"Boşveer ekibi ile yemek.",3270.00,1.000,297.27,3567.27,1,1,,"2026-02-09 01:11:53","2026-02-09 01:11:53"
2166,2026-02-01,,18,1,"Boşveer ekibi ile kahve.",725.00,1.000,65.91,790.91,1,1,,"2026-02-09 01:14:07","2026-02-09 01:14:07"
2167,2026-02-01,,21,1,"Müze giriş ücreti.",150.00,1.000,0.00,150.00,0,0,,"2026-02-09 01:15:05","2026-02-09 01:15:05"
2168,2026-02-01,,2,1,"Boşveer ekibi ile kahvaltı. Krovasante.",2481.00,1.000,225.55,2706.55,1,1,,"2026-02-09 01:16:37","2026-02-09 01:16:37"
2169,2026-02-01,,18,1,"Boşveer ekibi ile kahve.",830.00,1.000,75.45,905.45,1,1,,"2026-02-09 01:18:20","2026-02-09 01:18:20"
2170,2026-01-31,,1,1,"48,97lt x 55,96₺",2740.36,1.000,456.73,3197.09,1,0,,"2026-02-09 01:19:33","2026-02-09 01:19:33"
2171,2026-02-01,,8,1,"Ekiple aburcubur.",280.00,1.000,0.00,280.00,0,0,,"2026-02-09 01:20:31","2026-02-09 01:20:31"
2172,2026-02-01,,2,1,"Boşveer ekibi ile yemek.",2300.00,1.000,209.09,2509.09,1,1,,"2026-02-09 01:21:27","2026-02-09 01:21:27"
2173,2026-02-01,,1,1,"40,35lt x 56,28₺",2270.90,1.000,378.48,2649.38,1,0,,"2026-02-09 01:23:28","2026-02-09 01:23:28"
2174,2026-02-07,,17,1,"3 bira",360.00,1.000,0.00,360.00,0,0,,"2026-02-09 16:01:29","2026-02-09 16:01:29"
2175,2026-02-08,,8,1,"abur cubur",130.00,1.000,0.00,130.00,0,0,,"2026-02-09 16:04:22","2026-02-09 16:04:22"
2176,2026-02-08,,2,1,"2 lahmacun",380.00,1.000,34.55,414.55,1,0,,"2026-02-09 16:06:13","2026-02-09 16:06:18"
2177,2026-02-08,,2,1,"3 diş kuru baklava",227.80,1.000,2.26,230.06,1,0,,"2026-02-09 16:06:46","2026-02-09 16:06:46"
2178,2026-02-10,,2,1,"Tavuk dürüm ayran",200.00,1.000,0.00,200.00,0,0,,"2026-02-10 14:17:44","2026-02-10 14:17:44"
2179,2026-02-09,,8,1,"Abur cubur",33.00,1.000,0.00,33.00,0,0,,"2026-02-10 14:19:01","2026-02-10 14:19:01"
2180,2026-02-10,,15,1,"Kıvanç için 3 çocuk kitabı",100.00,1.000,0.00,100.00,0,0,,"2026-02-10 14:21:17","2026-02-10 14:21:17"
2181,2026-02-10,,16,1,"AFA fonu için haftalık transfer.",600.00,1.000,0.00,600.00,0,0,,"2026-02-10 14:27:18","2026-02-10 14:27:18"
2182,2026-02-11,,20,1,"Tuvalet ücreti",15.00,1.000,0.00,15.00,0,0,,"2026-02-11 16:18:24","2026-02-11 16:18:24"
2183,2026-02-11,,21,1,"milonga giriş ücreti.",400.00,1.000,0.00,400.00,0,0,,"2026-02-12 06:24:32","2026-02-12 06:24:32"
2184,2026-02-12,,17,1,"2 blanc fıçı",650.00,1.000,0.00,650.00,0,0,,"2026-02-12 06:25:06","2026-02-12 06:25:06"
2185,2026-02-11,,2,1,"Gece az mercimek çorbası",60.00,1.000,0.00,60.00,0,0,,"2026-02-12 06:25:41","2026-02-12 06:25:41"
2186,2026-02-11,,8,1,"Abur cubur",230.00,1.000,0.00,230.00,0,0,,"2026-02-12 06:27:27","2026-02-12 06:27:27"
2187,2026-02-11,,17,1,"2 kutu bira",240.00,1.000,0.00,240.00,0,0,,"2026-02-12 06:27:56","2026-02-12 06:27:56"
2188,2026-02-13,,15,1,"Cuma camii bağışı",30.00,1.000,0.00,30.00,0,0,,"2026-02-13 10:58:03","2026-02-13 10:58:03"
2189,2026-02-12,,8,1,"Pilav üstü tavuk.",150.00,1.000,0.00,150.00,0,0,,"2026-02-13 10:58:38","2026-02-13 10:58:38"
2190,2026-02-14,,17,1,"4 blanc",480.00,1.000,0.00,480.00,0,0,,"2026-02-15 18:00:10","2026-02-15 18:00:10"
2191,2026-02-16,,16,1,"AFA fonu için haftalık transfer.",700.00,1.000,0.00,700.00,0,0,,"2026-02-16 09:03:06","2026-02-16 09:03:06"
2192,2026-02-16,,16,1,"otomatik yatırım.",2170.00,1.000,0.00,2170.00,0,0,,"2026-02-16 09:04:50","2026-02-16 09:04:50"
2193,2026-02-03,,16,1,"otomatik yatırım.",2170.00,1.000,0.00,2170.00,0,0,,"2026-02-16 09:06:44","2026-02-16 09:06:44"
2194,2026-01-30,,21,1,"4 derslik tenis ücreti.",3320.00,1.000,0.00,3320.00,0,0,,"2026-02-16 09:08:07","2026-02-16 09:08:07"
2195,2026-01-30,,16,1,"otomatik yatırım.",2000.00,1.000,0.00,2000.00,0,0,,"2026-02-16 09:09:43","2026-02-16 09:09:43"
2196,2026-02-15,,16,1,"Acil durumlar için hesaba transfer.",200.00,1.000,0.00,200.00,0,0,,"2026-02-16 09:18:56","2026-02-16 09:18:56"
2197,2026-02-15,,16,1,"Prim Bonusuna transfer.",200.00,1.000,0.00,200.00,0,0,,"2026-02-16 09:20:30","2026-02-16 09:20:30"
2198,2026-01-30,,16,1,"Prim Bonusuna transfer.",300.00,1.000,0.00,300.00,0,0,,"2026-02-16 09:25:59","2026-02-16 09:25:59"
2199,2026-02-13,,14,1,"HGS otomatik yükleme.",500.00,1.000,0.00,500.00,0,0,,"2026-02-16 10:22:23","2026-02-16 10:22:23"
2200,2026-02-11,,14,1,"HGS otomatik yükleme.",500.00,1.000,0.00,500.00,0,0,,"2026-02-16 10:22:38","2026-02-16 10:22:38"
2201,2026-02-11,,14,1,"HGS otomatik yükleme.",100.00,1.000,0.00,100.00,0,0,,"2026-02-16 10:22:49","2026-02-16 10:22:49"
2202,2026-02-16,,24,1,"2TB üyelik.",399.99,1.000,0.00,399.99,0,0,,"2026-02-16 10:27:01","2026-02-16 10:27:01"
2203,2026-01-21,,16,1,"50$ hayat sigortası birikimi.",2167.44,1.000,0.00,2167.44,0,0,,"2026-02-16 10:28:03","2026-02-16 10:28:03"
2204,2026-01-21,,14,1,"HGS otomatik yükleme.",400.00,1.000,0.00,400.00,0,0,,"2026-02-16 10:29:31","2026-02-16 10:29:31"
2205,2026-01-22,,14,1,"HGS otomatik yükleme.",400.00,1.000,0.00,400.00,0,0,,"2026-02-16 10:29:48","2026-02-16 10:29:48"
2206,2026-01-23,,14,1,"HGS otomatik yükleme.",400.00,1.000,0.00,400.00,0,0,,"2026-02-16 10:30:51","2026-02-16 10:30:51"
2207,2026-01-29,,14,1,"HGS otomatik yükleme.",400.00,1.000,0.00,400.00,0,0,,"2026-02-16 10:45:41","2026-02-16 10:45:41"
2208,2026-01-21,,24,1,"Netflix abonelik ücreti.",379.99,1.000,0.00,379.99,0,0,,"2026-02-16 11:19:26","2026-02-16 11:19:26"
2209,2026-02-01,,14,1,"HGS otomatik yükleme.",400.00,1.000,0.00,400.00,0,0,,"2026-02-16 11:19:55","2026-02-16 11:19:55"
2210,2026-02-03,,14,1,"HGS otomatik yükleme.",400.00,1.000,0.00,400.00,0,0,,"2026-02-16 11:20:08","2026-02-16 11:20:08"
2211,2026-02-05,,24,1,"Youtube Premium",159.99,1.000,0.00,159.99,0,0,,"2026-02-16 11:21:20","2026-02-16 11:21:20"
2212,2026-02-15,,8,1,"Market alışverişi.",1526.93,1.000,0.00,1526.93,0,0,,"2026-02-16 11:22:00","2026-02-16 11:22:00"
2213,2026-02-06,,24,1,"Su faturası.",178.00,1.000,0.00,178.00,0,0,,"2026-02-16 11:28:19","2026-02-16 11:28:19"
2214,2026-01-22,,24,1,"Ocak Telefon Faturası",416.75,1.000,0.00,416.75,1,0,,"2026-02-16 11:29:30","2026-02-16 11:31:06"
2215,2026-02-08,,24,1,ChatGPT,499.99,1.000,0.00,499.99,0,0,,"2026-02-16 11:38:59","2026-02-16 11:38:59"
2216,2025-12-16,,24,1,"2TB üyelik.",399.99,1.000,0.00,399.99,0,0,,"2026-02-16 11:41:09","2026-02-16 11:41:09"
2217,2026-01-05,,24,1,"Youtube Premium",159.99,1.000,0.00,159.99,0,0,,"2026-02-16 11:43:14","2026-02-16 11:43:14"
2218,2026-01-08,,24,1,ChatGPT,499.99,1.000,0.00,499.99,0,0,,"2026-02-16 11:43:57","2026-02-16 11:43:57"
2219,2025-11-16,,24,1,"2TB üyelik.",399.99,1.000,0.00,399.99,0,0,,"2026-02-16 11:45:05","2026-02-16 11:45:05"
2220,2025-11-17,,24,1,"doğalgaz faturası",38.00,1.000,0.00,38.00,0,0,,"2026-02-16 11:45:43","2026-02-16 11:45:43"
2221,2025-12-05,,24,1,"Youtube Premium",159.99,1.000,0.00,159.99,0,0,,"2026-02-16 11:47:12","2026-02-16 11:47:12"
2222,2025-12-08,,24,1,ChatGPT,499.99,1.000,0.00,499.99,0,0,,"2026-02-16 11:47:57","2026-02-16 11:47:57"
2223,2025-10-13,,14,1,"HGS otomatik yükleme.",175.00,1.000,0.00,175.00,0,0,,"2026-02-16 11:48:54","2026-02-16 11:48:54"
2224,2025-10-16,,24,1,"2TB üyelik.",399.99,1.000,0.00,399.99,0,0,,"2026-02-16 11:49:56","2026-02-16 11:49:56"
2225,2025-10-17,,24,1,"doğalgaz faturası",49.00,1.000,0.00,49.00,0,0,,"2026-02-16 11:50:42","2026-02-16 11:50:42"
2226,2025-10-17,,14,1,"HGS otomatik yükleme.",175.00,1.000,0.00,175.00,0,0,,"2026-02-16 11:51:01","2026-02-16 11:51:01"
2227,2025-10-22,,14,1,"HGS otomatik yükleme.",175.00,1.000,0.00,175.00,0,0,,"2026-02-16 11:51:51","2026-02-16 11:51:51"
2228,2025-10-26,,8,1,"abur cubur.",16.95,1.000,0.00,16.95,0,0,,"2026-02-16 11:52:27","2026-02-16 11:52:27"
2229,2025-10-29,,14,1,"HGS otomatik yükleme.",175.00,1.000,0.00,175.00,0,0,,"2026-02-16 11:53:12","2026-02-16 11:53:12"
2230,2025-10-30,,14,1,"HGS otomatik yükleme.",175.00,1.000,0.00,175.00,0,0,,"2026-02-16 11:53:39","2026-02-16 11:53:39"
2231,2025-11-01,,14,1,"HGS otomatik yükleme.",175.00,1.000,0.00,175.00,0,0,,"2026-02-16 11:54:01","2026-02-16 11:54:01"
2232,2025-11-02,,14,1,"HGS otomatik yükleme.",400.00,1.000,0.00,400.00,0,0,,"2026-02-16 11:54:28","2026-02-16 11:54:28"
2233,2025-11-05,,24,1,"Youtube Premium",159.99,1.000,0.00,159.99,0,0,,"2026-02-16 11:55:27","2026-02-16 11:55:27"
2234,2025-11-08,,24,1,ChatGPT,499.99,1.000,0.00,499.99,0,0,,"2026-02-16 11:56:19","2026-02-16 11:56:19"
2235,2025-09-14,,14,1,"HGS otomatik yükleme.",175.00,1.000,0.00,175.00,0,0,,"2026-02-16 11:57:49","2026-02-16 11:57:49"
2236,2025-09-16,,24,1,"2TB üyelik.",249.99,1.000,0.00,249.99,0,0,,"2026-02-16 11:58:47","2026-02-16 11:58:47"
2237,2025-09-23,,16,1,"50$ hayat sigortası birikimi.",2071.74,1.000,0.00,2071.74,0,0,,"2026-02-16 12:01:25","2026-02-16 12:01:25"
2238,2025-09-23,,14,1,"HGS otomatik yükleme.",175.00,1.000,0.00,175.00,0,0,,"2026-02-16 12:02:08","2026-02-16 12:02:08"
2239,2025-09-24,,14,1,"HGS otomatik yükleme.",175.00,1.000,0.00,175.00,0,0,,"2026-02-16 12:02:18","2026-02-16 12:02:18"
2240,2025-09-23,,14,1,"HGS otomatik yükleme.",180.00,1.000,0.00,180.00,0,0,,"2026-02-16 12:02:38","2026-02-16 12:02:38"
2241,2025-10-03,,14,1,"HGS otomatik yükleme.",175.00,1.000,0.00,175.00,0,0,,"2026-02-16 12:03:06","2026-02-16 12:03:06"
2242,2025-10-05,,24,1,"Youtube Premium",159.99,1.000,0.00,159.99,0,0,,"2026-02-16 12:03:45","2026-02-16 12:03:45"
2243,2025-10-08,,24,1,ChatGPT,499.99,1.000,0.00,499.99,0,0,,"2026-02-16 12:04:10","2026-02-16 12:04:10"
2244,2026-02-16,,17,1,"1 bira",250.00,1.000,0.00,250.00,0,0,,"2026-02-16 22:28:02","2026-02-16 22:28:02"
2245,2026-02-16,,21,1,"Milonga giriş ücreti.",400.00,1.000,0.00,400.00,0,0,,"2026-02-16 22:28:42","2026-02-16 22:28:42"
2246,2026-02-17,,15,1,Bahşiş,200.00,1.000,0.00,200.00,0,0,,"2026-02-17 22:37:44","2026-02-17 22:37:44"
2247,2026-02-17,,17,1,"1 bira",230.00,1.000,0.00,230.00,0,0,,"2026-02-17 22:38:18","2026-02-17 22:38:18"
2249,2026-02-17,,21,1,"İddaa parası.",100.00,1.000,0.00,100.00,0,0,,"2026-02-18 14:12:19","2026-02-18 14:12:19"
2250,2026-02-21,,17,1,"2 bira",460.00,1.000,0.00,460.00,0,0,,"2026-02-21 21:45:06","2026-02-21 21:45:06"
2251,2026-02-22,,2,1,"Yoğurtlu tavuk tantuni.",210.00,1.000,19.09,229.09,1,0,,"2026-02-21 22:39:59","2026-02-27 11:03:50"
2252,2026-02-22,,1,1,"38,65lt x 56,94",2200.73,1.000,366.79,2567.52,1,0,,"2026-02-23 10:45:28","2026-02-23 10:45:28"
2253,2026-02-22,,8,1,"Market alışverişi.",1631.22,1.000,0.00,1631.22,0,0,,"2026-02-23 10:49:11","2026-02-23 10:49:11"
2254,2026-02-20,,2,1,"Filiz ile Çınaraltı'nda tatlı. G?",539.00,1.000,49.00,588.00,1,0,,"2026-02-23 10:52:51","2026-02-23 10:52:51"
2255,2026-02-20,,2,1,"Filiz ile Çınaraltı'nda tatlı.",539.00,1.000,49.00,588.00,1,1,,"2026-02-23 10:53:10","2026-02-23 10:53:10"
2256,2026-02-25,,27,1,"2TB Depolama Alanı",2049.99,1.000,0.00,2049.99,0,0,,"2026-02-25 10:19:12","2026-02-25 10:19:12"
2257,2026-02-24,,19,1,"Tıraş parası",800.00,1.000,0.00,800.00,0,0,,"2026-02-25 12:13:52","2026-02-25 12:13:52"
2258,2026-02-23,,16,1,"AFA fonu için haftalık transfer.",700.00,1.000,0.00,700.00,0,0,,"2026-02-25 12:14:19","2026-02-25 12:14:19"
2259,2026-02-23,,16,1,"otomatik yatırım.",2240.00,1.000,0.00,2240.00,0,0,,"2026-02-25 12:14:59","2026-02-25 12:14:59"
2260,2026-02-19,,16,1,"oto trade denemesi",400.00,1.000,0.00,400.00,0,0,,"2026-02-25 12:15:35","2026-02-25 12:15:46"
2261,2026-02-19,,21,1,"İddaa parası. G?",100.00,1.000,0.00,100.00,0,0,,"2026-02-25 12:16:49","2026-02-25 12:16:49"
2262,2026-02-18,,17,1,"2 bira",420.00,1.000,0.00,420.00,0,0,,"2026-02-25 12:18:34","2026-02-25 12:18:34"
2263,2026-02-25,,21,1,"milonga giriş ücreti.",400.00,1.000,0.00,400.00,0,0,,"2026-02-25 12:19:31","2026-02-25 12:19:31"
2264,2026-02-25,,17,1,"1 bira",210.00,1.000,0.00,210.00,0,0,,"2026-02-26 13:38:54","2026-02-26 13:38:54"
2265,2026-02-25,,26,1,"Melinda ile küpte yemek ve şarap.",1285.00,1.000,0.00,1285.00,0,0,,"2026-02-26 13:39:59","2026-02-26 13:39:59"
2266,2026-02-25,,2,1,Burger,380.00,1.000,0.00,380.00,0,0,,"2026-02-26 13:40:21","2026-02-26 13:40:21"
2267,2026-02-26,,8,1,"1 bira G?",230.00,1.000,0.00,230.00,0,0,,"2026-02-26 23:04:37","2026-02-26 23:04:37"
2268,2026-02-26,,8,1,"Market alışverişi",854.03,1.000,0.00,854.03,0,0,,"2026-02-27 08:50:04","2026-02-27 08:50:04"
2269,2026-02-25,,13,1,Otopark,300.00,1.000,50.00,350.00,1,0,,"2026-02-27 10:52:36","2026-02-27 10:52:36"
2270,2026-03-06,,24,1,"Su faturası.",179.00,1.000,0.00,179.00,0,0,,"2026-02-27 10:55:28","2026-02-27 10:55:28"
2271,2026-02-21,,18,1,"Nazlı ile kahve.",325.00,1.000,29.55,354.55,1,0,,"2026-02-27 10:56:23","2026-02-27 10:56:23"
2272,2026-02-20,,18,1,KSM6,210.00,1.000,19.09,229.09,1,0,,"2026-02-27 10:57:46","2026-02-27 10:57:46"
2273,2026-02-12,,17,1,,350.00,1.000,0.00,350.00,0,0,,"2026-02-27 11:06:06","2026-02-27 11:06:06"
2274,2026-02-26,,24,1,"Muhasebeci ücreti",2000.00,1.000,333.33,2333.33,1,0,,"2026-02-27 12:04:22","2026-02-27 12:04:22"
2275,2026-02-26,,20,1,"Geçici vergi.",1095.20,1.000,0.00,1095.20,0,0,,"2026-02-27 12:04:57","2026-02-27 12:06:28"
2276,2026-02-26,,20,1,"Devlete ödenen KDV vergisi.",791.00,1.000,0.00,791.00,0,0,,"2026-02-27 12:06:20","2026-02-27 12:06:44"
2277,2026-02-26,,16,1,"Bağkur ödemesi",10156.73,1.000,0.00,10156.73,1,0,,"2026-02-27 12:07:23","2026-02-27 12:10:14"
2278,2026-02-12,,2,1,"Başkasının fişi masraf olarak alındı.",1170.00,1.000,106.36,1276.36,1,1,,"2026-02-27 12:42:39","2026-02-27 12:42:39"
2279,2026-02-11,,17,1,"2 bira içecek masraf",650.00,1.000,59.09,709.09,1,0,,"2026-02-27 12:46:18","2026-02-27 12:46:18"
2280,2026-02-17,,1,1,"45,72lt x 56,87₺",2600.10,1.000,433.35,3033.45,1,0,,"2026-02-27 12:47:41","2026-02-27 12:47:41"
2281,2026-02-19,,18,1,"Kahve çikolata",165.00,1.000,10.54,175.54,1,0,,"2026-02-27 12:49:07","2026-02-27 12:49:07"
2282,2026-02-13,,2,1,Yiyecek,500.00,1.000,45.45,545.45,1,0,,"2026-02-27 12:49:59","2026-02-27 12:49:59"
2283,2026-02-11,,18,1,"Kahve çikolata",165.00,1.000,9.33,174.33,1,0,,"2026-02-27 12:51:04","2026-02-27 12:51:04"
2284,2026-02-11,,1,1,"48,26lt x 55,75₺",2690.50,1.000,448.42,3138.92,1,0,,"2026-02-27 12:52:11","2026-02-27 12:52:11"
2285,2026-02-17,,2,1,"Siriraça tavuk",345.00,1.000,31.36,376.36,1,0,,"2026-02-27 12:53:09","2026-02-27 12:53:09"
2286,2026-02-18,,26,1,"Nazlı için kahve.",105.00,1.000,9.55,114.55,1,0,,"2026-02-27 12:54:14","2026-02-27 12:54:14"
2287,2026-02-17,,2,1,"Çiğ köfte dürüm.",105.00,1.000,9.55,114.55,1,0,,"2026-02-27 12:54:50","2026-02-27 12:54:50"
2288,2026-02-27,,23,1,"Bakü Konaklama",5451.48,1.000,0.00,5451.48,0,0,,"2026-02-27 13:00:18","2026-02-27 13:00:18"
2289,2026-02-28,,8,1,"Market alışverişi",389.80,1.000,0.00,389.80,0,0,,"2026-03-02 12:26:09","2026-03-02 12:26:09"
2290,2026-03-03,,1,1,"47,68lt x 58,1₺",2770.21,1.000,461.70,3231.91,1,0,,"2026-03-02 23:08:40","2026-03-02 23:08:40"
2291,2026-03-04,,2,1,"Kahve ve sandviç.",365.00,1.000,33.18,398.18,1,0,,"2026-03-04 08:26:42","2026-03-04 08:26:42"
2292,2026-03-02,,8,1,"Aburcubur G?",70.00,1.000,0.00,70.00,0,0,,"2026-03-04 10:28:30","2026-03-04 10:28:30"
2293,2026-03-04,,27,1,"Streakfrog.com adresi domain bedeli.",1076.38,1.000,0.00,1076.38,0,0,,"2026-03-04 10:32:19","2026-03-04 10:32:19"
2294,2026-02-28,,17,1,"1 bira G?",230.00,1.000,0.00,230.00,0,0,,"2026-03-04 10:33:20","2026-03-04 10:35:20"
2295,2026-03-04,,27,1,"Google geliştirici ücreti tek seferlik ödeme. myteknolojitr@gmail.com",1149.64,1.000,0.00,1149.64,0,0,,"2026-03-04 10:34:43","2026-03-04 10:34:43"
2296,2026-02-22,,8,1,"Aburcubur G?",140.00,1.000,0.00,140.00,0,0,,"2026-03-04 10:38:11","2026-03-04 10:38:11"
2297,2026-02-22,,18,1,"Su G?",25.00,1.000,0.00,25.00,0,0,,"2026-03-04 10:39:19","2026-03-04 10:39:19"
2298,2026-03-03,,8,1,"Aburcubur G?",90.00,1.000,0.00,90.00,0,0,,"2026-03-04 10:40:44","2026-03-04 10:40:44"
2299,2026-03-03,,8,1,"Etsuyu çorba. G?",120.00,1.000,20.00,140.00,1,0,,"2026-03-04 10:41:23","2026-03-04 10:41:23"
2300,2026-02-18,,17,1,"2 bira",195.00,1.000,0.00,195.00,0,0,,"2026-03-04 10:42:46","2026-03-04 10:42:46"
2301,2026-02-17,,27,1,"alicetenfikirler.xyz domain satınalımı.",109.66,1.000,0.00,109.66,0,0,,"2026-03-04 10:46:37","2026-03-04 10:46:37"
2302,2026-02-17,,14,1,"Bakü için gidiş dönüş uçak bileti payıma düşen.",7784.14,1.000,0.00,7784.14,0,0,,"2026-03-04 10:49:13","2026-03-04 10:49:13"
2303,2026-02-14,,22,1,"Basic siyah tshirt.",299.00,1.000,0.00,299.00,0,0,,"2026-03-04 10:52:18","2026-03-04 10:52:18"
2304,2026-02-14,,21,1,"Çipil için el pompası ve sticker termostat.",168.90,1.000,0.00,168.90,0,0,,"2026-03-04 10:52:58","2026-03-04 10:52:58"
2305,2026-02-14,,8,1,G?,35.00,1.000,0.00,35.00,0,0,,"2026-03-04 10:53:54","2026-03-04 10:53:54"
2306,2026-03-04,,8,1,"su G?",25.00,1.000,0.00,25.00,0,0,,"2026-03-04 11:03:15","2026-03-04 11:03:15"
2307,2026-02-13,,2,1,"Bilmiyorum. G?",340.00,1.000,0.00,340.00,0,0,,"2026-03-04 11:04:33","2026-03-04 11:04:33"
2308,2026-02-12,,8,1,"aburcubur G?",65.00,1.000,0.00,65.00,0,0,,"2026-03-04 11:05:34","2026-03-04 11:05:34"
2309,2026-02-10,,8,1,"Bilmiyorum. G?",271.64,1.000,0.00,271.64,0,0,,"2026-03-04 11:09:39","2026-03-04 11:09:39"
2310,2026-02-05,,8,1,"Aburcubur G?",41.00,1.000,0.00,41.00,0,0,,"2026-03-04 11:12:06","2026-03-04 11:12:06"
2311,2026-02-04,,8,1,"Bilmiyorum. G?",110.00,1.000,0.00,110.00,0,0,,"2026-03-04 11:13:37","2026-03-04 11:13:37"
2312,2026-02-03,,20,1,"MTV ilk taksit.",6036.26,1.000,0.00,6036.26,0,0,,"2026-03-04 11:15:35","2026-03-04 11:15:35"
2313,2026-02-02,,27,1,"Domain yenileme ücreti.",778.19,1.000,0.00,778.19,0,0,,"2026-03-04 11:17:10","2026-03-04 11:17:10"
2314,2026-02-28,,24,1,Claude,799.99,1.000,0.00,799.99,0,0,,"2026-03-04 11:19:17","2026-03-04 11:19:17"
2315,2026-02-27,,14,1,"HGS otomatik yükleme.",500.00,1.000,0.00,500.00,0,0,,"2026-03-04 11:20:21","2026-03-04 11:20:21"
2316,2026-02-26,,24,1,"Elektrik faturası.",276.00,1.000,0.00,276.00,0,0,,"2026-03-04 11:21:16","2026-03-04 11:21:16"
2317,2026-02-22,,14,1,"HGS otomatik yükleme.",500.00,1.000,0.00,500.00,0,0,,"2026-03-04 11:21:28","2026-03-04 11:21:28"
2318,2026-02-21,,24,1,"Netflix abonelik ücreti.",379.99,1.000,0.00,379.99,0,0,,"2026-03-04 11:21:59","2026-03-04 11:21:59"
2319,2026-02-21,,16,1,"50$ hayat sigortası birikimi.",2191.63,1.000,0.00,2191.63,0,0,,"2026-03-04 11:22:32","2026-03-04 11:22:32"
2320,2026-02-16,,24,1,"Amazon Prime üyeliği.",69.90,1.000,0.00,69.90,0,0,,"2026-03-04 11:23:10","2026-03-04 11:23:10"
2321,2026-02-16,,16,1,"BES yatırım.",3000.00,1.000,0.00,3000.00,0,0,,"2026-03-04 11:23:53","2026-03-04 11:23:53"
2323,2026-03-04,,16,1,"Babil'in en zengin insanı kitabından esinlenerek gelirlerimin 10'da 1'ini ayırdığım hesaba transfer.",540.00,1.000,0.00,540.00,0,0,,"2026-03-04 11:37:29","2026-03-04 11:37:29"
2324,2026-03-02,,16,1,"AFA fonu için haftalık transfer.",600.00,1.000,0.00,600.00,0,0,,"2026-03-04 11:42:42","2026-03-04 11:42:42"
2325,2026-03-02,,16,1,"otomatik yatırım.",2000.00,1.000,0.00,2000.00,0,0,,"2026-03-04 11:43:06","2026-03-04 11:43:06"
2326,2026-03-05,,16,1,"Babil'in en zengin insanı kitabından esinlenerek gelirlerimin 10'da 1'ini ayırdığım hesaba transfer.",400.00,1.000,0.00,400.00,0,0,,"2026-03-05 23:24:30","2026-03-05 23:24:30"
2327,2026-03-07,,8,1,"Muz ve çikolata G?",133.97,1.000,0.00,133.97,0,0,,"2026-03-07 09:43:50","2026-03-07 09:43:50"
2328,2026-03-07,,16,1,"Babil'in en zengin insanı kitabından esinlenerek gelirlerimin 10'da 1'ini ayırdığım hesaba transfer.",60.00,1.000,0.00,60.00,0,0,,"2026-03-07 11:20:33","2026-03-07 11:20:33"
2329,2026-03-07,,17,1,"2 bira",460.00,1.000,0.00,460.00,0,0,,"2026-03-07 11:21:41","2026-03-07 11:21:41"
2330,2026-03-07,,8,1,"Market alışverişi",730.69,1.000,0.00,730.69,0,0,,"2026-03-07 14:39:42","2026-03-07 14:39:42"
2331,2026-03-10,,16,1,"Babil'in en zengin insanı kitabından esinlenerek gelirlerimin 10'da 1'ini ayırdığım hesaba transfer.",1220.00,1.000,0.00,1220.00,0,0,,"2026-03-10 16:44:03","2026-03-10 16:44:03"
2332,2026-03-10,,16,1,"AFA fonu için haftalık transfer.",500.00,1.000,0.00,500.00,0,0,,"2026-03-10 16:44:22","2026-03-10 16:44:22"
2333,2026-03-09,,16,1,"otomatik yatırım.",1500.00,1.000,0.00,1500.00,0,0,,"2026-03-10 16:45:06","2026-03-10 16:45:20"
2334,2026-03-12,,17,1,"2 adet Bacardi Mojito G?",1640.00,1.000,0.00,1640.00,0,0,,"2026-03-13 12:52:40","2026-03-13 12:53:27"
2335,2026-03-12,,8,1,"Abur cubur G?",251.00,1.000,0.00,251.00,0,0,,"2026-03-13 12:53:20","2026-03-13 12:53:20"
2336,2026-03-15,,16,1,"otomatik yatırım.",1500.00,1.000,0.00,1500.00,0,0,,"2026-03-15 19:39:00","2026-03-15 19:39:00"
2337,2026-03-15,,16,1,"AFA fonu için haftalık transfer.",700.00,1.000,0.00,700.00,0,0,,"2026-03-15 19:39:14","2026-03-15 19:39:14"
2338,2026-03-16,,16,1,"Babil'in en zengin insanı kitabından esinlenerek gelirlerimin 10'da 1'ini ayırdığım hesaba transfer.",237.00,1.000,0.00,237.00,0,0,,"2026-03-15 21:14:16","2026-03-16 09:47:17"
2339,2026-03-16,,8,1,"Market alışverişi.",404.00,1.000,0.00,404.00,0,0,,"2026-03-17 11:24:55","2026-03-17 11:24:55"
2340,2026-03-16,,26,1,"Nazlı ile birer soda.",55.00,1.000,0.00,55.00,0,0,,"2026-03-17 11:25:24","2026-03-17 11:25:24"
2341,2026-03-08,,18,1,"Nazlı ile havaalanında birer kahve.",814.25,1.000,74.02,888.27,1,0,,"2026-03-17 11:26:40","2026-03-17 11:26:40"
2342,2026-03-17,,17,1,"1 bira",230.00,1.000,20.91,250.91,1,0,,"2026-03-17 11:27:45","2026-03-17 11:27:45"
2343,2025-02-05,,9,1,Atkı,450.00,1.000,0.00,450.00,0,0,,"2026-03-17 11:30:48","2026-03-17 11:30:48"
2344,2026-03-16,,24,1,"doğalgaz faturası",821.00,1.000,0.00,821.00,0,0,,"2026-03-17 11:32:13","2026-03-17 11:32:13"
2345,2026-03-13,,2,1,Makarna,250.00,1.000,22.73,272.73,1,0,,"2026-03-17 11:33:05","2026-03-17 11:33:05"
2346,2026-03-03,,2,1,çorba,120.00,1.000,10.91,130.91,1,0,,"2026-03-17 11:34:17","2026-03-17 11:34:17"
2347,2026-03-13,,18,1,"Nazlı ile birer kahve.",325.00,1.000,29.55,354.55,1,0,,"2026-03-17 11:35:31","2026-03-17 11:35:31"
2348,2026-03-07,,2,1,Tantuni,210.00,1.000,19.09,229.09,1,0,,"2026-03-17 11:36:52","2026-03-17 11:36:52"
2349,2026-03-05,,2,1,"Boşveer ekibi ile iftar.",2655.00,1.000,241.36,2896.36,1,1,,"2026-03-17 11:38:39","2026-03-17 11:38:39"
2350,2026-03-05,,2,1,"Boşveer ekibi ile iftar.",664.00,1.000,0.00,664.00,0,0,,"2026-03-17 11:39:43","2026-03-17 11:39:43"
2351,2026-03-07,,18,1,Amerikano,160.00,1.000,14.55,174.55,1,0,,"2026-03-17 11:40:46","2026-03-17 11:40:46"
2352,2026-03-16,,2,1,"Pilav üstü tavuk ayran.",170.00,1.000,15.45,185.45,1,0,,"2026-03-17 11:41:39","2026-03-17 11:41:39"
2353,2026-03-04,,2,1,"Antrikot ve Heinz Mayanez",563.60,1.000,12.87,576.47,1,0,,"2026-03-17 11:43:04","2026-03-17 11:43:04"
2354,2026-03-17,,1,1,"45,79lt x 61,81₺",2830.28,1.000,471.71,3301.99,1,0,,"2026-03-17 16:26:23","2026-03-17 16:26:23"
2355,2026-03-27,,24,1,"Elektrik faturası.",259.00,1.000,0.00,259.00,0,0,,"2026-03-17 16:28:28","2026-03-17 16:28:28"
2356,2026-03-17,,8,1,"Market alışverişi.",308.50,1.000,0.00,308.50,0,0,,"2026-03-17 16:29:42","2026-03-17 16:29:42"
2357,2026-03-17,,26,1,"Nazlı için telefon kılıfı.",214.99,1.000,0.00,214.99,0,0,,"2026-03-17 19:30:36","2026-03-17 19:30:36"
2358,2026-03-17,,25,1,"Kendim için telefon kılıfı",214.99,1.000,0.00,214.99,0,0,,"2026-03-17 19:30:54","2026-03-17 19:30:54"
2359,2026-03-17,,12,1,"HardLine 300gr Kreatin.",919.00,1.000,0.00,919.00,0,0,,"2026-03-17 19:31:48","2026-03-17 19:31:48"
2360,2026-03-17,,25,1,"Kendim için telefon camı",89.91,1.000,0.00,89.91,0,0,,"2026-03-17 19:32:20","2026-03-17 19:32:20"
2362,2026-03-18,,14,1,"Sabiha Gökçen havaalanından dönüş bilet bedeli.",450.00,1.000,0.00,450.00,0,0,,"2026-03-19 20:15:02","2026-03-19 20:15:02"
2363,2026-03-18,,17,1,"2 bira",550.00,1.000,0.00,550.00,0,0,,"2026-03-19 20:27:01","2026-03-19 20:27:01"
2364,2026-03-17,,14,1,"Tramvay ücreti.",31.80,1.000,0.00,31.80,0,0,,"2026-03-19 20:27:45","2026-03-19 20:27:45"
2365,2026-03-18,,2,1,"Doyuyo'da akşam yemeği.",495.00,1.000,45.00,540.00,1,0,,"2026-03-19 20:39:08","2026-03-19 20:39:16"
2366,2026-03-18,,2,1,"Starbucks'ta kahve ve sandviç",375.00,1.000,34.09,409.09,1,0,,"2026-03-19 20:40:46","2026-03-19 20:40:46"
2367,2026-03-17,,25,1,"Bıyık makası",124.20,1.000,0.00,124.20,0,0,,"2026-03-19 20:42:59","2026-03-19 20:42:59"
2368,2026-03-17,,28,1,"ElectroLux Blender set.",2659.72,1.000,0.00,2659.72,0,0,,"2026-03-19 20:44:29","2026-03-19 20:44:29"
2369,2026-03-16,,2,1,"Protein bar.",58.00,1.000,0.00,58.00,0,0,,"2026-03-19 21:10:30","2026-03-19 21:10:30"
2370,2026-03-15,,8,1,"abur cubur G?",37.50,1.000,0.00,37.50,0,0,,"2026-03-19 21:11:40","2026-03-19 21:11:40"
2371,2026-03-13,,8,1,"abur cubur G?",251.00,1.000,0.00,251.00,0,0,,"2026-03-19 21:12:22","2026-03-19 21:12:22"
2372,2026-03-13,,8,1,,50.00,1.000,0.00,50.00,0,0,,"2026-03-19 21:13:58","2026-03-19 21:13:58"
2373,2026-03-09,,22,1,"Kendime kapşonlu swithshirt.",680.51,1.000,0.00,680.51,0,0,,"2026-03-19 21:15:56","2026-03-19 21:15:56"
2374,2026-03-11,,9,1,"Hediyelik eşyalar ve koleksiyonluk atkı shot bardağı vs.",1740.23,1.000,0.00,1740.23,0,0,,"2026-03-19 21:19:43","2026-03-19 21:19:43"
2375,2026-03-10,,2,1,"Nazlı ile Şirmanşah müzesinde akşam yemeği.",2078.74,1.000,0.00,2078.74,0,0,,"2026-03-19 21:21:20","2026-03-19 21:21:20"
2376,2026-03-10,,2,1,"Nazlı ile kahvaltı.",867.45,1.000,0.00,867.45,0,0,,"2026-03-19 21:22:13","2026-03-19 21:22:13"
2377,2026-03-09,,2,1,"Nazlı ile kahvaltı.",894.90,1.000,0.00,894.90,0,0,,"2026-03-19 21:23:01","2026-03-19 21:23:01"
2378,2026-03-08,,9,1,"Küçük prens kitabı",630.37,1.000,0.00,630.37,0,0,,"2026-03-19 21:24:30","2026-03-19 21:24:30"
2379,2026-03-08,,24,1,"Kontürlü Bakcell hattı Oğuz Yeniyapan üzerinden.",406.72,1.000,0.00,406.72,0,0,,"2026-03-19 21:25:19","2026-03-19 21:25:19"
2380,2026-03-09,,9,1,"Küçük prens kitabı",400.08,1.000,0.00,400.08,0,0,,"2026-03-19 21:27:49","2026-03-19 21:27:49"
2381,2026-03-12,,14,1,"Tüm Bakü'deki Bolt harcamalarımız.",1490.00,1.000,0.00,1490.00,0,0,,"2026-03-19 21:31:13","2026-03-19 21:31:13"
2382,2026-03-12,,23,1,"Bakü'deki market, müze girişi ufak tefek kahve yiyecek gibi masraflar.",4297.00,1.000,0.00,4297.00,0,0,,"2026-03-19 21:36:37","2026-03-19 21:36:37"
2383,2026-03-08,,17,1,"Nazlı, Oğuz ve sevgilisi ile akşam bira sohbet.",1274.80,1.000,0.00,1274.80,0,0,,"2026-03-19 21:37:24","2026-03-19 21:37:24"
2384,2026-03-05,,8,1,,60.00,1.000,0.00,60.00,0,0,,"2026-03-19 21:39:03","2026-03-19 21:39:03"
2385,2026-03-19,,18,1,su,25.00,1.000,0.00,25.00,0,0,,"2026-03-19 21:39:39","2026-03-19 21:39:39"
2386,2026-03-02,,14,1,"Tramvay ücreti.",31.80,1.000,0.00,31.80,0,0,,"2026-03-19 21:40:44","2026-03-19 21:40:44"
2388,2026-03-16,,24,1,"Amazon Prime üyeliği.",69.90,1.000,0.00,69.90,0,0,,"2026-03-19 21:47:04","2026-03-19 21:47:04"
2389,2026-03-16,,24,1,"2TB üyelik.",399.99,1.000,0.00,399.99,0,0,,"2026-03-19 21:47:48","2026-03-19 21:47:48"
2390,2026-03-05,,24,1,"Youtube Premium",159.99,1.000,0.00,159.99,0,0,,"2026-03-19 21:50:14","2026-03-19 21:50:14"
2391,2026-03-07,,20,1,"Yurtdışı çıkış harç pul parası.",1250.00,1.000,0.00,1250.00,0,0,,"2026-03-19 21:51:06","2026-03-19 21:51:06"
2392,2026-03-08,,14,1,"HGS otomatik yükleme.",945.00,1.000,0.00,945.00,0,0,,"2026-03-19 21:51:57","2026-03-19 21:51:57"
2393,2026-03-09,,24,1,"Şubat Telefon Faturası",417.00,1.000,0.00,417.00,1,0,,"2026-03-19 21:52:38","2026-03-19 21:52:38"
2394,2026-03-09,,14,1,"HGS otomatik yükleme.",500.00,1.000,0.00,500.00,0,0,,"2026-03-19 21:53:05","2026-03-19 21:53:05"
2395,2026-03-21,,17,1,"Nazlı ile kokteyl ve 3 bira",600.00,1.000,0.00,600.00,0,0,,"2026-03-22 11:50:01","2026-03-22 11:50:01"
2396,2026-03-22,,2,1,"Nazlı ile akşam yemeği.",745.00,1.000,67.73,812.73,1,1,,"2026-03-22 12:10:26","2026-03-22 12:10:26"
2397,2026-03-21,,18,1,"Kahve ve çikolata.",491.40,1.000,44.67,536.07,1,0,,"2026-03-22 13:27:18","2026-03-22 13:27:18"
2398,2026-03-24,,17,1,"2 bira",460.00,1.000,0.00,460.00,0,0,,"2026-03-24 19:46:56","2026-03-24 19:46:56"
2399,2026-03-24,,18,1,"1 amerikano 2 soda 1 su",375.00,1.000,34.09,409.09,1,0,,"2026-03-24 19:48:20","2026-03-30 13:22:41"
2400,2026-03-21,,16,1,"otomatik yatırım.",1999.99,1.000,0.00,1999.99,0,0,,"2026-03-24 19:50:14","2026-03-24 19:50:14"
2401,2026-03-21,,16,1,"AFA fonu için haftalık transfer.",600.00,1.000,0.00,600.00,0,0,,"2026-03-24 19:50:35","2026-03-24 19:50:35"
2402,2026-03-18,,21,1,"milonga giriş ücreti.",400.00,1.000,0.00,400.00,0,0,,"2026-03-24 19:51:39","2026-03-24 19:51:39"
2403,2026-03-21,,24,1,"Netflix abonelik ücreti.",379.99,1.000,0.00,379.99,0,0,,"2026-03-24 20:05:42","2026-03-24 20:05:42"
2404,2026-03-21,,16,1,"50$ hayat sigortası birikimi.",2213.92,1.000,0.00,2213.92,0,0,,"2026-03-24 20:07:26","2026-03-24 20:07:26"
2405,2026-03-25,,16,1,"Babil'in en zengin insanı kitabından esinlenerek gelirlerimin 10'da 1'ini ayırdığım hesaba transfer.",205.00,1.000,0.00,205.00,0,0,,"2026-03-25 13:59:10","2026-03-25 14:23:17"
2406,2026-03-25,,8,1,"Market alışverişi",333.30,1.000,0.00,333.30,0,0,,"2026-03-26 06:02:01","2026-03-26 06:02:01"
2407,2026-03-25,,8,1,"Galata ve simit",150.00,1.000,0.00,150.00,0,0,,"2026-03-26 06:02:41","2026-03-26 06:02:41"
2408,2026-03-26,,16,1,"Babil'in en zengin insanı kitabından esinlenerek gelirlerimin 10'da 1'ini ayırdığım hesaba transfer.",660.00,1.000,0.00,660.00,0,0,,"2026-03-26 18:59:05","2026-03-26 18:59:05"
2409,2026-03-26,,21,1,"Milonga Soho giriş ücreti",400.00,1.000,0.00,400.00,0,0,,"2026-03-27 07:07:37","2026-03-27 07:07:37"
2410,2026-03-27,,16,1,"Babil'in en zengin insanı kitabından esinlenerek gelirlerimin 10'da 1'ini ayırdığım hesaba transfer.",1520.00,1.000,0.00,1520.00,0,0,,"2026-03-27 19:57:51","2026-03-27 19:57:51"
2411,2026-03-27,,8,1,"Market alışverişi.",2123.30,1.000,0.00,2123.30,0,0,,"2026-03-27 20:01:53","2026-03-27 20:01:53"
2412,2026-03-28,,17,1,"Bir tabağına ortak oldum. G?",2000.00,1.000,0.00,2000.00,0,0,,"2026-03-29 22:33:01","2026-03-29 22:33:07"
2413,2026-03-29,,15,1,"Hasta ziyareti için meyve suyu.",118.00,1.000,0.00,118.00,0,0,,"2026-03-30 11:55:58","2026-03-30 11:55:58"
2414,2026-03-27,,15,1,"Akmeşe Camisine bağış.",30.00,1.000,0.00,30.00,0,0,,"2026-03-30 11:56:30","2026-03-30 11:56:30"
2415,2026-03-27,,1,1,"47,72lt x 62,89₺",3001.11,1.000,500.19,3501.30,1,0,,"2026-03-30 13:24:02","2026-03-30 13:24:02"
2416,2026-03-25,,2,1,"krovasan soda.",150.00,1.000,13.64,163.64,1,0,,"2026-03-30 13:25:39","2026-03-30 13:25:39"
2417,2026-03-20,,8,1,"abur cubur",323.40,1.000,0.00,323.40,0,0,,"2026-03-30 13:36:06","2026-03-30 13:36:06"
2418,2026-03-29,,16,1,"AFA fonu için haftalık transfer.",700.00,1.000,0.00,700.00,0,0,,"2026-03-30 13:42:32","2026-03-30 13:42:32"
2419,2026-03-29,,16,1,"otomatik yatırım.",1947.01,1.000,0.00,1947.01,0,0,,"2026-03-30 13:43:17","2026-03-30 13:43:17"
2420,2026-03-26,,24,1,"Muhasebeci ücreti",2000.00,1.000,333.33,2333.33,1,0,,"2026-03-30 13:44:25","2026-03-30 13:44:25"
2421,2026-03-26,,20,1,"Devlete ödenen KDV vergisi.",791.00,1.000,0.00,791.00,0,0,,"2026-03-30 13:44:49","2026-03-30 13:44:49"
2422,2026-03-26,,20,1,"Devlete ödenen Yıllık Vergi",1483.70,1.000,0.00,1483.70,0,0,,"2026-03-30 13:45:46","2026-03-30 13:45:46"
2423,2026-03-26,,16,1,"Bağkur ödemesi",10156.73,1.000,0.00,10156.73,1,0,,"2026-03-30 13:46:07","2026-03-30 13:46:07"
2424,2026-03-27,,24,1,Claude,799.99,1.000,0.00,799.99,0,0,,"2026-03-30 13:49:57","2026-03-30 13:49:57"
2425,2026-03-30,,8,1,"Melike’ye giderken ekmek soda ve aburcubur",252.00,1.000,0.00,252.00,0,0,,"2026-03-31 06:01:58","2026-03-31 06:01:58"
2426,2026-03-31,,8,1,"Abur cubur G?",125.00,1.000,0.00,125.00,0,0,,"2026-04-01 22:26:42","2026-04-01 22:26:42"
2427,2026-03-31,,16,1,"Babil'in en zengin insanı kitabından esinlenerek gelirlerimin 10'da 1'ini ayırdığım hesaba transfer.",20.00,1.000,0.00,20.00,0,0,,"2026-04-01 22:29:50","2026-04-01 22:29:50"
2428,2026-04-03,,2,1,"Green Salad’ta körili tavuk",370.00,1.000,0.00,370.00,1,0,,"2026-04-04 10:07:35","2026-04-04 17:45:00"
2429,2026-04-04,1,1,1,"50,8lt x 63,0₺",3200.40,1.000,533.40,3733.80,1,0,,"2026-04-04 18:06:21","2026-04-04 18:06:21"
2430,2026-04-02,2,21,1,"Milonga giriş ücreti. Kartla çektikleri için 60₺ fark koydular.",460.00,1.000,0.00,460.00,0,0,,"2026-04-04 18:17:18","2026-04-04 18:17:18"
2431,2026-04-03,4,8,1,"Market alışverişi.",381.23,1.000,0.00,381.23,0,0,,"2026-04-04 19:58:30","2026-04-04 19:58:30"
2432,2026-04-04,5,2,1,"Körili tavuk.",370.00,1.000,33.64,403.64,1,0,,"2026-04-04 20:04:07","2026-04-04 20:04:07"
2433,2026-04-06,,8,1,,150.00,1.000,0.00,150.00,0,0,,"2026-04-07 15:26:37","2026-04-07 15:26:37"
2434,2026-04-06,,16,1,"Babil'in en zengin insanı kitabından esinlenerek gelirlerimin 10'da 1'ini ayırdığım hesaba transfer.",150.00,1.000,0.00,150.00,0,0,,"2026-04-07 15:26:38","2026-04-07 15:27:25"
2435,2026-04-07,,16,1,"Babil'in en zengin insanı kitabından esinlenerek gelirlerimin 10'da 1'ini ayırdığım hesaba transfer.",675.00,1.000,0.00,675.00,0,0,,"2026-04-07 15:35:15","2026-04-07 15:35:26"
2436,2026-04-07,,19,1,"Tıraş parası",800.00,1.000,0.00,800.00,0,0,,"2026-04-07 18:27:30","2026-04-07 18:27:30"
2437,2026-04-07,,15,1,"Şöför Mehmet’e 1 bira borcumu ödedim.",230.00,1.000,0.00,230.00,0,0,,"2026-04-07 18:28:34","2026-04-07 18:28:34"
2438,2026-04-07,,8,1,"1,5 pilav üstü tavuk.",150.00,1.000,0.00,150.00,0,0,,"2026-04-07 18:29:19","2026-04-07 18:29:19"
2439,2026-04-07,,2,1,"Bitter çikolata.",289.80,1.000,26.35,316.15,1,0,,"2026-04-07 18:33:12","2026-04-07 18:36:15"
2440,2026-04-07,7,2,1,"Nazlı ile öğle yemeği döner.",270.00,1.000,24.55,294.55,1,0,,"2026-04-07 18:35:58","2026-04-07 18:35:58"
2441,2026-04-10,11,16,1,"Babil'in en zengin insanı kitabından esinlenerek gelirlerimin 10'da 1'ini ayırdığım hesaba transfer.",2085.00,1.000,0.00,2085.00,0,0,,"2026-04-10 14:42:45","2026-04-15 12:41:01"
2442,2026-04-11,,21,1,"Orkidem için saksı ve toprak.",350.00,1.000,0.00,350.00,0,0,,"2026-04-11 04:33:01","2026-04-11 04:33:01"
2443,2026-04-11,8,8,1,"Market alışverişi.",2437.23,1.000,0.00,2437.23,0,0,,"2026-04-11 04:33:36","2026-04-11 04:33:36"
2444,2026-04-08,10,21,1,"Qerida giriş ücreti.",400.00,1.000,0.00,400.00,0,0,,"2026-04-11 09:15:01","2026-04-15 12:41:13"
2445,2026-04-13,1,1,1,"45,95lt x 63,01₺",2895.31,1.000,482.55,3377.86,1,0,,"2026-04-15 12:27:53","2026-04-15 12:42:23"
2446,2026-04-13,11,16,1,"Babil'in en zengin insanı kitabından esinlenerek gelirlerimin 10'da 1'ini ayırdığım hesaba transfer.",3525.00,1.000,0.00,3525.00,0,0,,"2026-04-15 12:33:47","2026-04-15 12:40:45"
2447,2026-04-13,9,16,1,"otomatik yatırım.",1820.00,1.000,0.00,1820.00,0,0,,"2026-04-15 12:36:15","2026-04-15 12:39:03"
2448,2026-04-06,9,16,1,"otomatik yatırım.",1820.00,1.000,0.00,1820.00,0,0,,"2026-04-15 12:37:38","2026-04-15 12:39:14"
2449,2026-04-15,10,21,1,"Qerida giriş ücreti.",400.00,1.000,0.00,400.00,0,0,,"2026-04-15 17:46:08","2026-04-17 09:58:22"
2450,2026-04-17,,8,1,Aburcubur.,107.00,1.000,0.00,107.00,0,0,,"2026-04-17 09:55:38","2026-04-17 09:55:38"
2451,2026-04-16,18,8,1,"Değişimlik spor ayakkabı.",504.99,1.000,0.00,504.99,0,0,,"2026-04-17 09:56:59","2026-04-20 20:38:00"
2452,2026-04-16,13,8,1,"Market alışverişi",308.55,1.000,0.00,308.55,0,0,,"2026-04-17 09:58:01","2026-04-17 09:58:01"
2453,2026-04-19,9,16,1,"otomatik yatırım.",1820.00,1.000,0.00,1820.00,0,0,,"2026-04-19 12:01:41","2026-04-20 09:24:44"
2454,2026-04-19,11,16,1,"Babil'in en zengin insanı kitabından esinlenerek gelirlerimin 10'da 1'ini ayırdığım hesaba transfer.",900.00,1.000,0.00,900.00,0,0,,"2026-04-19 12:02:18","2026-04-19 12:02:38"
2455,2026-04-19,14,2,1,"Filiz'in doğum günü için boşveer ekibine akşam yemeği burger ısmarladım. (White Burger)",1963.00,1.000,178.45,2141.45,1,0,,"2026-04-20 09:21:34","2026-04-20 09:21:34"
2456,2026-04-20,15,1,1,"47,54lt x 63,11₺",3000.25,1.000,500.04,3500.29,1,0,,"2026-04-20 20:21:41","2026-04-20 20:21:41"
2457,2026-04-20,16,29,1,"2 Çıkmaz kalem.",220.00,1.000,36.67,256.67,1,0,,"2026-04-20 20:25:22","2026-04-20 20:25:22"
2458,2026-04-20,17,2,1,"Babamla akşam yemeği. Babam ödedi.",395.00,1.000,35.91,430.91,1,1,,"2026-04-20 20:30:02","2026-04-20 20:30:15"
2459,2026-04-20,,14,1,,13109.03,1.000,0.00,13109.03,1,0,,"2026-04-20 23:58:44","2026-04-20 23:59:00"
2460,2026-04-21,11,16,1,"Babil'in en zengin insanı kitabından esinlenerek gelirlerimin 10'da 1'ini ayırdığım hesaba transfer.",250.00,1.000,0.00,250.00,0,0,,"2026-04-21 12:25:49","2026-04-21 12:26:02"
2461,2026-04-21,8,8,1,"Market alışverişi.",799.74,1.000,0.00,799.74,0,0,,"2026-04-22 11:17:45","2026-04-22 11:17:45"
2462,2026-04-22,20,8,1,"Nazlı ile Maide'de kahvaltı.",1075.00,1.000,97.73,1172.73,1,0,,"2026-04-22 16:43:32","2026-04-22 16:43:32"
